_id,SlNo,Station,Agency,State LGD Code,State,District LGD Code,District,Tehsil,Block,Village,River,Basin,Tributary,Subtributary,SubSubtributary,Local River,Latitude,Longitude,RL_MSL,Data Acquisition Time,Groundwater Level Quarterly Manual (meter)
1,1,Aarda Boratha,CGWB,24,Gujarat,459,Surat,NIZAR,NIZAR,Aarda Boratha,-,-,-,-,-,-,21.48750000,74.11500000,,30-05-2022 06:00,8.58
2,2,Abhapur,CGWB,24,Gujarat,458,Sabarkantha,VIJAYNAGAR,VIJAYNAGAR,Abhapur,-,-,-,-,-,-,23.96416667,73.25805556,,10-01-2021 00:00,6.1
3,3,Abhapur,CGWB,24,Gujarat,458,Sabarkantha,VIJAYNAGAR,VIJAYNAGAR,Abhapur,-,-,-,-,-,-,23.96416667,73.25805556,,31-08-2021 06:00,7.47
4,4,Abhapur,CGWB,24,Gujarat,458,Sabarkantha,VIJAYNAGAR,VIJAYNAGAR,Abhapur,-,-,-,-,-,-,23.96416667,73.25805556,,30-11-2021 06:00,7.28
5,5,Abhapur,CGWB,24,Gujarat,458,Sabarkantha,VIJAYNAGAR,VIJAYNAGAR,Abhapur,-,-,-,-,-,-,23.96416667,73.25805556,,30-01-2022 07:00,7.3
6,6,Abhapur,CGWB,24,Gujarat,458,Sabarkantha,VIJAYNAGAR,VIJAYNAGAR,Abhapur,-,-,-,-,-,-,23.96416667,73.25805556,,30-05-2022 06:00,6.85
7,7,Abhapur,CGWB,24,Gujarat,458,Sabarkantha,VIJAYNAGAR,VIJAYNAGAR,Abhapur,-,-,-,-,-,-,23.96416667,73.25805556,,30-08-2022 06:00,3.3
8,8,Abhapur,CGWB,24,Gujarat,458,Sabarkantha,VIJAYNAGAR,VIJAYNAGAR,Abhapur,-,-,-,-,-,-,23.96416667,73.25805556,,10-11-2022 06:00,6.1
9,9,Abhapur,CGWB,24,Gujarat,458,Sabarkantha,VIJAYNAGAR,VIJAYNAGAR,Abhapur,-,-,-,-,-,-,23.96416667,73.25805556,,10-01-2023 18:00,6.75
10,10,Abhapur,CGWB,24,Gujarat,458,Sabarkantha,VIJAYNAGAR,VIJAYNAGAR,Abhapur,-,-,-,-,-,-,23.96416667,73.25805556,,30-05-2023 10:00,7.4500003
11,11,Abrama,CGWB,24,Gujarat,453,Navsari,JALALPORE,JALALPORE,Abrama,-,-,-,-,-,-,20.86250000,72.90000000,,10-01-2021 00:00,1.05
12,12,Abrama,CGWB,24,Gujarat,453,Navsari,JALALPORE,JALALPORE,Abrama,-,-,-,-,-,-,20.86250000,72.90000000,,31-08-2021 06:00,1.26
13,13,Abrama,CGWB,24,Gujarat,453,Navsari,JALALPORE,JALALPORE,Abrama,-,-,-,-,-,-,20.86250000,72.90000000,,30-11-2021 06:00,0.8
14,14,Abrama,CGWB,24,Gujarat,453,Navsari,JALALPORE,JALALPORE,Abrama,-,-,-,-,-,-,20.86250000,72.90000000,,30-01-2022 07:00,0.9
15,15,Abrama,CGWB,24,Gujarat,453,Navsari,JALALPORE,JALALPORE,Abrama,-,-,-,-,-,-,20.86250000,72.90000000,,30-05-2022 06:00,4.22
16,16,Abrama,CGWB,24,Gujarat,453,Navsari,JALALPORE,JALALPORE,Abrama,-,-,-,-,-,-,20.86250000,72.90000000,,30-08-2022 06:00,0.08
17,17,Abrama,CGWB,24,Gujarat,453,Navsari,JALALPORE,JALALPORE,Abrama,-,-,-,-,-,-,20.86250000,72.90000000,,10-11-2022 06:00,0.9
18,18,Abrama,CGWB,24,Gujarat,453,Navsari,JALALPORE,JALALPORE,Abrama,-,-,-,-,-,-,20.86250000,72.90000000,,30-05-2023 10:00,2.1499999
19,19,Abrama,CGWB,24,Gujarat,453,Navsari,JALALPORE,JALALPORE,Abrama,-,-,-,-,-,-,20.86250000,72.90000000,,30-08-2023 18:00,0.7
20,20,Adalaj_Pz_I,CGWB,24,Gujarat,446,Gandhinagar,GANDHINAGAR,GANDHINAGAR,Adalaj,-,-,-,-,-,-,23.17500000,72.55833333,,10-01-2021 00:00,139.63
21,21,Adalaj_Pz_I,CGWB,24,Gujarat,446,Gandhinagar,GANDHINAGAR,GANDHINAGAR,Adalaj,-,-,-,-,-,-,23.17500000,72.55833333,,31-08-2021 06:00,107.23
22,22,Adalaj_Pz_I,CGWB,24,Gujarat,446,Gandhinagar,GANDHINAGAR,GANDHINAGAR,Adalaj,-,-,-,-,-,-,23.17500000,72.55833333,,30-11-2021 06:00,109.4
23,23,Adalaj_Pz_I,CGWB,24,Gujarat,446,Gandhinagar,GANDHINAGAR,GANDHINAGAR,Adalaj,-,-,-,-,-,-,23.17500000,72.55833333,,30-01-2022 07:00,109.95
24,24,Adalaj_Pz_I,CGWB,24,Gujarat,446,Gandhinagar,GANDHINAGAR,GANDHINAGAR,Adalaj,-,-,-,-,-,-,23.17500000,72.55833333,,30-05-2022 06:00,113.4
25,25,Adalaj_Pz_I,CGWB,24,Gujarat,446,Gandhinagar,GANDHINAGAR,GANDHINAGAR,Adalaj,-,-,-,-,-,-,23.17500000,72.55833333,,30-08-2022 06:00,107.53
26,26,Adalaj_Pz_I,CGWB,24,Gujarat,446,Gandhinagar,GANDHINAGAR,GANDHINAGAR,Adalaj,-,-,-,-,-,-,23.17500000,72.55833333,,10-11-2022 06:00,107.85
27,27,Adalaj_Pz_I,CGWB,24,Gujarat,446,Gandhinagar,GANDHINAGAR,GANDHINAGAR,Adalaj,-,-,-,-,-,-,23.17500000,72.55833333,,10-01-2023 18:00,110.77
28,28,Adalaj_Pz_I,CGWB,24,Gujarat,446,Gandhinagar,GANDHINAGAR,GANDHINAGAR,Adalaj,-,-,-,-,-,-,23.17500000,72.55833333,,30-05-2023 10:00,119.4
29,29,Adalaj_Pz_II,CGWB,24,Gujarat,446,Gandhinagar,GANDHINAGAR,GANDHINAGAR,Adalaj,-,-,-,-,-,-,23.17500000,72.55833333,,10-01-2021 00:00,93.92
30,30,Adalaj_Pz_II,CGWB,24,Gujarat,446,Gandhinagar,GANDHINAGAR,GANDHINAGAR,Adalaj,-,-,-,-,-,-,23.17500000,72.55833333,,31-08-2021 06:00,90.63
31,31,Adalaj_Pz_II,CGWB,24,Gujarat,446,Gandhinagar,GANDHINAGAR,GANDHINAGAR,Adalaj,-,-,-,-,-,-,23.17500000,72.55833333,,30-11-2021 06:00,90.8
32,32,Adalaj_Pz_II,CGWB,24,Gujarat,446,Gandhinagar,GANDHINAGAR,GANDHINAGAR,Adalaj,-,-,-,-,-,-,23.17500000,72.55833333,,30-01-2022 07:00,90.68
33,33,Adalaj_Pz_II,CGWB,24,Gujarat,446,Gandhinagar,GANDHINAGAR,GANDHINAGAR,Adalaj,-,-,-,-,-,-,23.17500000,72.55833333,,30-05-2022 06:00,94.35
34,34,Adalaj_Pz_II,CGWB,24,Gujarat,446,Gandhinagar,GANDHINAGAR,GANDHINAGAR,Adalaj,-,-,-,-,-,-,23.17500000,72.55833333,,30-08-2022 06:00,88.06
35,35,Adalaj_Pz_II,CGWB,24,Gujarat,446,Gandhinagar,GANDHINAGAR,GANDHINAGAR,Adalaj,-,-,-,-,-,-,23.17500000,72.55833333,,10-11-2022 06:00,88.48
36,36,Adalaj_Pz_II,CGWB,24,Gujarat,446,Gandhinagar,GANDHINAGAR,GANDHINAGAR,Adalaj,-,-,-,-,-,-,23.17500000,72.55833333,,10-01-2023 18:00,92.65
37,37,Adalaj_Pz_II,CGWB,24,Gujarat,446,Gandhinagar,GANDHINAGAR,GANDHINAGAR,Adalaj,-,-,-,-,-,-,23.17500000,72.55833333,,30-05-2023 10:00,92.18
38,38,Adalaj_Pz_III,CGWB,24,Gujarat,446,Gandhinagar,GANDHINAGAR,GANDHINAGAR,Adalaj,-,-,-,-,-,-,23.17500000,72.55833333,,31-08-2021 06:00,25.96
39,39,Adalaj_Pz_III,CGWB,24,Gujarat,446,Gandhinagar,GANDHINAGAR,GANDHINAGAR,Adalaj,-,-,-,-,-,-,23.17500000,72.55833333,,30-11-2021 06:00,24.87
40,40,Adalaj_Pz_III,CGWB,24,Gujarat,446,Gandhinagar,GANDHINAGAR,GANDHINAGAR,Adalaj,-,-,-,-,-,-,23.17500000,72.55833333,,30-01-2022 07:00,24.1
41,41,Adalaj_Pz_III,CGWB,24,Gujarat,446,Gandhinagar,GANDHINAGAR,GANDHINAGAR,Adalaj,-,-,-,-,-,-,23.17500000,72.55833333,,30-05-2022 06:00,25.12
42,42,Adalaj_Pz_III,CGWB,24,Gujarat,446,Gandhinagar,GANDHINAGAR,GANDHINAGAR,Adalaj,-,-,-,-,-,-,23.17500000,72.55833333,,30-08-2022 06:00,22.22
43,43,Adalaj_Pz_III,CGWB,24,Gujarat,446,Gandhinagar,GANDHINAGAR,GANDHINAGAR,Adalaj,-,-,-,-,-,-,23.17500000,72.55833333,,10-11-2022 06:00,22.57
44,44,Adalaj_Pz_III,CGWB,24,Gujarat,446,Gandhinagar,GANDHINAGAR,GANDHINAGAR,Adalaj,-,-,-,-,-,-,23.17500000,72.55833333,,10-01-2023 18:00,24.88
45,45,Adalaj_Pz_III,CGWB,24,Gujarat,446,Gandhinagar,GANDHINAGAR,GANDHINAGAR,Adalaj,-,-,-,-,-,-,23.17500000,72.55833333,,30-05-2023 10:00,34.140003
46,46,Adas_DW,CGWB,24,Gujarat,440,Anand,ANAND,ANAND,Adas,-,-,-,-,-,-,22.47861111,73.03027778,,10-01-2021 00:00,24.2
47,47,Adas_DW,CGWB,24,Gujarat,440,Anand,ANAND,ANAND,Adas,-,-,-,-,-,-,22.47861111,73.03027778,,31-08-2021 06:00,18.77
48,48,Adas_DW,CGWB,24,Gujarat,440,Anand,ANAND,ANAND,Adas,-,-,-,-,-,-,22.47861111,73.03027778,,30-11-2021 06:00,22
49,49,Adas_DW,CGWB,24,Gujarat,440,Anand,ANAND,ANAND,Adas,-,-,-,-,-,-,22.47861111,73.03027778,,30-01-2022 07:00,20.77
50,50,Adas_DW,CGWB,24,Gujarat,440,Anand,ANAND,ANAND,Adas,-,-,-,-,-,-,22.47861111,73.03027778,,30-05-2022 06:00,23.55
51,51,Adas_DW,CGWB,24,Gujarat,440,Anand,ANAND,ANAND,Adas,-,-,-,-,-,-,22.47861111,73.03027778,,30-08-2022 06:00,25.2
52,52,Adas_DW,CGWB,24,Gujarat,440,Anand,ANAND,ANAND,Adas,-,-,-,-,-,-,22.47861111,73.03027778,,10-11-2022 06:00,25.8
53,53,Adas_DW,CGWB,24,Gujarat,440,Anand,ANAND,ANAND,Adas,-,-,-,-,-,-,22.47861111,73.03027778,,01-01-2023 00:00,26.13
54,54,Adas_DW,CGWB,24,Gujarat,440,Anand,ANAND,ANAND,Adas,-,-,-,-,-,-,22.47861111,73.03027778,,30-05-2023 10:00,22.300001
55,55,Adesar (Pond),CGWB,24,Gujarat,449,Kachchh,RAPAR,RAPAR,Adesar,-,-,-,-,-,-,23.55000000,70.98333333,,30-08-2022 06:00,3.6
56,56,Adityana,CGWB,24,Gujarat,456,Porbandar,RANAVAV,RANAVAV,Adityana,-,-,-,-,-,-,21.70861111,69.71083333,,10-01-2021 00:00,5.82
57,57,Adityana,CGWB,24,Gujarat,456,Porbandar,RANAVAV,RANAVAV,Adityana,-,-,-,-,-,-,21.70861111,69.71083333,,31-08-2021 06:00,7.89
58,58,Adityana,CGWB,24,Gujarat,456,Porbandar,RANAVAV,RANAVAV,Adityana,-,-,-,-,-,-,21.70861111,69.71083333,,30-11-2021 06:00,5.71
59,59,Adityana,CGWB,24,Gujarat,456,Porbandar,RANAVAV,RANAVAV,Adityana,-,-,-,-,-,-,21.70861111,69.71083333,,30-01-2022 07:00,6.13
60,60,Adityana,CGWB,24,Gujarat,456,Porbandar,RANAVAV,RANAVAV,Adityana,-,-,-,-,-,-,21.70861111,69.71083333,,30-05-2022 06:00,9.07
61,61,Adityana,CGWB,24,Gujarat,456,Porbandar,RANAVAV,RANAVAV,Adityana,-,-,-,-,-,-,21.70861111,69.71083333,,30-08-2022 06:00,4.45
62,62,Adityana,CGWB,24,Gujarat,456,Porbandar,RANAVAV,RANAVAV,Adityana,-,-,-,-,-,-,21.70861111,69.71083333,,10-11-2022 06:00,5.59
63,63,Adityana,CGWB,24,Gujarat,456,Porbandar,RANAVAV,RANAVAV,Adityana,-,-,-,-,-,-,21.70861111,69.71083333,,30-05-2023 10:00,9.299999
64,64,Adriyana,CGWB,24,Gujarat,460,Surendranagar,DASADA,DASADA,Adriyana,-,-,-,-,-,-,23.42500000,71.70833333,,30-05-2023 10:00,3.17
65,65,Adwana2,CGWB,24,Gujarat,456,Porbandar,PORBANDAR,PORBANDAR,Adwana,-,-,-,-,-,-,21.91666667,69.60000000,,10-01-2021 00:00,9.09
66,66,Adwana2,CGWB,24,Gujarat,456,Porbandar,PORBANDAR,PORBANDAR,Adwana,-,-,-,-,-,-,21.91666667,69.60000000,,31-08-2021 06:00,8.28
67,67,Adwana2,CGWB,24,Gujarat,456,Porbandar,PORBANDAR,PORBANDAR,Adwana,-,-,-,-,-,-,21.91666667,69.60000000,,30-11-2021 06:00,5.1
68,68,Adwana2,CGWB,24,Gujarat,456,Porbandar,PORBANDAR,PORBANDAR,Adwana,-,-,-,-,-,-,21.91666667,69.60000000,,30-01-2022 07:00,9.48
69,69,Adwana2,CGWB,24,Gujarat,456,Porbandar,PORBANDAR,PORBANDAR,Adwana,-,-,-,-,-,-,21.91666667,69.60000000,,30-05-2022 06:00,12.11
70,70,Adwana2,CGWB,24,Gujarat,456,Porbandar,PORBANDAR,PORBANDAR,Adwana,-,-,-,-,-,-,21.91666667,69.60000000,,30-08-2022 06:00,4.7
71,71,Adwana2,CGWB,24,Gujarat,456,Porbandar,PORBANDAR,PORBANDAR,Adwana,-,-,-,-,-,-,21.91666667,69.60000000,,10-11-2022 06:00,8.89
72,72,Adwana2,CGWB,24,Gujarat,456,Porbandar,PORBANDAR,PORBANDAR,Adwana,-,-,-,-,-,-,21.91666667,69.60000000,,30-05-2023 10:00,12.47
73,73,Agar_Pz,CGWB,24,Gujarat,452,Narmada,TILAKWADA,TILAKWADA,Agar,-,-,-,-,-,-,22.03055556,73.65277778,,30-08-2022 06:00,6
74,74,Agar(Rep)_Pz,CGWB,24,Gujarat,452,Narmada,TILAKWADA,TILAKWADA,Agar,-,-,-,-,-,-,22.03111111,73.65666667,,10-01-2021 00:00,11.05
75,75,Agar(Rep)_Pz,CGWB,24,Gujarat,452,Narmada,TILAKWADA,TILAKWADA,Agar,-,-,-,-,-,-,22.03111111,73.65666667,,31-08-2021 06:00,10.58
76,76,Agar(Rep)_Pz,CGWB,24,Gujarat,452,Narmada,TILAKWADA,TILAKWADA,Agar,-,-,-,-,-,-,22.03111111,73.65666667,,30-11-2021 06:00,8.76
77,77,Agar(Rep)_Pz,CGWB,24,Gujarat,452,Narmada,TILAKWADA,TILAKWADA,Agar,-,-,-,-,-,-,22.03111111,73.65666667,,30-01-2022 07:00,8.99
78,78,Agar(Rep)_Pz,CGWB,24,Gujarat,452,Narmada,TILAKWADA,TILAKWADA,Agar,-,-,-,-,-,-,22.03111111,73.65666667,,30-05-2022 06:00,12.66
79,79,Agar(Rep)_Pz,CGWB,24,Gujarat,452,Narmada,TILAKWADA,TILAKWADA,Agar,-,-,-,-,-,-,22.03111111,73.65666667,,10-11-2022 06:00,8.9
80,80,Agar(Rep)_Pz,CGWB,24,Gujarat,452,Narmada,TILAKWADA,TILAKWADA,Agar,-,-,-,-,-,-,22.03111111,73.65666667,,30-05-2023 10:00,14.82
81,81,Aherdi,CGWB,24,Gujarat,444,Dang,The dangs,The dangs,Aherdi,-,-,-,-,-,-,20.69166667,73.61666667,,10-01-2021 00:00,1.68
82,82,Aherdi,CGWB,24,Gujarat,444,Dang,The dangs,The dangs,Aherdi,-,-,-,-,-,-,20.69166667,73.61666667,,31-08-2021 06:00,2.66
83,83,Aherdi,CGWB,24,Gujarat,444,Dang,The dangs,The dangs,Aherdi,-,-,-,-,-,-,20.69166667,73.61666667,,30-11-2021 06:00,3.25
84,84,Aherdi,CGWB,24,Gujarat,444,Dang,The dangs,The dangs,Aherdi,-,-,-,-,-,-,20.69166667,73.61666667,,30-01-2022 07:00,3.6
85,85,Aherdi,CGWB,24,Gujarat,444,Dang,The dangs,The dangs,Aherdi,-,-,-,-,-,-,20.69166667,73.61666667,,30-05-2022 06:00,4.67
86,86,Aherdi,CGWB,24,Gujarat,444,Dang,The dangs,The dangs,Aherdi,-,-,-,-,-,-,20.69166667,73.61666667,,30-08-2022 06:00,0.55
87,87,Aherdi,CGWB,24,Gujarat,444,Dang,The dangs,The dangs,Aherdi,-,-,-,-,-,-,20.69166667,73.61666667,,10-11-2022 06:00,1.55
88,88,Aherdi,CGWB,24,Gujarat,444,Dang,The dangs,The dangs,Aherdi,-,-,-,-,-,-,20.69166667,73.61666667,,30-05-2023 10:00,10.55
89,89,Aherdi,CGWB,24,Gujarat,444,Dang,The dangs,The dangs,Aherdi,-,-,-,-,-,-,20.69166667,73.61666667,,30-08-2023 18:00,2.35
90,90,Ahwa1,CGWB,24,Gujarat,444,Dang,The dangs,The dangs,Ahwa,-,-,-,-,-,-,20.75833333,73.68333333,,10-01-2021 00:00,1.18
91,91,Ahwa1,CGWB,24,Gujarat,444,Dang,The dangs,The dangs,Ahwa,-,-,-,-,-,-,20.75833333,73.68333333,,31-08-2021 06:00,2.06
92,92,Ahwa1,CGWB,24,Gujarat,444,Dang,The dangs,The dangs,Ahwa,-,-,-,-,-,-,20.75833333,73.68333333,,30-11-2021 06:00,1
93,93,Ahwa1,CGWB,24,Gujarat,444,Dang,The dangs,The dangs,Ahwa,-,-,-,-,-,-,20.75833333,73.68333333,,30-01-2022 07:00,1.1
94,94,Ahwa1,CGWB,24,Gujarat,444,Dang,The dangs,The dangs,Ahwa,-,-,-,-,-,-,20.75833333,73.68333333,,30-05-2022 06:00,5
95,95,Ahwa1,CGWB,24,Gujarat,444,Dang,The dangs,The dangs,Ahwa,-,-,-,-,-,-,20.75833333,73.68333333,,30-08-2022 06:00,0.6
96,96,Ahwa1,CGWB,24,Gujarat,444,Dang,The dangs,The dangs,Ahwa,-,-,-,-,-,-,20.75833333,73.68333333,,10-11-2022 06:00,1.05
97,97,Ahwa1,CGWB,24,Gujarat,444,Dang,The dangs,The dangs,Ahwa,-,-,-,-,-,-,20.75833333,73.68333333,,30-05-2023 10:00,3.8999999
98,98,Ahwa1,CGWB,24,Gujarat,444,Dang,The dangs,The dangs,Ahwa,-,-,-,-,-,-,20.75833333,73.68333333,,30-08-2023 18:00,0.84999996
99,99,Ahwa_Pz,CGWB,24,Gujarat,444,Dang,The dangs,The dangs,Ahwa,-,-,-,-,-,-,20.75888889,73.68611111,,10-01-2021 00:00,2.38
100,100,Ahwa_Pz,CGWB,24,Gujarat,444,Dang,The dangs,The dangs,Ahwa,-,-,-,-,-,-,20.75888889,73.68611111,,30-01-2022 07:00,2.15
101,101,Ahwa_Pz,CGWB,24,Gujarat,444,Dang,The dangs,The dangs,Ahwa,-,-,-,-,-,-,20.75888889,73.68611111,,30-05-2022 06:00,2.62
102,102,Ahwa_Pz,CGWB,24,Gujarat,444,Dang,The dangs,The dangs,Ahwa,-,-,-,-,-,-,20.75888889,73.68611111,,10-11-2022 06:00,1.6
103,103,Ahwa_Pz,CGWB,24,Gujarat,444,Dang,The dangs,The dangs,Ahwa,-,-,-,-,-,-,20.75888889,73.68611111,,30-05-2023 10:00,2.48
104,104,Ajotha,CGWB,24,Gujarat,448,Junagadh,VERAVAL,VERAVAL,Ajotha,-,-,-,-,-,-,20.90194444,70.51805556,,10-01-2021 00:00,4.41
105,105,Ajotha,CGWB,24,Gujarat,448,Junagadh,VERAVAL,VERAVAL,Ajotha,-,-,-,-,-,-,20.90194444,70.51805556,,30-11-2021 06:00,4.57
106,106,Ajotha,CGWB,24,Gujarat,448,Junagadh,VERAVAL,VERAVAL,Ajotha,-,-,-,-,-,-,20.90194444,70.51805556,,30-05-2022 06:00,12.53
107,107,Ajotha,CGWB,24,Gujarat,448,Junagadh,VERAVAL,VERAVAL,Ajotha,-,-,-,-,-,-,20.90194444,70.51805556,,30-08-2022 06:00,0.1
108,108,Ajotha,CGWB,24,Gujarat,448,Junagadh,VERAVAL,VERAVAL,Ajotha,-,-,-,-,-,-,20.90194444,70.51805556,,10-11-2022 06:00,5.99
109,109,Ajotha,CGWB,24,Gujarat,448,Junagadh,VERAVAL,VERAVAL,Ajotha,-,-,-,-,-,-,20.90194444,70.51805556,,30-05-2023 10:00,16.24
110,110,Alina,CGWB,24,Gujarat,450,Kheda,MAHUDHA,MAHUDHA,Alina,-,-,-,-,-,-,22.80833333,73.05833333,,10-01-2021 00:00,8.47
111,111,Alina,CGWB,24,Gujarat,450,Kheda,MAHUDHA,MAHUDHA,Alina,-,-,-,-,-,-,22.80833333,73.05833333,,31-08-2021 06:00,8.7
112,112,Alina,CGWB,24,Gujarat,450,Kheda,MAHUDHA,MAHUDHA,Alina,-,-,-,-,-,-,22.80833333,73.05833333,,30-11-2021 06:00,15.14
113,113,Alina,CGWB,24,Gujarat,450,Kheda,MAHUDHA,MAHUDHA,Alina,-,-,-,-,-,-,22.80833333,73.05833333,,30-01-2022 07:00,8.6
114,114,Alina,CGWB,24,Gujarat,450,Kheda,MAHUDHA,MAHUDHA,Alina,-,-,-,-,-,-,22.80833333,73.05833333,,30-05-2022 06:00,15.3
115,115,Alina,CGWB,24,Gujarat,450,Kheda,MAHUDHA,MAHUDHA,Alina,-,-,-,-,-,-,22.80833333,73.05833333,,30-08-2022 06:00,16.7
116,116,Alina,CGWB,24,Gujarat,450,Kheda,MAHUDHA,MAHUDHA,Alina,-,-,-,-,-,-,22.80833333,73.05833333,,10-11-2022 06:00,16.78
117,117,Alina,CGWB,24,Gujarat,450,Kheda,MAHUDHA,MAHUDHA,Alina,-,-,-,-,-,-,22.80833333,73.05833333,,10-01-2023 18:00,11.6
118,118,Alina,CGWB,24,Gujarat,450,Kheda,MAHUDHA,MAHUDHA,Alina,-,-,-,-,-,-,22.80833333,73.05833333,,30-05-2023 10:00,12.41
119,119,Alindra,CGWB,24,Gujarat,450,Kheda,NADIAD,NADIAD,Alindra,-,-,-,-,-,-,22.70083333,72.97666667,,10-01-2021 00:00,11.03
120,120,Alindra,CGWB,24,Gujarat,450,Kheda,NADIAD,NADIAD,Alindra,-,-,-,-,-,-,22.70083333,72.97666667,,31-08-2021 06:00,10.58
121,121,Alindra,CGWB,24,Gujarat,450,Kheda,NADIAD,NADIAD,Alindra,-,-,-,-,-,-,22.70083333,72.97666667,,30-11-2021 06:00,9.64
122,122,Alindra,CGWB,24,Gujarat,450,Kheda,NADIAD,NADIAD,Alindra,-,-,-,-,-,-,22.70083333,72.97666667,,30-01-2022 07:00,9.6
123,123,Alindra,CGWB,24,Gujarat,450,Kheda,NADIAD,NADIAD,Alindra,-,-,-,-,-,-,22.70083333,72.97666667,,30-05-2022 06:00,11.8
124,124,Alindra,CGWB,24,Gujarat,450,Kheda,NADIAD,NADIAD,Alindra,-,-,-,-,-,-,22.70083333,72.97666667,,30-08-2022 06:00,7.41
125,125,Alindra,CGWB,24,Gujarat,450,Kheda,NADIAD,NADIAD,Alindra,-,-,-,-,-,-,22.70083333,72.97666667,,10-11-2022 06:00,7.28
126,126,Alladpur,CGWB,24,Gujarat,461,Vadodara,SANKHEDA,SANKHEDA,Alladpur,-,-,-,-,-,-,22.25000000,73.71666667,,10-01-2021 00:00,10.43
127,127,Alladpur,CGWB,24,Gujarat,461,Vadodara,SANKHEDA,SANKHEDA,Alladpur,-,-,-,-,-,-,22.25000000,73.71666667,,31-08-2021 06:00,10.43
128,128,Alladpur,CGWB,24,Gujarat,461,Vadodara,SANKHEDA,SANKHEDA,Alladpur,-,-,-,-,-,-,22.25000000,73.71666667,,30-11-2021 06:00,10.43
129,129,Alladpur,CGWB,24,Gujarat,461,Vadodara,SANKHEDA,SANKHEDA,Alladpur,-,-,-,-,-,-,22.25000000,73.71666667,,10-11-2022 06:00,5.63
130,130,Alladpur,CGWB,24,Gujarat,461,Vadodara,SANKHEDA,SANKHEDA,Alladpur,-,-,-,-,-,-,22.25000000,73.71666667,,30-05-2023 10:00,7.73
131,131,Allu,CGWB,24,Gujarat,459,Surat,BARDOLI,BARDOLI,Allu,-,-,-,-,-,-,21.06250000,73.19166667,,10-01-2021 00:00,3.9
132,132,Allu,CGWB,24,Gujarat,459,Surat,BARDOLI,BARDOLI,Allu,-,-,-,-,-,-,21.06250000,73.19166667,,31-08-2021 06:00,2.42
133,133,Allu,CGWB,24,Gujarat,459,Surat,BARDOLI,BARDOLI,Allu,-,-,-,-,-,-,21.06250000,73.19166667,,30-11-2021 06:00,4.35
134,134,Allu,CGWB,24,Gujarat,459,Surat,BARDOLI,BARDOLI,Allu,-,-,-,-,-,-,21.06250000,73.19166667,,30-01-2022 07:00,3.3
135,135,Allu,CGWB,24,Gujarat,459,Surat,BARDOLI,BARDOLI,Allu,-,-,-,-,-,-,21.06250000,73.19166667,,30-05-2022 06:00,5.01
136,136,Allu,CGWB,24,Gujarat,459,Surat,BARDOLI,BARDOLI,Allu,-,-,-,-,-,-,21.06250000,73.19166667,,30-08-2022 06:00,2.59
137,137,Allu,CGWB,24,Gujarat,459,Surat,BARDOLI,BARDOLI,Allu,-,-,-,-,-,-,21.06250000,73.19166667,,10-11-2022 06:00,1.28
138,138,Allu,CGWB,24,Gujarat,459,Surat,BARDOLI,BARDOLI,Allu,-,-,-,-,-,-,21.06250000,73.19166667,,30-05-2023 10:00,2.7
139,139,Allu,CGWB,24,Gujarat,459,Surat,BARDOLI,BARDOLI,Allu,-,-,-,-,-,-,21.06250000,73.19166667,,30-08-2023 18:00,3.15
140,140,Almadi,CGWB,24,Gujarat,452,Narmada,DEDIAPADA,DEDIAPADA,Almadi,-,-,-,-,-,-,21.60888889,73.51083333,,10-01-2021 00:00,3.65
141,141,Almadi,CGWB,24,Gujarat,452,Narmada,DEDIAPADA,DEDIAPADA,Almadi,-,-,-,-,-,-,21.60888889,73.51083333,,31-08-2021 06:00,7.35
142,142,Almadi,CGWB,24,Gujarat,452,Narmada,DEDIAPADA,DEDIAPADA,Almadi,-,-,-,-,-,-,21.60888889,73.51083333,,30-11-2021 06:00,7.35
143,143,Almadi,CGWB,24,Gujarat,452,Narmada,DEDIAPADA,DEDIAPADA,Almadi,-,-,-,-,-,-,21.60888889,73.51083333,,30-08-2022 06:00,0.15
144,144,Almadi,CGWB,24,Gujarat,452,Narmada,DEDIAPADA,DEDIAPADA,Almadi,-,-,-,-,-,-,21.60888889,73.51083333,,10-11-2022 06:00,1.58
145,145,Almadi,CGWB,24,Gujarat,452,Narmada,DEDIAPADA,DEDIAPADA,Almadi,-,-,-,-,-,-,21.60888889,73.51083333,,30-05-2023 10:00,6.95
146,146,Alwakampa,CGWB,24,Gujarat,458,Sabarkantha,BAYAD,BAYAD,Alwakampa,-,-,-,-,-,-,23.27472222,73.20833333,,10-01-2021 00:00,9.27
147,147,Alwakampa,CGWB,24,Gujarat,458,Sabarkantha,BAYAD,BAYAD,Alwakampa,-,-,-,-,-,-,23.27472222,73.20833333,,31-08-2021 06:00,7.15
148,148,Alwakampa,CGWB,24,Gujarat,458,Sabarkantha,BAYAD,BAYAD,Alwakampa,-,-,-,-,-,-,23.27472222,73.20833333,,30-01-2022 07:00,13.3
149,149,Alwakampa,CGWB,24,Gujarat,458,Sabarkantha,BAYAD,BAYAD,Alwakampa,-,-,-,-,-,-,23.27472222,73.20833333,,30-05-2022 06:00,12.56
150,150,Alwakampa,CGWB,24,Gujarat,458,Sabarkantha,BAYAD,BAYAD,Alwakampa,-,-,-,-,-,-,23.27472222,73.20833333,,30-08-2022 06:00,1.16
151,151,Alwakampa,CGWB,24,Gujarat,458,Sabarkantha,BAYAD,BAYAD,Alwakampa,-,-,-,-,-,-,23.27472222,73.20833333,,10-01-2023 18:00,1.38
152,152,Alwakampa,CGWB,24,Gujarat,458,Sabarkantha,BAYAD,BAYAD,Alwakampa,-,-,-,-,-,-,23.27472222,73.20833333,,30-05-2023 10:00,10.8
153,153,Alwani,CGWB,24,Gujarat,448,Junagadh,TALALA,TALALA,Alwani,-,-,-,-,-,-,21.23055556,70.63750000,,10-01-2021 00:00,0.68
154,154,Alwani,CGWB,24,Gujarat,448,Junagadh,TALALA,TALALA,Alwani,-,-,-,-,-,-,21.23055556,70.63750000,,30-11-2021 06:00,1.7
155,155,Alwani,CGWB,24,Gujarat,448,Junagadh,TALALA,TALALA,Alwani,-,-,-,-,-,-,21.23055556,70.63750000,,30-01-2022 07:00,2.13
156,156,Alwani,CGWB,24,Gujarat,448,Junagadh,TALALA,TALALA,Alwani,-,-,-,-,-,-,21.23055556,70.63750000,,30-05-2022 06:00,2.4
157,157,Alwani,CGWB,24,Gujarat,448,Junagadh,TALALA,TALALA,Alwani,-,-,-,-,-,-,21.23055556,70.63750000,,30-05-2023 10:00,2.6
158,158,Amaliya Chokri,CGWB,24,Gujarat,447,Jamnagar,OKHAMANDAL,OKHAMANDAL,Amaliya Chokri,-,-,-,-,-,-,22.24027778,69.12527778,,10-01-2021 00:00,3.65
159,159,Amaliya Chokri,CGWB,24,Gujarat,447,Jamnagar,OKHAMANDAL,OKHAMANDAL,Amaliya Chokri,-,-,-,-,-,-,22.24027778,69.12527778,,31-08-2021 06:00,1.2
160,160,Amaliya Chokri,CGWB,24,Gujarat,447,Jamnagar,OKHAMANDAL,OKHAMANDAL,Amaliya Chokri,-,-,-,-,-,-,22.24027778,69.12527778,,30-05-2022 06:00,3.97
161,161,Amaliya Chokri,CGWB,24,Gujarat,447,Jamnagar,OKHAMANDAL,OKHAMANDAL,Amaliya Chokri,-,-,-,-,-,-,22.24027778,69.12527778,,30-08-2022 06:00,1.33
162,162,Amaliya Chokri,CGWB,24,Gujarat,447,Jamnagar,OKHAMANDAL,OKHAMANDAL,Amaliya Chokri,-,-,-,-,-,-,22.24027778,69.12527778,,10-11-2022 06:00,2.73
163,163,Amaliya Chokri,CGWB,24,Gujarat,447,Jamnagar,OKHAMANDAL,OKHAMANDAL,Amaliya Chokri,-,-,-,-,-,-,22.24027778,69.12527778,,30-05-2023 10:00,3.75
164,164,Amar nagar,CGWB,24,Gujarat,457,Rajkot,MORVI,MORVI,Amar nagar,-,-,-,-,-,-,22.93333333,70.80833333,,10-01-2021 00:00,1.41
165,165,Amar nagar,CGWB,24,Gujarat,457,Rajkot,MORVI,MORVI,Amar nagar,-,-,-,-,-,-,22.93333333,70.80833333,,31-08-2021 06:00,0.7
166,166,Amar nagar,CGWB,24,Gujarat,457,Rajkot,MORVI,MORVI,Amar nagar,-,-,-,-,-,-,22.93333333,70.80833333,,30-11-2021 06:00,1.5
167,167,Amar nagar,CGWB,24,Gujarat,457,Rajkot,MORVI,MORVI,Amar nagar,-,-,-,-,-,-,22.93333333,70.80833333,,30-01-2022 07:00,1.82
168,168,Amar nagar,CGWB,24,Gujarat,457,Rajkot,MORVI,MORVI,Amar nagar,-,-,-,-,-,-,22.93333333,70.80833333,,30-05-2022 06:00,2.21
169,169,Amar nagar,CGWB,24,Gujarat,457,Rajkot,MORVI,MORVI,Amar nagar,-,-,-,-,-,-,22.93333333,70.80833333,,30-08-2022 06:00,0.5
170,170,Amar nagar,CGWB,24,Gujarat,457,Rajkot,MORVI,MORVI,Amar nagar,-,-,-,-,-,-,22.93333333,70.80833333,,10-11-2022 06:00,1.3
171,171,Amar nagar,CGWB,24,Gujarat,457,Rajkot,MORVI,MORVI,Amar nagar,-,-,-,-,-,-,22.93333333,70.80833333,,30-05-2023 10:00,0.5
172,172,Amayar,CGWB,24,Gujarat,452,Narmada,SAGBARA,SAGBARA,Amayar,-,-,-,-,-,-,21.54722222,73.76666667,,10-01-2021 00:00,2.7
173,173,Amayar,CGWB,24,Gujarat,452,Narmada,SAGBARA,SAGBARA,Amayar,-,-,-,-,-,-,21.54722222,73.76666667,,31-08-2021 06:00,9.25
174,174,Amayar,CGWB,24,Gujarat,452,Narmada,SAGBARA,SAGBARA,Amayar,-,-,-,-,-,-,21.54722222,73.76666667,,30-11-2021 06:00,9.25
175,175,Amayar,CGWB,24,Gujarat,452,Narmada,SAGBARA,SAGBARA,Amayar,-,-,-,-,-,-,21.54722222,73.76666667,,30-01-2022 07:00,3.03
176,176,Amayar,CGWB,24,Gujarat,452,Narmada,SAGBARA,SAGBARA,Amayar,-,-,-,-,-,-,21.54722222,73.76666667,,10-11-2022 06:00,2.83
177,177,Amayar,CGWB,24,Gujarat,452,Narmada,SAGBARA,SAGBARA,Amayar,-,-,-,-,-,-,21.54722222,73.76666667,,30-05-2023 10:00,6.85
178,178,Ambaji_Pz,CGWB,24,Gujarat,441,Banaskantha,DANTA,DANTA,Ambaji,-,-,-,-,-,-,24.33611111,72.84722222,,10-01-2021 00:00,6.61
179,179,Ambaji_Pz,CGWB,24,Gujarat,441,Banaskantha,DANTA,DANTA,Ambaji,-,-,-,-,-,-,24.33611111,72.84722222,,31-08-2021 06:00,13.34
180,180,Ambaji_Pz,CGWB,24,Gujarat,441,Banaskantha,DANTA,DANTA,Ambaji,-,-,-,-,-,-,24.33611111,72.84722222,,30-11-2021 06:00,7.14
181,181,Ambaji_Pz,CGWB,24,Gujarat,441,Banaskantha,DANTA,DANTA,Ambaji,-,-,-,-,-,-,24.33611111,72.84722222,,30-01-2022 07:00,10.95
182,182,Ambaji_Pz,CGWB,24,Gujarat,441,Banaskantha,DANTA,DANTA,Ambaji,-,-,-,-,-,-,24.33611111,72.84722222,,30-05-2022 06:00,12.73
183,183,Ambaji_Pz,CGWB,24,Gujarat,441,Banaskantha,DANTA,DANTA,Ambaji,-,-,-,-,-,-,24.33611111,72.84722222,,10-11-2022 06:00,4.37
184,184,Ambaji_Pz,CGWB,24,Gujarat,441,Banaskantha,DANTA,DANTA,Ambaji,-,-,-,-,-,-,24.33611111,72.84722222,,01-01-2023 00:00,6.47
185,185,Ambakatch,CGWB,24,Gujarat,445,Dohad,DHANPUR,DHANPUR,Ambakatch,-,-,-,-,-,-,22.66666667,74.22027778,,10-01-2021 00:00,1.31
186,186,Ambakatch,CGWB,24,Gujarat,445,Dohad,DHANPUR,DHANPUR,Ambakatch,-,-,-,-,-,-,22.66666667,74.22027778,,31-08-2021 06:00,3.3
187,187,Ambakatch,CGWB,24,Gujarat,445,Dohad,DHANPUR,DHANPUR,Ambakatch,-,-,-,-,-,-,22.66666667,74.22027778,,30-11-2021 06:00,1.22
188,188,Ambakatch,CGWB,24,Gujarat,445,Dohad,DHANPUR,DHANPUR,Ambakatch,-,-,-,-,-,-,22.66666667,74.22027778,,30-01-2022 07:00,2.8
189,189,Ambakatch,CGWB,24,Gujarat,445,Dohad,DHANPUR,DHANPUR,Ambakatch,-,-,-,-,-,-,22.66666667,74.22027778,,30-08-2022 06:00,1.18
190,190,Ambakatch,CGWB,24,Gujarat,445,Dohad,DHANPUR,DHANPUR,Ambakatch,-,-,-,-,-,-,22.66666667,74.22027778,,10-11-2022 06:00,1.05
191,191,Ambala,CGWB,24,Gujarat,443,Bhavnagar,SIHOR,SIHOR,Ambala,-,-,-,-,-,-,21.71111111,71.84166667,,10-01-2021 00:00,12.8
192,192,Ambala,CGWB,24,Gujarat,443,Bhavnagar,SIHOR,SIHOR,Ambala,-,-,-,-,-,-,21.71111111,71.84166667,,30-11-2021 06:00,2.35
193,193,Ambala,CGWB,24,Gujarat,443,Bhavnagar,SIHOR,SIHOR,Ambala,-,-,-,-,-,-,21.71111111,71.84166667,,30-01-2022 07:00,15.03
194,194,Ambala,CGWB,24,Gujarat,443,Bhavnagar,SIHOR,SIHOR,Ambala,-,-,-,-,-,-,21.71111111,71.84166667,,10-11-2022 06:00,8.72
195,195,Ambala,CGWB,24,Gujarat,443,Bhavnagar,SIHOR,SIHOR,Ambala,-,-,-,-,-,-,21.71111111,71.84166667,,30-05-2023 10:00,15.74
196,196,Ambardi,CGWB,24,Gujarat,447,Jamnagar,BHANVAD,BHANVAD,Ambardi,-,-,-,-,-,-,21.91638889,69.85805556,,10-01-2021 00:00,2.44
197,197,Ambardi,CGWB,24,Gujarat,447,Jamnagar,BHANVAD,BHANVAD,Ambardi,-,-,-,-,-,-,21.91638889,69.85805556,,31-08-2021 06:00,7.95
198,198,Ambardi,CGWB,24,Gujarat,447,Jamnagar,BHANVAD,BHANVAD,Ambardi,-,-,-,-,-,-,21.91638889,69.85805556,,30-11-2021 06:00,1.86
199,199,Ambardi,CGWB,24,Gujarat,447,Jamnagar,BHANVAD,BHANVAD,Ambardi,-,-,-,-,-,-,21.91638889,69.85805556,,30-01-2022 07:00,2.11
200,200,Ambardi,CGWB,24,Gujarat,447,Jamnagar,BHANVAD,BHANVAD,Ambardi,-,-,-,-,-,-,21.91638889,69.85805556,,30-05-2022 06:00,11.87
201,201,Ambardi,CGWB,24,Gujarat,447,Jamnagar,BHANVAD,BHANVAD,Ambardi,-,-,-,-,-,-,21.91638889,69.85805556,,30-08-2022 06:00,2.17
202,202,Ambardi,CGWB,24,Gujarat,447,Jamnagar,BHANVAD,BHANVAD,Ambardi,-,-,-,-,-,-,21.91638889,69.85805556,,10-11-2022 06:00,4.76
203,203,Ambardi,CGWB,24,Gujarat,447,Jamnagar,BHANVAD,BHANVAD,Ambardi,-,-,-,-,-,-,21.91638889,69.85805556,,30-05-2023 10:00,12.61
204,204,Amba Talat,CGWB,24,Gujarat,462,Valsad,DHARAMPUR,DHARAMPUR,Dharampur,-,-,-,-,-,-,20.58611111,73.23111111,,30-05-2023 10:00,
205,205,Ambawadi,CGWB,24,Gujarat,441,DAMAN,DAMAN,DAMAN,Ambawadi,-,-,-,-,-,-,20.40277778,72.84444444,,10-01-2021 00:00,3.28
206,206,Ambawadi,CGWB,24,Gujarat,441,DAMAN,DAMAN,DAMAN,Ambawadi,-,-,-,-,-,-,20.40277778,72.84444444,,30-05-2022 06:00,3.15
207,207,Ambawadi,CGWB,24,Gujarat,441,DAMAN,DAMAN,DAMAN,Ambawadi,-,-,-,-,-,-,20.40277778,72.84444444,,30-08-2022 06:00,2.35
208,208,Ambawadi,CGWB,24,Gujarat,441,DAMAN,DAMAN,DAMAN,Ambawadi,-,-,-,-,-,-,20.40277778,72.84444444,,10-11-2022 06:00,2.03
209,209,Amervel Nes,CGWB,24,Gujarat,448,Junagadh,TALALA,TALALA,Amervel Nes,-,-,-,-,-,-,21.00888889,70.72583333,,10-01-2021 00:00,2.9
210,210,Amervel Nes,CGWB,24,Gujarat,448,Junagadh,TALALA,TALALA,Amervel Nes,-,-,-,-,-,-,21.00888889,70.72583333,,10-11-2022 06:00,3.52
211,211,Amirgadh,CGWB,24,Gujarat,441,Banaskantha,AMIRGADH,AMIRGADH,Amirgadh,-,-,-,-,-,-,24.40555556,72.64166667,,10-01-2021 00:00,13.4
212,212,Amirgadh,CGWB,24,Gujarat,441,Banaskantha,AMIRGADH,AMIRGADH,Amirgadh,-,-,-,-,-,-,24.40555556,72.64166667,,31-08-2021 06:00,15.88
213,213,Amirgadh,CGWB,24,Gujarat,441,Banaskantha,AMIRGADH,AMIRGADH,Amirgadh,-,-,-,-,-,-,24.40555556,72.64166667,,30-11-2021 06:00,13.82
214,214,Amirgadh,CGWB,24,Gujarat,441,Banaskantha,AMIRGADH,AMIRGADH,Amirgadh,-,-,-,-,-,-,24.40555556,72.64166667,,30-01-2022 07:00,15.74
215,215,Amirgadh,CGWB,24,Gujarat,441,Banaskantha,AMIRGADH,AMIRGADH,Amirgadh,-,-,-,-,-,-,24.40555556,72.64166667,,30-08-2022 06:00,8.55
216,216,Amirgadh,CGWB,24,Gujarat,441,Banaskantha,AMIRGADH,AMIRGADH,Amirgadh,-,-,-,-,-,-,24.40555556,72.64166667,,10-11-2022 06:00,10.92
217,217,Amirgadh,CGWB,24,Gujarat,441,Banaskantha,AMIRGADH,AMIRGADH,Amirgadh,-,-,-,-,-,-,24.40555556,72.64166667,,01-01-2023 00:00,11.97
218,218,Amirgadh,CGWB,24,Gujarat,441,Banaskantha,AMIRGADH,AMIRGADH,Amirgadh,-,-,-,-,-,-,24.40555556,72.64166667,,30-05-2023 10:00,13.82
219,219,Amran1,CGWB,24,Gujarat,447,Jamnagar,JODIYA,JODIYA,Amran,-,-,-,-,-,-,22.82916667,70.56250000,,10-01-2021 00:00,2.55
220,220,Amran1,CGWB,24,Gujarat,447,Jamnagar,JODIYA,JODIYA,Amran,-,-,-,-,-,-,22.82916667,70.56250000,,30-08-2022 06:00,0.43
221,221,Amrapur Pzi,CGWB,24,Gujarat,446,Gandhinagar,MANSA,MANSA,Amrapur Pzi,-,-,-,-,-,-,23.37361111,72.70500000,,31-08-2021 06:00,95.37
222,222,Amrapur Pzi,CGWB,24,Gujarat,446,Gandhinagar,MANSA,MANSA,Amrapur Pzi,-,-,-,-,-,-,23.37361111,72.70500000,,30-11-2021 06:00,100.68
223,223,Amrapur Pzi,CGWB,24,Gujarat,446,Gandhinagar,MANSA,MANSA,Amrapur Pzi,-,-,-,-,-,-,23.37361111,72.70500000,,30-01-2022 07:00,100.89
224,224,Amrapur Pzi,CGWB,24,Gujarat,446,Gandhinagar,MANSA,MANSA,Amrapur Pzi,-,-,-,-,-,-,23.37361111,72.70500000,,30-05-2022 06:00,104.9
225,225,Amrapur Pzi,CGWB,24,Gujarat,446,Gandhinagar,MANSA,MANSA,Amrapur Pzi,-,-,-,-,-,-,23.37361111,72.70500000,,30-08-2022 06:00,99.12
226,226,Amrapur Pzi,CGWB,24,Gujarat,446,Gandhinagar,MANSA,MANSA,Amrapur Pzi,-,-,-,-,-,-,23.37361111,72.70500000,,10-11-2022 06:00,100.38
227,227,Amrapur Pzi,CGWB,24,Gujarat,446,Gandhinagar,MANSA,MANSA,Amrapur Pzi,-,-,-,-,-,-,23.37361111,72.70500000,,10-01-2023 18:00,116.48
228,228,Amrapur Pzi,CGWB,24,Gujarat,446,Gandhinagar,MANSA,MANSA,Amrapur Pzi,-,-,-,-,-,-,23.37361111,72.70500000,,30-05-2023 10:00,110.950005
229,229,Amrapur Pzii,CGWB,24,Gujarat,446,Gandhinagar,MANSA,MANSA,Amrapur Pzii,-,-,-,-,-,-,23.37361111,72.70500000,,31-08-2021 06:00,84.63
230,230,Amrapur Pzii,CGWB,24,Gujarat,446,Gandhinagar,MANSA,MANSA,Amrapur Pzii,-,-,-,-,-,-,23.37361111,72.70500000,,30-11-2021 06:00,82.54
231,231,Amrapur Pzii,CGWB,24,Gujarat,446,Gandhinagar,MANSA,MANSA,Amrapur Pzii,-,-,-,-,-,-,23.37361111,72.70500000,,30-01-2022 07:00,82.99
232,232,Amrapur Pzii,CGWB,24,Gujarat,446,Gandhinagar,MANSA,MANSA,Amrapur Pzii,-,-,-,-,-,-,23.37361111,72.70500000,,30-05-2022 06:00,92.6
233,233,Amrapur Pzii,CGWB,24,Gujarat,446,Gandhinagar,MANSA,MANSA,Amrapur Pzii,-,-,-,-,-,-,23.37361111,72.70500000,,30-08-2022 06:00,100.38
234,234,Amrapur Pzii,CGWB,24,Gujarat,446,Gandhinagar,MANSA,MANSA,Amrapur Pzii,-,-,-,-,-,-,23.37361111,72.70500000,,10-11-2022 06:00,85.23
235,235,Amrapur Pzii,CGWB,24,Gujarat,446,Gandhinagar,MANSA,MANSA,Amrapur Pzii,-,-,-,-,-,-,23.37361111,72.70500000,,10-01-2023 18:00,84.7
236,236,Amrapur Pzii,CGWB,24,Gujarat,446,Gandhinagar,MANSA,MANSA,Amrapur Pzii,-,-,-,-,-,-,23.37361111,72.70500000,,30-05-2023 10:00,84
237,237,Amreli,CGWB,24,Gujarat,439,Amreli,AMRELI,AMRELI,Amreli,-,-,-,-,-,-,21.60833333,71.22500000,,10-01-2021 00:00,5.54
238,238,Amreli,CGWB,24,Gujarat,439,Amreli,AMRELI,AMRELI,Amreli,-,-,-,-,-,-,21.60833333,71.22500000,,30-11-2021 06:00,3.24
239,239,Amreli,CGWB,24,Gujarat,439,Amreli,AMRELI,AMRELI,Amreli,-,-,-,-,-,-,21.60833333,71.22500000,,30-01-2022 07:00,3.48
240,240,Amreli,CGWB,24,Gujarat,439,Amreli,AMRELI,AMRELI,Amreli,-,-,-,-,-,-,21.60833333,71.22500000,,30-05-2022 06:00,9.59
241,241,Amreli,CGWB,24,Gujarat,439,Amreli,AMRELI,AMRELI,Amreli,-,-,-,-,-,-,21.60833333,71.22500000,,30-08-2022 06:00,1.08
242,242,Amreli,CGWB,24,Gujarat,439,Amreli,AMRELI,AMRELI,Amreli,-,-,-,-,-,-,21.60833333,71.22500000,,10-11-2022 06:00,4.87
243,243,Amreli,CGWB,24,Gujarat,439,Amreli,AMRELI,AMRELI,Amreli,-,-,-,-,-,-,21.60833333,71.22500000,,30-05-2023 10:00,9.54
244,244,Amreli_Pz,CGWB,24,Gujarat,439,Amreli,AMRELI,AMRELI,Amreli,-,-,-,-,-,-,21.61250000,71.22500000,,10-01-2021 00:00,6.39
245,245,Amreli_Pz,CGWB,24,Gujarat,439,Amreli,AMRELI,AMRELI,Amreli,-,-,-,-,-,-,21.61250000,71.22500000,,31-08-2021 06:00,2.97
246,246,Amreli_Pz,CGWB,24,Gujarat,439,Amreli,AMRELI,AMRELI,Amreli,-,-,-,-,-,-,21.61250000,71.22500000,,30-11-2021 06:00,5.2
247,247,Amreli_Pz,CGWB,24,Gujarat,439,Amreli,AMRELI,AMRELI,Amreli,-,-,-,-,-,-,21.61250000,71.22500000,,30-01-2022 07:00,5.42
248,248,Amreli_Pz,CGWB,24,Gujarat,439,Amreli,AMRELI,AMRELI,Amreli,-,-,-,-,-,-,21.61250000,71.22500000,,30-05-2022 06:00,7.3
249,249,Amreshwar,CGWB,24,Gujarat,461,Vadodara,DABHOI,DABHOI,Amreshwar,-,-,-,-,-,-,22.22777778,73.48333333,,10-01-2021 00:00,1.45
250,250,Amreshwar,CGWB,24,Gujarat,461,Vadodara,DABHOI,DABHOI,Amreshwar,-,-,-,-,-,-,22.22777778,73.48333333,,31-08-2021 06:00,2.05
251,251,Amreshwar,CGWB,24,Gujarat,461,Vadodara,DABHOI,DABHOI,Amreshwar,-,-,-,-,-,-,22.22777778,73.48333333,,30-11-2021 06:00,2.45
252,252,Amritvel_Pz,CGWB,24,Gujarat,439,Amreli,KUNDLA-SAVAR,KUNDLA-SAVAR,Amritvel,-,-,-,-,-,-,21.39722222,71.35833333,,10-01-2021 00:00,2
253,253,Amritvel_Pz,CGWB,24,Gujarat,439,Amreli,KUNDLA-SAVAR,KUNDLA-SAVAR,Amritvel,-,-,-,-,-,-,21.39722222,71.35833333,,30-08-2022 06:00,0.8
254,254,Anand,CGWB,24,Gujarat,440,Anand,ANAND,ANAND,Anand,-,-,-,-,-,-,22.57500000,72.97222222,,10-01-2021 00:00,11.44
255,255,Anand,CGWB,24,Gujarat,440,Anand,ANAND,ANAND,Anand,-,-,-,-,-,-,22.57500000,72.97222222,,31-08-2021 06:00,15.59
256,256,Anand,CGWB,24,Gujarat,440,Anand,ANAND,ANAND,Anand,-,-,-,-,-,-,22.57500000,72.97222222,,30-11-2021 06:00,14.64
257,257,Anand,CGWB,24,Gujarat,440,Anand,ANAND,ANAND,Anand,-,-,-,-,-,-,22.57500000,72.97222222,,30-08-2022 06:00,13.74
258,258,Anand,CGWB,24,Gujarat,440,Anand,ANAND,ANAND,Anand,-,-,-,-,-,-,22.57500000,72.97222222,,01-01-2023 00:00,10.55
259,259,Anand,CGWB,24,Gujarat,440,Anand,ANAND,ANAND,Anand,-,-,-,-,-,-,22.57500000,72.97222222,,30-05-2023 10:00,14.64
260,260,Anandpur,CGWB,24,Gujarat,448,Junagadh,JUNAGADH,JUNAGADH,Anandpur,-,-,-,-,-,-,21.41027778,70.51805556,,10-01-2021 00:00,5.55
261,261,Anandpur,CGWB,24,Gujarat,448,Junagadh,JUNAGADH,JUNAGADH,Anandpur,-,-,-,-,-,-,21.41027778,70.51805556,,31-08-2021 06:00,9.05
262,262,Anandpur,CGWB,24,Gujarat,448,Junagadh,JUNAGADH,JUNAGADH,Anandpur,-,-,-,-,-,-,21.41027778,70.51805556,,30-01-2022 07:00,7.2
263,263,Anandpur,CGWB,24,Gujarat,448,Junagadh,JUNAGADH,JUNAGADH,Anandpur,-,-,-,-,-,-,21.41027778,70.51805556,,30-08-2022 06:00,2.85
264,264,Anandpur,CGWB,24,Gujarat,448,Junagadh,JUNAGADH,JUNAGADH,Anandpur,-,-,-,-,-,-,21.41027778,70.51805556,,10-11-2022 06:00,4.45
265,265,Anandpur,CGWB,24,Gujarat,448,Junagadh,JUNAGADH,JUNAGADH,Anandpur,-,-,-,-,-,-,21.41027778,70.51805556,,30-05-2023 10:00,
266,266,Anindra,CGWB,24,Gujarat,460,Surendranagar,WADHWAN,WADHWAN,Anindra,-,-,-,-,-,-,22.81027778,71.70583333,,10-01-2021 00:00,1.18
267,267,Anindra,CGWB,24,Gujarat,460,Surendranagar,WADHWAN,WADHWAN,Anindra,-,-,-,-,-,-,22.81027778,71.70583333,,31-08-2021 06:00,2.08
268,268,Anindra,CGWB,24,Gujarat,460,Surendranagar,WADHWAN,WADHWAN,Anindra,-,-,-,-,-,-,22.81027778,71.70583333,,30-11-2021 06:00,2.48
269,269,Anindra,CGWB,24,Gujarat,460,Surendranagar,WADHWAN,WADHWAN,Anindra,-,-,-,-,-,-,22.81027778,71.70583333,,30-01-2022 07:00,3.36
270,270,Anindra,CGWB,24,Gujarat,460,Surendranagar,WADHWAN,WADHWAN,Anindra,-,-,-,-,-,-,22.81027778,71.70583333,,30-05-2022 06:00,3.88
271,271,Anindra,CGWB,24,Gujarat,460,Surendranagar,WADHWAN,WADHWAN,Anindra,-,-,-,-,-,-,22.81027778,71.70583333,,30-08-2022 06:00,1.28
272,272,Anindra,CGWB,24,Gujarat,460,Surendranagar,WADHWAN,WADHWAN,Anindra,-,-,-,-,-,-,22.81027778,71.70583333,,10-11-2022 06:00,3.53
273,273,Anindra,CGWB,24,Gujarat,460,Surendranagar,WADHWAN,WADHWAN,Anindra,-,-,-,-,-,-,22.81027778,71.70583333,,30-05-2023 10:00,5.7799997
274,274,Anita,CGWB,24,Gujarat,459,Surat,OLPAD,OLPAD,Anita,-,-,-,-,-,-,21.39944444,72.85583333,,10-01-2021 00:00,5.33
275,275,Ankadia mota,CGWB,24,Gujarat,439,Amreli,AMRELI,AMRELI,Ankadia mota,-,-,-,-,-,-,21.64583333,71.10833333,,10-01-2021 00:00,6
276,276,Ankadia mota,CGWB,24,Gujarat,439,Amreli,AMRELI,AMRELI,Ankadia mota,-,-,-,-,-,-,21.64583333,71.10833333,,31-08-2021 06:00,3.49
277,277,Ankadia mota,CGWB,24,Gujarat,439,Amreli,AMRELI,AMRELI,Ankadia mota,-,-,-,-,-,-,21.64583333,71.10833333,,30-11-2021 06:00,4.01
278,278,Ankadia mota,CGWB,24,Gujarat,439,Amreli,AMRELI,AMRELI,Ankadia mota,-,-,-,-,-,-,21.64583333,71.10833333,,30-01-2022 07:00,5.38
279,279,Ankadia mota,CGWB,24,Gujarat,439,Amreli,AMRELI,AMRELI,Ankadia mota,-,-,-,-,-,-,21.64583333,71.10833333,,30-05-2022 06:00,7.62
280,280,Ankadia mota,CGWB,24,Gujarat,439,Amreli,AMRELI,AMRELI,Ankadia mota,-,-,-,-,-,-,21.64583333,71.10833333,,30-08-2022 06:00,1.53
281,281,Ankadia mota,CGWB,24,Gujarat,439,Amreli,AMRELI,AMRELI,Ankadia mota,-,-,-,-,-,-,21.64583333,71.10833333,,10-11-2022 06:00,9.55
282,282,Ankadia mota,CGWB,24,Gujarat,439,Amreli,AMRELI,AMRELI,Ankadia mota,-,-,-,-,-,-,21.64583333,71.10833333,,30-05-2023 10:00,13.18
283,283,Anklav2,CGWB,24,Gujarat,440,Anand,ANKLAV,ANKLAV,Anklav,-,-,-,-,-,-,22.38333333,73.00833333,,10-01-2021 00:00,29.38
284,284,Anklav2,CGWB,24,Gujarat,440,Anand,ANKLAV,ANKLAV,Anklav,-,-,-,-,-,-,22.38333333,73.00833333,,31-08-2021 06:00,27.88
285,285,Anklav2,CGWB,24,Gujarat,440,Anand,ANKLAV,ANKLAV,Anklav,-,-,-,-,-,-,22.38333333,73.00833333,,30-11-2021 06:00,23.82
286,286,Anklav2,CGWB,24,Gujarat,440,Anand,ANKLAV,ANKLAV,Anklav,-,-,-,-,-,-,22.38333333,73.00833333,,30-01-2022 07:00,22.79
287,287,Anklav2,CGWB,24,Gujarat,440,Anand,ANKLAV,ANKLAV,Anklav,-,-,-,-,-,-,22.38333333,73.00833333,,30-05-2022 06:00,26.38
288,288,Anklav2,CGWB,24,Gujarat,440,Anand,ANKLAV,ANKLAV,Anklav,-,-,-,-,-,-,22.38333333,73.00833333,,30-08-2022 06:00,19.98
289,289,Anklav2,CGWB,24,Gujarat,440,Anand,ANKLAV,ANKLAV,Anklav,-,-,-,-,-,-,22.38333333,73.00833333,,10-11-2022 06:00,23.51
290,290,Anklav2,CGWB,24,Gujarat,440,Anand,ANKLAV,ANKLAV,Anklav,-,-,-,-,-,-,22.38333333,73.00833333,,30-05-2023 10:00,25.58
291,291,Anklav_Pz_I,CGWB,24,Gujarat,440,Anand,ANKLAV,ANKLAV,Anklav,-,-,-,-,-,-,22.37638889,72.99722222,,10-01-2021 00:00,23.89
292,292,Anklav_Pz_I,CGWB,24,Gujarat,440,Anand,ANKLAV,ANKLAV,Anklav,-,-,-,-,-,-,22.37638889,72.99722222,,01-01-2023 00:00,23.07
293,293,Anklav_Pz_I,CGWB,24,Gujarat,440,Anand,ANKLAV,ANKLAV,Anklav,-,-,-,-,-,-,22.37638889,72.99722222,,30-05-2023 10:00,24.36
294,294,Anklav_Pz_II,CGWB,24,Gujarat,440,Anand,ANKLAV,ANKLAV,Anklav,-,-,-,-,-,-,22.37638889,72.99722222,,10-01-2021 00:00,25.65
295,295,Anklav_Pz_II,CGWB,24,Gujarat,440,Anand,ANKLAV,ANKLAV,Anklav,-,-,-,-,-,-,22.37638889,72.99722222,,30-11-2021 06:00,4.15
296,296,Anklav_Pz_II,CGWB,24,Gujarat,440,Anand,ANKLAV,ANKLAV,Anklav,-,-,-,-,-,-,22.37638889,72.99722222,,01-01-2023 00:00,23.04
297,297,Anklav_Pz_II,CGWB,24,Gujarat,440,Anand,ANKLAV,ANKLAV,Anklav,-,-,-,-,-,-,22.37638889,72.99722222,,30-05-2023 10:00,24.58
298,298,Ankolvadi 1,CGWB,24,Gujarat,448,Junagadh,TALALA,TALALA,Ankolvadi,-,-,-,-,-,-,21.04694444,70.66472222,,31-08-2021 06:00,2.78
299,299,Ankolvadi 1,CGWB,24,Gujarat,448,Junagadh,TALALA,TALALA,Ankolvadi,-,-,-,-,-,-,21.04694444,70.66472222,,30-11-2021 06:00,3
300,300,Ankolvadi 1,CGWB,24,Gujarat,448,Junagadh,TALALA,TALALA,Ankolvadi,-,-,-,-,-,-,21.04694444,70.66472222,,30-01-2022 07:00,5.03
301,301,Ankolvadi 1,CGWB,24,Gujarat,448,Junagadh,TALALA,TALALA,Ankolvadi,-,-,-,-,-,-,21.04694444,70.66472222,,30-08-2022 06:00,2.3
302,302,Antroli,CGWB,24,Gujarat,448,Junagadh,MANGROL,MANGROL,Antroli,-,-,-,-,-,-,21.23611111,70.00694444,,30-11-2021 06:00,0.68
303,303,Anwarpura Pz,CGWB,24,Gujarat,458,Sabarkantha,PRANTIJ,PRANTIJ,Anwarpura,-,-,-,-,-,-,23.40555556,72.84555556,,10-01-2021 00:00,32.2
304,304,Anwarpura Pz,CGWB,24,Gujarat,458,Sabarkantha,PRANTIJ,PRANTIJ,Anwarpura,-,-,-,-,-,-,23.40555556,72.84555556,,31-08-2021 06:00,40.6
305,305,Anwarpura Pz,CGWB,24,Gujarat,458,Sabarkantha,PRANTIJ,PRANTIJ,Anwarpura,-,-,-,-,-,-,23.40555556,72.84555556,,30-11-2021 06:00,35.23
306,306,Anwarpura Pz,CGWB,24,Gujarat,458,Sabarkantha,PRANTIJ,PRANTIJ,Anwarpura,-,-,-,-,-,-,23.40555556,72.84555556,,30-01-2022 07:00,36.8
307,307,Anwarpura Pz,CGWB,24,Gujarat,458,Sabarkantha,PRANTIJ,PRANTIJ,Anwarpura,-,-,-,-,-,-,23.40555556,72.84555556,,30-05-2022 06:00,33.07
308,308,Anwarpura Pz,CGWB,24,Gujarat,458,Sabarkantha,PRANTIJ,PRANTIJ,Anwarpura,-,-,-,-,-,-,23.40555556,72.84555556,,30-08-2022 06:00,35.31
309,309,Anwarpura Pz,CGWB,24,Gujarat,458,Sabarkantha,PRANTIJ,PRANTIJ,Anwarpura,-,-,-,-,-,-,23.40555556,72.84555556,,10-11-2022 06:00,35.75
310,310,Anwarpura Pz,CGWB,24,Gujarat,458,Sabarkantha,PRANTIJ,PRANTIJ,Anwarpura,-,-,-,-,-,-,23.40555556,72.84555556,,10-01-2023 18:00,39.41
311,311,Anwarpura Pz,CGWB,24,Gujarat,458,Sabarkantha,PRANTIJ,PRANTIJ,Anwarpura,-,-,-,-,-,-,23.40555556,72.84555556,,30-05-2023 10:00,33.57
312,312,Aramda,CGWB,24,Gujarat,447,Jamnagar,OKHAMANDAL,OKHAMANDAL,Aramda,-,-,-,-,-,-,22.43333333,69.04166667,,10-01-2021 00:00,4.3
313,313,Aramda,CGWB,24,Gujarat,447,Jamnagar,OKHAMANDAL,OKHAMANDAL,Aramda,-,-,-,-,-,-,22.43333333,69.04166667,,31-08-2021 06:00,2.25
314,314,Aramda,CGWB,24,Gujarat,447,Jamnagar,OKHAMANDAL,OKHAMANDAL,Aramda,-,-,-,-,-,-,22.43333333,69.04166667,,30-11-2021 06:00,3.35
315,315,Aramda,CGWB,24,Gujarat,447,Jamnagar,OKHAMANDAL,OKHAMANDAL,Aramda,-,-,-,-,-,-,22.43333333,69.04166667,,30-01-2022 07:00,4.2
316,316,Aramda,CGWB,24,Gujarat,447,Jamnagar,OKHAMANDAL,OKHAMANDAL,Aramda,-,-,-,-,-,-,22.43333333,69.04166667,,30-05-2022 06:00,5.16
317,317,Aramda,CGWB,24,Gujarat,447,Jamnagar,OKHAMANDAL,OKHAMANDAL,Aramda,-,-,-,-,-,-,22.43333333,69.04166667,,30-08-2022 06:00,3.29
318,318,Aramda,CGWB,24,Gujarat,447,Jamnagar,OKHAMANDAL,OKHAMANDAL,Aramda,-,-,-,-,-,-,22.43333333,69.04166667,,10-11-2022 06:00,4.1
319,319,Aramda,CGWB,24,Gujarat,447,Jamnagar,OKHAMANDAL,OKHAMANDAL,Aramda,-,-,-,-,-,-,22.43333333,69.04166667,,30-05-2023 10:00,5.35
320,320,Arena,CGWB,24,Gujarat,448,Junagadh,MANGROL,MANGROL,Arena,-,-,-,-,-,-,21.08055556,70.17638889,,10-01-2021 00:00,6.98
321,321,Arena,CGWB,24,Gujarat,448,Junagadh,MANGROL,MANGROL,Arena,-,-,-,-,-,-,21.08055556,70.17638889,,31-08-2021 06:00,5.45
322,322,Arena,CGWB,24,Gujarat,448,Junagadh,MANGROL,MANGROL,Arena,-,-,-,-,-,-,21.08055556,70.17638889,,30-11-2021 06:00,4.53
323,323,Arena,CGWB,24,Gujarat,448,Junagadh,MANGROL,MANGROL,Arena,-,-,-,-,-,-,21.08055556,70.17638889,,30-01-2022 07:00,5.95
324,324,Arena,CGWB,24,Gujarat,448,Junagadh,MANGROL,MANGROL,Arena,-,-,-,-,-,-,21.08055556,70.17638889,,30-05-2022 06:00,11.31
325,325,Arena,CGWB,24,Gujarat,448,Junagadh,MANGROL,MANGROL,Arena,-,-,-,-,-,-,21.08055556,70.17638889,,30-08-2022 06:00,3.76
326,326,Arena,CGWB,24,Gujarat,448,Junagadh,MANGROL,MANGROL,Arena,-,-,-,-,-,-,21.08055556,70.17638889,,10-11-2022 06:00,5.54
327,327,Arena,CGWB,24,Gujarat,448,Junagadh,MANGROL,MANGROL,Arena,-,-,-,-,-,-,21.08055556,70.17638889,,30-05-2023 10:00,12.63
328,328,Arethi,CGWB,24,Gujarat,442,Bharuch,VALIA,VALIA,Arethi,-,-,-,-,-,-,21.61250000,73.43527778,,10-01-2021 00:00,6.75
329,329,Arethi,CGWB,24,Gujarat,442,Bharuch,VALIA,VALIA,Arethi,-,-,-,-,-,-,21.61250000,73.43527778,,31-08-2021 06:00,14.45
330,330,Arethi,CGWB,24,Gujarat,442,Bharuch,VALIA,VALIA,Arethi,-,-,-,-,-,-,21.61250000,73.43527778,,30-11-2021 06:00,14.45
331,331,Arethi,CGWB,24,Gujarat,442,Bharuch,VALIA,VALIA,Arethi,-,-,-,-,-,-,21.61250000,73.43527778,,30-01-2022 07:00,5.99
332,332,Arethi,CGWB,24,Gujarat,442,Bharuch,VALIA,VALIA,Arethi,-,-,-,-,-,-,21.61250000,73.43527778,,30-08-2022 06:00,10.01
333,333,Arethi,CGWB,24,Gujarat,442,Bharuch,VALIA,VALIA,Arethi,-,-,-,-,-,-,21.61250000,73.43527778,,10-11-2022 06:00,5.95
334,334,Arethi,CGWB,24,Gujarat,442,Bharuch,VALIA,VALIA,Arethi,-,-,-,-,-,-,21.61250000,73.43527778,,30-05-2023 10:00,6.93
335,335,Asala,CGWB,24,Gujarat,461,Vadodara,CHHOTA UDAIPUR,CHHOTA UDAIPUR,Asala,-,-,-,-,-,-,22.38333333,73.93333333,,10-01-2021 00:00,4.4
336,336,Asala,CGWB,24,Gujarat,461,Vadodara,CHHOTA UDAIPUR,CHHOTA UDAIPUR,Asala,-,-,-,-,-,-,22.38333333,73.93333333,,31-08-2021 06:00,12.5
337,337,Asala,CGWB,24,Gujarat,461,Vadodara,CHHOTA UDAIPUR,CHHOTA UDAIPUR,Asala,-,-,-,-,-,-,22.38333333,73.93333333,,30-11-2021 06:00,12.5
338,338,Asala,CGWB,24,Gujarat,461,Vadodara,CHHOTA UDAIPUR,CHHOTA UDAIPUR,Asala,-,-,-,-,-,-,22.38333333,73.93333333,,30-01-2022 07:00,6.23
339,339,Asala,CGWB,24,Gujarat,461,Vadodara,CHHOTA UDAIPUR,CHHOTA UDAIPUR,Asala,-,-,-,-,-,-,22.38333333,73.93333333,,30-08-2022 06:00,2.1
340,340,Asala,CGWB,24,Gujarat,461,Vadodara,CHHOTA UDAIPUR,CHHOTA UDAIPUR,Asala,-,-,-,-,-,-,22.38333333,73.93333333,,10-11-2022 06:00,3.1
341,341,Asala,CGWB,24,Gujarat,461,Vadodara,CHHOTA UDAIPUR,CHHOTA UDAIPUR,Asala,-,-,-,-,-,-,22.38333333,73.93333333,,30-05-2023 10:00,11.1
342,342,Asambia mota1,CGWB,24,Gujarat,449,Kachchh,MANDVI,MANDVI,Asambia mota,-,-,-,-,-,-,22.96805556,69.43750000,,10-01-2021 00:00,4.18
343,343,Asambia mota1,CGWB,24,Gujarat,449,Kachchh,MANDVI,MANDVI,Asambia mota,-,-,-,-,-,-,22.96805556,69.43750000,,31-08-2021 06:00,13.15
344,344,Asambia mota1,CGWB,24,Gujarat,449,Kachchh,MANDVI,MANDVI,Asambia mota,-,-,-,-,-,-,22.96805556,69.43750000,,30-11-2021 06:00,10.46
345,345,Asambia mota_Pz,CGWB,24,Gujarat,449,Kachchh,MANDVI,MANDVI,Asambia mota,-,-,-,-,-,-,22.96805556,69.45138889,,10-01-2021 00:00,2.17
346,346,Asambia mota_Pz,CGWB,24,Gujarat,449,Kachchh,MANDVI,MANDVI,Asambia mota,-,-,-,-,-,-,22.96805556,69.45138889,,31-08-2021 06:00,3.48
347,347,Asambia mota_Pz,CGWB,24,Gujarat,449,Kachchh,MANDVI,MANDVI,Asambia mota,-,-,-,-,-,-,22.96805556,69.45138889,,30-11-2021 06:00,1.79
348,348,Asambia mota_Pz,CGWB,24,Gujarat,449,Kachchh,MANDVI,MANDVI,Asambia mota,-,-,-,-,-,-,22.96805556,69.45138889,,30-01-2022 07:00,2.19
349,349,Asambia mota_Pz,CGWB,24,Gujarat,449,Kachchh,MANDVI,MANDVI,Asambia mota,-,-,-,-,-,-,22.96805556,69.45138889,,30-05-2022 06:00,3.85
350,350,Asambia mota_Pz,CGWB,24,Gujarat,449,Kachchh,MANDVI,MANDVI,Asambia mota,-,-,-,-,-,-,22.96805556,69.45138889,,30-08-2022 06:00,0.25
351,351,Asambia mota_Pz,CGWB,24,Gujarat,449,Kachchh,MANDVI,MANDVI,Asambia mota,-,-,-,-,-,-,22.96805556,69.45138889,,10-11-2022 06:00,0.97
352,352,Asambia mota_Pz,CGWB,24,Gujarat,449,Kachchh,MANDVI,MANDVI,Asambia mota,-,-,-,-,-,-,22.96805556,69.45138889,,30-05-2023 10:00,2.15
353,353,Asar,CGWB,24,Gujarat,461,Vadodara,CHHOTA UDAIPUR,CHHOTA UDAIPUR,Asar,-,-,-,-,-,-,22.20361111,74.01055556,,10-01-2021 00:00,11.9
354,354,Asar,CGWB,24,Gujarat,461,Vadodara,CHHOTA UDAIPUR,CHHOTA UDAIPUR,Asar,-,-,-,-,-,-,22.20361111,74.01055556,,31-08-2021 06:00,17.2
355,355,Asar,CGWB,24,Gujarat,461,Vadodara,CHHOTA UDAIPUR,CHHOTA UDAIPUR,Asar,-,-,-,-,-,-,22.20361111,74.01055556,,30-11-2021 06:00,10.1
356,356,Asar,CGWB,24,Gujarat,461,Vadodara,CHHOTA UDAIPUR,CHHOTA UDAIPUR,Asar,-,-,-,-,-,-,22.20361111,74.01055556,,30-08-2022 06:00,14.02
357,357,Asar,CGWB,24,Gujarat,461,Vadodara,CHHOTA UDAIPUR,CHHOTA UDAIPUR,Asar,-,-,-,-,-,-,22.20361111,74.01055556,,10-11-2022 06:00,11.3
358,358,Asar,CGWB,24,Gujarat,461,Vadodara,CHHOTA UDAIPUR,CHHOTA UDAIPUR,Asar,-,-,-,-,-,-,22.20361111,74.01055556,,30-05-2023 10:00,12.88
359,359,Asjol,CGWB,24,Gujarat,451,Mahesana,BECHARAJI,BECHARAJI,Asjol,-,-,-,-,-,-,23.50833333,72.18333333,,10-01-2021 00:00,3.32
360,360,Asjol,CGWB,24,Gujarat,451,Mahesana,BECHARAJI,BECHARAJI,Asjol,-,-,-,-,-,-,23.50833333,72.18333333,,31-08-2021 06:00,4.23
361,361,Asjol,CGWB,24,Gujarat,451,Mahesana,BECHARAJI,BECHARAJI,Asjol,-,-,-,-,-,-,23.50833333,72.18333333,,30-11-2021 06:00,0.53
362,362,Asjol,CGWB,24,Gujarat,451,Mahesana,BECHARAJI,BECHARAJI,Asjol,-,-,-,-,-,-,23.50833333,72.18333333,,30-01-2022 07:00,1.7
363,363,Asjol,CGWB,24,Gujarat,451,Mahesana,BECHARAJI,BECHARAJI,Asjol,-,-,-,-,-,-,23.50833333,72.18333333,,30-05-2022 06:00,4.66
364,364,Asjol,CGWB,24,Gujarat,451,Mahesana,BECHARAJI,BECHARAJI,Asjol,-,-,-,-,-,-,23.50833333,72.18333333,,30-08-2022 06:00,4.6
365,365,Asjol,CGWB,24,Gujarat,451,Mahesana,BECHARAJI,BECHARAJI,Asjol,-,-,-,-,-,-,23.50833333,72.18333333,,10-11-2022 06:00,0.53
366,366,Asjol,CGWB,24,Gujarat,451,Mahesana,BECHARAJI,BECHARAJI,Asjol,-,-,-,-,-,-,23.50833333,72.18333333,,30-05-2023 10:00,2.86
367,367,Atarsumba,CGWB,24,Gujarat,458,Sabarkantha,VIJAYNAGAR,VIJAYNAGAR,Atarsumba,-,-,-,-,-,-,23.98611111,73.20833333,,10-01-2021 00:00,3.84
368,368,Atarsumba,CGWB,24,Gujarat,458,Sabarkantha,VIJAYNAGAR,VIJAYNAGAR,Atarsumba,-,-,-,-,-,-,23.98611111,73.20833333,,31-08-2021 06:00,3.42
369,369,Atarsumba,CGWB,24,Gujarat,458,Sabarkantha,VIJAYNAGAR,VIJAYNAGAR,Atarsumba,-,-,-,-,-,-,23.98611111,73.20833333,,30-11-2021 06:00,2.6
370,370,Atarsumba,CGWB,24,Gujarat,458,Sabarkantha,VIJAYNAGAR,VIJAYNAGAR,Atarsumba,-,-,-,-,-,-,23.98611111,73.20833333,,30-01-2022 07:00,4.4
371,371,Atarsumba,CGWB,24,Gujarat,458,Sabarkantha,VIJAYNAGAR,VIJAYNAGAR,Atarsumba,-,-,-,-,-,-,23.98611111,73.20833333,,30-05-2022 06:00,9.1
372,372,Atarsumba,CGWB,24,Gujarat,458,Sabarkantha,VIJAYNAGAR,VIJAYNAGAR,Atarsumba,-,-,-,-,-,-,23.98611111,73.20833333,,30-05-2023 10:00,7.6800003
373,373,Awadha,CGWB,24,Gujarat,462,Valsad,DHARAMPUR,DHARAMPUR,Awadha,-,-,-,-,-,-,20.51666667,73.28750000,,10-01-2021 00:00,1.07
374,374,Awadha,CGWB,24,Gujarat,462,Valsad,DHARAMPUR,DHARAMPUR,Awadha,-,-,-,-,-,-,20.51666667,73.28750000,,31-08-2021 06:00,2.35
375,375,Awadha,CGWB,24,Gujarat,462,Valsad,DHARAMPUR,DHARAMPUR,Awadha,-,-,-,-,-,-,20.51666667,73.28750000,,30-11-2021 06:00,1.95
376,376,Awadha,CGWB,24,Gujarat,462,Valsad,DHARAMPUR,DHARAMPUR,Awadha,-,-,-,-,-,-,20.51666667,73.28750000,,30-01-2022 07:00,1.55
377,377,Awadha,CGWB,24,Gujarat,462,Valsad,DHARAMPUR,DHARAMPUR,Awadha,-,-,-,-,-,-,20.51666667,73.28750000,,30-05-2022 06:00,3.39
378,378,Awadha,CGWB,24,Gujarat,462,Valsad,DHARAMPUR,DHARAMPUR,Awadha,-,-,-,-,-,-,20.51666667,73.28750000,,30-08-2022 06:00,0.41
379,379,Awadha,CGWB,24,Gujarat,462,Valsad,DHARAMPUR,DHARAMPUR,Awadha,-,-,-,-,-,-,20.51666667,73.28750000,,10-11-2022 06:00,0.95
380,380,Awadha,CGWB,24,Gujarat,462,Valsad,DHARAMPUR,DHARAMPUR,Awadha,-,-,-,-,-,-,20.51666667,73.28750000,,30-05-2023 10:00,3.9299998
381,381,Ayodhayapuram,CGWB,24,Gujarat,443,Bhavnagar,VALLABHIPUR,VALLABHIPUR,Ayodhayapuram,-,-,-,-,-,-,21.96027778,71.88638889,,10-01-2021 00:00,8.45
382,382,Ayodhayapuram,CGWB,24,Gujarat,443,Bhavnagar,VALLABHIPUR,VALLABHIPUR,Ayodhayapuram,-,-,-,-,-,-,21.96027778,71.88638889,,31-08-2021 06:00,4.92
383,383,Ayodhayapuram,CGWB,24,Gujarat,443,Bhavnagar,VALLABHIPUR,VALLABHIPUR,Ayodhayapuram,-,-,-,-,-,-,21.96027778,71.88638889,,30-11-2021 06:00,4.37
384,384,Ayodhayapuram,CGWB,24,Gujarat,443,Bhavnagar,VALLABHIPUR,VALLABHIPUR,Ayodhayapuram,-,-,-,-,-,-,21.96027778,71.88638889,,30-01-2022 07:00,6.68
385,385,Ayodhayapuram,CGWB,24,Gujarat,443,Bhavnagar,VALLABHIPUR,VALLABHIPUR,Ayodhayapuram,-,-,-,-,-,-,21.96027778,71.88638889,,30-05-2022 06:00,6.9
386,386,Ayodhayapuram,CGWB,24,Gujarat,443,Bhavnagar,VALLABHIPUR,VALLABHIPUR,Ayodhayapuram,-,-,-,-,-,-,21.96027778,71.88638889,,30-08-2022 06:00,5.18
387,387,Ayodhayapuram,CGWB,24,Gujarat,443,Bhavnagar,VALLABHIPUR,VALLABHIPUR,Ayodhayapuram,-,-,-,-,-,-,21.96027778,71.88638889,,10-11-2022 06:00,7.32
388,388,Ayodhayapuram,CGWB,24,Gujarat,443,Bhavnagar,VALLABHIPUR,VALLABHIPUR,Ayodhayapuram,-,-,-,-,-,-,21.96027778,71.88638889,,30-05-2023 10:00,6.46
389,389,Babda,CGWB,24,Gujarat,456,Porbandar,PORBANDAR,PORBANDAR,Babda,-,-,-,-,-,-,21.77000000,69.58805556,,10-01-2021 00:00,3.9
390,390,Babda,CGWB,24,Gujarat,456,Porbandar,PORBANDAR,PORBANDAR,Babda,-,-,-,-,-,-,21.77000000,69.58805556,,31-08-2021 06:00,3
391,391,Babda,CGWB,24,Gujarat,456,Porbandar,PORBANDAR,PORBANDAR,Babda,-,-,-,-,-,-,21.77000000,69.58805556,,30-11-2021 06:00,0.9
392,392,Babda,CGWB,24,Gujarat,456,Porbandar,PORBANDAR,PORBANDAR,Babda,-,-,-,-,-,-,21.77000000,69.58805556,,30-01-2022 07:00,2.44
393,393,Babda,CGWB,24,Gujarat,456,Porbandar,PORBANDAR,PORBANDAR,Babda,-,-,-,-,-,-,21.77000000,69.58805556,,30-05-2022 06:00,9.22
394,394,Babda,CGWB,24,Gujarat,456,Porbandar,PORBANDAR,PORBANDAR,Babda,-,-,-,-,-,-,21.77000000,69.58805556,,30-08-2022 06:00,0.71
395,395,Babda,CGWB,24,Gujarat,456,Porbandar,PORBANDAR,PORBANDAR,Babda,-,-,-,-,-,-,21.77000000,69.58805556,,10-11-2022 06:00,1.9
396,396,Babda,CGWB,24,Gujarat,456,Porbandar,PORBANDAR,PORBANDAR,Babda,-,-,-,-,-,-,21.77000000,69.58805556,,30-05-2023 10:00,9.599999
397,397,Babra_Pz,CGWB,24,Gujarat,439,Amreli,BABRA,BABRA,Babra,-,-,-,-,-,-,21.84722222,71.29583333,,10-01-2021 00:00,7.28
398,398,Babra_Pz,CGWB,24,Gujarat,439,Amreli,BABRA,BABRA,Babra,-,-,-,-,-,-,21.84722222,71.29583333,,31-08-2021 06:00,3.83
399,399,Babra_Pz,CGWB,24,Gujarat,439,Amreli,BABRA,BABRA,Babra,-,-,-,-,-,-,21.84722222,71.29583333,,30-11-2021 06:00,3.85
400,400,Babra_Pz,CGWB,24,Gujarat,439,Amreli,BABRA,BABRA,Babra,-,-,-,-,-,-,21.84722222,71.29583333,,30-01-2022 07:00,5.21
401,401,Babra_Pz,CGWB,24,Gujarat,439,Amreli,BABRA,BABRA,Babra,-,-,-,-,-,-,21.84722222,71.29583333,,30-05-2022 06:00,6.25
402,402,Babra_Pz,CGWB,24,Gujarat,439,Amreli,BABRA,BABRA,Babra,-,-,-,-,-,-,21.84722222,71.29583333,,30-05-2023 10:00,5.0699997
403,403,Badhda,CGWB,24,Gujarat,439,Amreli,KUNDLA-SAVAR,KUNDLA-SAVAR,Badhda,-,-,-,-,-,-,21.26583333,71.33888889,,31-08-2021 06:00,0.34
404,404,Badhda,CGWB,24,Gujarat,439,Amreli,KUNDLA-SAVAR,KUNDLA-SAVAR,Badhda,-,-,-,-,-,-,21.26583333,71.33888889,,30-11-2021 06:00,0.55
405,405,Badhda,CGWB,24,Gujarat,439,Amreli,KUNDLA-SAVAR,KUNDLA-SAVAR,Badhda,-,-,-,-,-,-,21.26583333,71.33888889,,30-01-2022 07:00,1.81
406,406,Badhda,CGWB,24,Gujarat,439,Amreli,KUNDLA-SAVAR,KUNDLA-SAVAR,Badhda,-,-,-,-,-,-,21.26583333,71.33888889,,30-08-2022 06:00,1.59
407,407,Badhda,CGWB,24,Gujarat,439,Amreli,KUNDLA-SAVAR,KUNDLA-SAVAR,Badhda,-,-,-,-,-,-,21.26583333,71.33888889,,10-11-2022 06:00,7.85
408,408,Bagasara,CGWB,24,Gujarat,439,Amreli,BAGASARA,BAGASARA,Bagasara,-,-,-,-,-,-,21.47916667,70.96250000,,10-01-2021 00:00,10.2
409,409,Bagasara,CGWB,24,Gujarat,439,Amreli,BAGASARA,BAGASARA,Bagasara,-,-,-,-,-,-,21.47916667,70.96250000,,31-08-2021 06:00,6.72
410,410,Bagasara,CGWB,24,Gujarat,439,Amreli,BAGASARA,BAGASARA,Bagasara,-,-,-,-,-,-,21.47916667,70.96250000,,30-11-2021 06:00,3.65
411,411,Bagasara,CGWB,24,Gujarat,439,Amreli,BAGASARA,BAGASARA,Bagasara,-,-,-,-,-,-,21.47916667,70.96250000,,30-01-2022 07:00,6.23
412,412,Bagasara,CGWB,24,Gujarat,439,Amreli,BAGASARA,BAGASARA,Bagasara,-,-,-,-,-,-,21.47916667,70.96250000,,30-05-2022 06:00,10.85
413,413,Bagasara,CGWB,24,Gujarat,439,Amreli,BAGASARA,BAGASARA,Bagasara,-,-,-,-,-,-,21.47916667,70.96250000,,30-08-2022 06:00,4.78
414,414,Bagasara,CGWB,24,Gujarat,439,Amreli,BAGASARA,BAGASARA,Bagasara,-,-,-,-,-,-,21.47916667,70.96250000,,10-11-2022 06:00,9.51
415,415,Bagasara,CGWB,24,Gujarat,439,Amreli,BAGASARA,BAGASARA,Bagasara,-,-,-,-,-,-,21.47916667,70.96250000,,30-05-2023 10:00,11.88
416,416,Bagodara_Pz_I,CGWB,24,Gujarat,438,Ahmedabad,BAVLA,BAVLA,Bagodara,-,-,-,-,-,-,22.64166667,72.21388889,,10-01-2021 00:00,9.28
417,417,Bagodara_Pz_I,CGWB,24,Gujarat,438,Ahmedabad,BAVLA,BAVLA,Bagodara,-,-,-,-,-,-,22.64166667,72.21388889,,31-08-2021 06:00,9.3
418,418,Bagodara_Pz_I,CGWB,24,Gujarat,438,Ahmedabad,BAVLA,BAVLA,Bagodara,-,-,-,-,-,-,22.64166667,72.21388889,,30-11-2021 06:00,8.82
419,419,Bagodara_Pz_I,CGWB,24,Gujarat,438,Ahmedabad,BAVLA,BAVLA,Bagodara,-,-,-,-,-,-,22.64166667,72.21388889,,30-01-2022 07:00,10.05
420,420,Bagodara_Pz_I,CGWB,24,Gujarat,438,Ahmedabad,BAVLA,BAVLA,Bagodara,-,-,-,-,-,-,22.64166667,72.21388889,,30-05-2022 06:00,9.9
421,421,Bagodara_Pz_I,CGWB,24,Gujarat,438,Ahmedabad,BAVLA,BAVLA,Bagodara,-,-,-,-,-,-,22.64166667,72.21388889,,30-08-2022 06:00,4.55
422,422,Bagodara_Pz_I,CGWB,24,Gujarat,438,Ahmedabad,BAVLA,BAVLA,Bagodara,-,-,-,-,-,-,22.64166667,72.21388889,,10-11-2022 06:00,4.29
423,423,Bagodara_Pz_I,CGWB,24,Gujarat,438,Ahmedabad,BAVLA,BAVLA,Bagodara,-,-,-,-,-,-,22.64166667,72.21388889,,01-01-2023 00:00,9.78
424,424,Bagodara_Pz_I,CGWB,24,Gujarat,438,Ahmedabad,BAVLA,BAVLA,Bagodara,-,-,-,-,-,-,22.64166667,72.21388889,,01-01-2023 12:00,6.28
425,425,Bagodara_Pz_I,CGWB,24,Gujarat,438,Ahmedabad,BAVLA,BAVLA,Bagodara,-,-,-,-,-,-,22.64166667,72.21388889,,10-01-2023 18:00,6.28
426,426,Bagodara_Pz_I,CGWB,24,Gujarat,438,Ahmedabad,BAVLA,BAVLA,Bagodara,-,-,-,-,-,-,22.64166667,72.21388889,,30-05-2023 10:00,9.56
427,427,Bagodara_Pz_II,CGWB,24,Gujarat,438,Ahmedabad,BAVLA,BAVLA,Bagodara,-,-,-,-,-,-,22.64166667,72.21388889,,10-01-2021 00:00,6.39
428,428,Bagodara_Pz_II,CGWB,24,Gujarat,438,Ahmedabad,BAVLA,BAVLA,Bagodara,-,-,-,-,-,-,22.64166667,72.21388889,,31-08-2021 06:00,5.73
429,429,Bagodara_Pz_II,CGWB,24,Gujarat,438,Ahmedabad,BAVLA,BAVLA,Bagodara,-,-,-,-,-,-,22.64166667,72.21388889,,30-11-2021 06:00,4.52
430,430,Bagodara_Pz_II,CGWB,24,Gujarat,438,Ahmedabad,BAVLA,BAVLA,Bagodara,-,-,-,-,-,-,22.64166667,72.21388889,,30-01-2022 07:00,4.95
431,431,Bagodara_Pz_II,CGWB,24,Gujarat,438,Ahmedabad,BAVLA,BAVLA,Bagodara,-,-,-,-,-,-,22.64166667,72.21388889,,30-05-2022 06:00,6.17
432,432,Bagodara_Pz_II,CGWB,24,Gujarat,438,Ahmedabad,BAVLA,BAVLA,Bagodara,-,-,-,-,-,-,22.64166667,72.21388889,,30-08-2022 06:00,10.21
433,433,Bagodara_Pz_II,CGWB,24,Gujarat,438,Ahmedabad,BAVLA,BAVLA,Bagodara,-,-,-,-,-,-,22.64166667,72.21388889,,10-11-2022 06:00,9.04
434,434,Bagodara_Pz_II,CGWB,24,Gujarat,438,Ahmedabad,BAVLA,BAVLA,Bagodara,-,-,-,-,-,-,22.64166667,72.21388889,,01-01-2023 00:00,6.43
435,435,Bagodara_Pz_II,CGWB,24,Gujarat,438,Ahmedabad,BAVLA,BAVLA,Bagodara,-,-,-,-,-,-,22.64166667,72.21388889,,10-01-2023 18:00,9.93
436,436,Bagodara_Pz_II,CGWB,24,Gujarat,438,Ahmedabad,BAVLA,BAVLA,Bagodara,-,-,-,-,-,-,22.64166667,72.21388889,,30-05-2023 10:00,5.26
437,437,Bajana,CGWB,24,Gujarat,460,Surendranagar,DASADA,DASADA,Bajana,-,-,-,-,-,-,23.11666667,71.78333333,,10-01-2021 00:00,1.83
438,438,Bajana,CGWB,24,Gujarat,460,Surendranagar,DASADA,DASADA,Bajana,-,-,-,-,-,-,23.11666667,71.78333333,,31-08-2021 06:00,-1.04
439,439,Bajana,CGWB,24,Gujarat,460,Surendranagar,DASADA,DASADA,Bajana,-,-,-,-,-,-,23.11666667,71.78333333,,30-11-2021 06:00,1.07
440,440,Bajana,CGWB,24,Gujarat,460,Surendranagar,DASADA,DASADA,Bajana,-,-,-,-,-,-,23.11666667,71.78333333,,30-01-2022 07:00,1.91
441,441,Bajana,CGWB,24,Gujarat,460,Surendranagar,DASADA,DASADA,Bajana,-,-,-,-,-,-,23.11666667,71.78333333,,30-05-2022 06:00,2.28
442,442,Bajana,CGWB,24,Gujarat,460,Surendranagar,DASADA,DASADA,Bajana,-,-,-,-,-,-,23.11666667,71.78333333,,30-08-2022 06:00,1.06
443,443,Bajana,CGWB,24,Gujarat,460,Surendranagar,DASADA,DASADA,Bajana,-,-,-,-,-,-,23.11666667,71.78333333,,10-11-2022 06:00,1.66
444,444,Bakharla,CGWB,24,Gujarat,456,Porbandar,PORBANDAR,PORBANDAR,Bakharla,-,-,-,-,-,-,21.76472222,69.66111111,,10-01-2021 00:00,5.91
445,445,Bakharla,CGWB,24,Gujarat,456,Porbandar,PORBANDAR,PORBANDAR,Bakharla,-,-,-,-,-,-,21.76472222,69.66111111,,31-08-2021 06:00,6.76
446,446,Bakharla,CGWB,24,Gujarat,456,Porbandar,PORBANDAR,PORBANDAR,Bakharla,-,-,-,-,-,-,21.76472222,69.66111111,,30-11-2021 06:00,2.51
447,447,Bakharla,CGWB,24,Gujarat,456,Porbandar,PORBANDAR,PORBANDAR,Bakharla,-,-,-,-,-,-,21.76472222,69.66111111,,30-01-2022 07:00,6.31
448,448,Bakharla,CGWB,24,Gujarat,456,Porbandar,PORBANDAR,PORBANDAR,Bakharla,-,-,-,-,-,-,21.76472222,69.66111111,,30-05-2022 06:00,11.39
449,449,Bakharla,CGWB,24,Gujarat,456,Porbandar,PORBANDAR,PORBANDAR,Bakharla,-,-,-,-,-,-,21.76472222,69.66111111,,30-08-2022 06:00,2.07
450,450,Bakharla,CGWB,24,Gujarat,456,Porbandar,PORBANDAR,PORBANDAR,Bakharla,-,-,-,-,-,-,21.76472222,69.66111111,,10-11-2022 06:00,3.52
451,451,Bakharla,CGWB,24,Gujarat,456,Porbandar,PORBANDAR,PORBANDAR,Bakharla,-,-,-,-,-,-,21.76472222,69.66111111,,30-05-2023 10:00,11.2300005
452,452,Baladgam,CGWB,24,Gujarat,461,Vadodara,KAVANT,KAVANT,Baladgam,-,-,-,-,-,-,22.13750000,74.00833333,,10-01-2021 00:00,13
453,453,Baladgam,CGWB,24,Gujarat,461,Vadodara,KAVANT,KAVANT,Baladgam,-,-,-,-,-,-,22.13750000,74.00833333,,31-08-2021 06:00,13
454,454,Baladgam,CGWB,24,Gujarat,461,Vadodara,KAVANT,KAVANT,Baladgam,-,-,-,-,-,-,22.13750000,74.00833333,,30-11-2021 06:00,9.45
455,455,Baladgam,CGWB,24,Gujarat,461,Vadodara,KAVANT,KAVANT,Baladgam,-,-,-,-,-,-,22.13750000,74.00833333,,30-01-2022 07:00,6.31
456,456,Baladgam,CGWB,24,Gujarat,461,Vadodara,KAVANT,KAVANT,Baladgam,-,-,-,-,-,-,22.13750000,74.00833333,,30-08-2022 06:00,5.56
457,457,Baladgam,CGWB,24,Gujarat,461,Vadodara,KAVANT,KAVANT,Baladgam,-,-,-,-,-,-,22.13750000,74.00833333,,10-11-2022 06:00,11.75
458,458,Baladgam,CGWB,24,Gujarat,461,Vadodara,KAVANT,KAVANT,Baladgam,-,-,-,-,-,-,22.13750000,74.00833333,,30-05-2023 10:00,12.65
459,459,Balasar,CGWB,24,Gujarat,449,Kachchh,RAPAR,RAPAR,Balasar,-,-,-,-,-,-,23.84444444,70.66944444,,10-01-2021 00:00,7.62
460,460,Balasar,CGWB,24,Gujarat,449,Kachchh,RAPAR,RAPAR,Balasar,-,-,-,-,-,-,23.84444444,70.66944444,,31-08-2021 06:00,7.02
461,461,Balasar,CGWB,24,Gujarat,449,Kachchh,RAPAR,RAPAR,Balasar,-,-,-,-,-,-,23.84444444,70.66944444,,30-11-2021 06:00,6.93
462,462,Balasar,CGWB,24,Gujarat,449,Kachchh,RAPAR,RAPAR,Balasar,-,-,-,-,-,-,23.84444444,70.66944444,,30-01-2022 07:00,6.91
463,463,Balasar,CGWB,24,Gujarat,449,Kachchh,RAPAR,RAPAR,Balasar,-,-,-,-,-,-,23.84444444,70.66944444,,30-05-2022 06:00,7.15
464,464,Balasar,CGWB,24,Gujarat,449,Kachchh,RAPAR,RAPAR,Balasar,-,-,-,-,-,-,23.84444444,70.66944444,,30-08-2022 06:00,5.7
465,465,Balasar,CGWB,24,Gujarat,449,Kachchh,RAPAR,RAPAR,Balasar,-,-,-,-,-,-,23.84444444,70.66944444,,10-11-2022 06:00,7.84
466,466,Balasar,CGWB,24,Gujarat,449,Kachchh,RAPAR,RAPAR,Balasar,-,-,-,-,-,-,23.84444444,70.66944444,,30-05-2023 10:00,6.97
467,467,Balasinor,CGWB,24,Gujarat,450,Kheda,BALASINOR,BALASINOR,Balasinor,-,-,-,-,-,-,22.95833333,73.33611111,,10-01-2021 00:00,3.6
468,468,Balasinor,CGWB,24,Gujarat,450,Kheda,BALASINOR,BALASINOR,Balasinor,-,-,-,-,-,-,22.95833333,73.33611111,,10-11-2022 06:00,2.66
469,469,Balasinor,CGWB,24,Gujarat,450,Kheda,BALASINOR,BALASINOR,Balasinor,-,-,-,-,-,-,22.95833333,73.33611111,,10-01-2023 18:00,4.11
470,470,Balasinor1,CGWB,24,Gujarat,450,Kheda,BALASINOR,BALASINOR,Balasinor,-,-,-,-,-,-,22.95000000,73.32500000,,10-01-2021 00:00,7.3
471,471,Balasinor1,CGWB,24,Gujarat,450,Kheda,BALASINOR,BALASINOR,Balasinor,-,-,-,-,-,-,22.95000000,73.32500000,,10-11-2022 06:00,2.8
472,472,Balasinor1,CGWB,24,Gujarat,450,Kheda,BALASINOR,BALASINOR,Balasinor,-,-,-,-,-,-,22.95000000,73.32500000,,10-01-2023 18:00,3.53
473,473,Balej,CGWB,24,Gujarat,456,Porbandar,PORBANDAR,PORBANDAR,Balej,-,-,-,-,-,-,21.37083333,69.87500000,,10-01-2021 00:00,2.48
474,474,Balej,CGWB,24,Gujarat,456,Porbandar,PORBANDAR,PORBANDAR,Balej,-,-,-,-,-,-,21.37083333,69.87500000,,31-08-2021 06:00,1.25
475,475,Balej,CGWB,24,Gujarat,456,Porbandar,PORBANDAR,PORBANDAR,Balej,-,-,-,-,-,-,21.37083333,69.87500000,,30-11-2021 06:00,3.7
476,476,Balej,CGWB,24,Gujarat,456,Porbandar,PORBANDAR,PORBANDAR,Balej,-,-,-,-,-,-,21.37083333,69.87500000,,30-01-2022 07:00,5.8
477,477,Balej,CGWB,24,Gujarat,456,Porbandar,PORBANDAR,PORBANDAR,Balej,-,-,-,-,-,-,21.37083333,69.87500000,,30-05-2022 06:00,2.89
478,478,Balej,CGWB,24,Gujarat,456,Porbandar,PORBANDAR,PORBANDAR,Balej,-,-,-,-,-,-,21.37083333,69.87500000,,30-08-2022 06:00,1.1
479,479,Balej,CGWB,24,Gujarat,456,Porbandar,PORBANDAR,PORBANDAR,Balej,-,-,-,-,-,-,21.37083333,69.87500000,,10-11-2022 06:00,2.33
480,480,Balej,CGWB,24,Gujarat,456,Porbandar,PORBANDAR,PORBANDAR,Balej,-,-,-,-,-,-,21.37083333,69.87500000,,30-05-2023 10:00,3.05
481,481,Balej_1,CGWB,24,Gujarat,456,Porbandar,PORBANDAR,PORBANDAR,Balej,-,-,-,-,-,-,21.37083333,69.87500000,,30-01-2022 07:00,5.6
482,482,Balodhar_Pz-I,CGWB,24,Gujarat,441,Banaskantha,DEESA,DEESA,Balodhar,-,-,-,-,-,-,24.23055556,71.91222222,,30-08-2022 06:00,179.8
483,483,Balodhar_Pz-I,CGWB,24,Gujarat,441,Banaskantha,DEESA,DEESA,Balodhar,-,-,-,-,-,-,24.23055556,71.91222222,,10-11-2022 06:00,178.71
484,484,Balwa,CGWB,24,Gujarat,447,Jamnagar,JAMJODHPUR,JAMJODHPUR,Balwa,-,-,-,-,-,-,21.90416667,69.95833333,,10-01-2021 00:00,11.44
485,485,Balwa,CGWB,24,Gujarat,447,Jamnagar,JAMJODHPUR,JAMJODHPUR,Balwa,-,-,-,-,-,-,21.90416667,69.95833333,,31-08-2021 06:00,20.04
486,486,Balwa,CGWB,24,Gujarat,447,Jamnagar,JAMJODHPUR,JAMJODHPUR,Balwa,-,-,-,-,-,-,21.90416667,69.95833333,,30-11-2021 06:00,5.89
487,487,Balwa,CGWB,24,Gujarat,447,Jamnagar,JAMJODHPUR,JAMJODHPUR,Balwa,-,-,-,-,-,-,21.90416667,69.95833333,,30-01-2022 07:00,11.9
488,488,Balwa,CGWB,24,Gujarat,447,Jamnagar,JAMJODHPUR,JAMJODHPUR,Balwa,-,-,-,-,-,-,21.90416667,69.95833333,,30-05-2022 06:00,19.24
489,489,Balwa,CGWB,24,Gujarat,447,Jamnagar,JAMJODHPUR,JAMJODHPUR,Balwa,-,-,-,-,-,-,21.90416667,69.95833333,,30-08-2022 06:00,2.19
490,490,Balwa,CGWB,24,Gujarat,447,Jamnagar,JAMJODHPUR,JAMJODHPUR,Balwa,-,-,-,-,-,-,21.90416667,69.95833333,,10-11-2022 06:00,8.54
491,491,Balwa,CGWB,24,Gujarat,447,Jamnagar,JAMJODHPUR,JAMJODHPUR,Balwa,-,-,-,-,-,-,21.90416667,69.95833333,,30-05-2023 10:00,17.8
492,492,Bamanbor,CGWB,24,Gujarat,460,Surendranagar,CHOTILA,CHOTILA,Bamanbor,-,-,-,-,-,-,22.41666667,71.04166667,,10-01-2021 00:00,7
493,493,Bamanbor,CGWB,24,Gujarat,460,Surendranagar,CHOTILA,CHOTILA,Bamanbor,-,-,-,-,-,-,22.41666667,71.04166667,,31-08-2021 06:00,4.17
494,494,Bamanbor,CGWB,24,Gujarat,460,Surendranagar,CHOTILA,CHOTILA,Bamanbor,-,-,-,-,-,-,22.41666667,71.04166667,,30-11-2021 06:00,5.08
495,495,Bamanbor,CGWB,24,Gujarat,460,Surendranagar,CHOTILA,CHOTILA,Bamanbor,-,-,-,-,-,-,22.41666667,71.04166667,,30-01-2022 07:00,6.41
496,496,Bamanbor,CGWB,24,Gujarat,460,Surendranagar,CHOTILA,CHOTILA,Bamanbor,-,-,-,-,-,-,22.41666667,71.04166667,,30-05-2022 06:00,9.45
497,497,Bamanbor,CGWB,24,Gujarat,460,Surendranagar,CHOTILA,CHOTILA,Bamanbor,-,-,-,-,-,-,22.41666667,71.04166667,,30-08-2022 06:00,3.57
498,498,Bamanbor,CGWB,24,Gujarat,460,Surendranagar,CHOTILA,CHOTILA,Bamanbor,-,-,-,-,-,-,22.41666667,71.04166667,,10-11-2022 06:00,5.4
499,499,Bamanbor,CGWB,24,Gujarat,460,Surendranagar,CHOTILA,CHOTILA,Bamanbor,-,-,-,-,-,-,22.41666667,71.04166667,,30-05-2023 10:00,13.47
500,500,Baman Phalia_Pz,CGWB,24,Gujarat,452,Narmada,NANDOD,NANDOD,Baman Phalia,-,-,-,-,-,-,21.79833333,73.37916667,,10-01-2021 00:00,14.2
501,501,Baman Phalia_Pz,CGWB,24,Gujarat,452,Narmada,NANDOD,NANDOD,Baman Phalia,-,-,-,-,-,-,21.79833333,73.37916667,,31-08-2021 06:00,19.67
502,502,Baman Phalia_Pz,CGWB,24,Gujarat,452,Narmada,NANDOD,NANDOD,Baman Phalia,-,-,-,-,-,-,21.79833333,73.37916667,,30-11-2021 06:00,14.6
503,503,Baman Phalia_Pz,CGWB,24,Gujarat,452,Narmada,NANDOD,NANDOD,Baman Phalia,-,-,-,-,-,-,21.79833333,73.37916667,,30-01-2022 07:00,15.12
504,504,Baman Phalia_Pz,CGWB,24,Gujarat,452,Narmada,NANDOD,NANDOD,Baman Phalia,-,-,-,-,-,-,21.79833333,73.37916667,,30-05-2022 06:00,21.3
505,505,Baman Phalia_Pz,CGWB,24,Gujarat,452,Narmada,NANDOD,NANDOD,Baman Phalia,-,-,-,-,-,-,21.79833333,73.37916667,,10-11-2022 06:00,11.6
506,506,Baman Phalia_Pz,CGWB,24,Gujarat,452,Narmada,NANDOD,NANDOD,Baman Phalia,-,-,-,-,-,-,21.79833333,73.37916667,,30-05-2023 10:00,20.06
507,507,Bamanwara,CGWB,24,Gujarat,448,Junagadh,MANGROL,MANGROL,Bamanwara,-,-,-,-,-,-,21.22083333,70.05555556,,10-01-2021 00:00,6.14
508,508,Bamanwara,CGWB,24,Gujarat,448,Junagadh,MANGROL,MANGROL,Bamanwara,-,-,-,-,-,-,21.22083333,70.05555556,,31-08-2021 06:00,4.31
509,509,Bamanwara,CGWB,24,Gujarat,448,Junagadh,MANGROL,MANGROL,Bamanwara,-,-,-,-,-,-,21.22083333,70.05555556,,30-11-2021 06:00,1.31
510,510,Bamanwara,CGWB,24,Gujarat,448,Junagadh,MANGROL,MANGROL,Bamanwara,-,-,-,-,-,-,21.22083333,70.05555556,,30-01-2022 07:00,3.48
511,511,Bamanwara,CGWB,24,Gujarat,448,Junagadh,MANGROL,MANGROL,Bamanwara,-,-,-,-,-,-,21.22083333,70.05555556,,30-05-2022 06:00,7.91
512,512,Bamanwara,CGWB,24,Gujarat,448,Junagadh,MANGROL,MANGROL,Bamanwara,-,-,-,-,-,-,21.22083333,70.05555556,,30-08-2022 06:00,1.16
513,513,Bamanwara,CGWB,24,Gujarat,448,Junagadh,MANGROL,MANGROL,Bamanwara,-,-,-,-,-,-,21.22083333,70.05555556,,10-11-2022 06:00,2.66
514,514,Bamanwara,CGWB,24,Gujarat,448,Junagadh,MANGROL,MANGROL,Bamanwara,-,-,-,-,-,-,21.22083333,70.05555556,,30-05-2023 10:00,7.51
515,515,Bambhdai,CGWB,24,Gujarat,449,Kachchh,MANDVI,MANDVI,Bambhdai,-,-,-,-,-,-,22.93888889,69.08277778,,10-01-2021 00:00,3.72
516,516,Bambhdai,CGWB,24,Gujarat,449,Kachchh,MANDVI,MANDVI,Bambhdai,-,-,-,-,-,-,22.93888889,69.08277778,,31-08-2021 06:00,4.43
517,517,Bambhdai,CGWB,24,Gujarat,449,Kachchh,MANDVI,MANDVI,Bambhdai,-,-,-,-,-,-,22.93888889,69.08277778,,30-11-2021 06:00,5.05
518,518,Bambhdai,CGWB,24,Gujarat,449,Kachchh,MANDVI,MANDVI,Bambhdai,-,-,-,-,-,-,22.93888889,69.08277778,,30-01-2022 07:00,4.35
519,519,Bambhdai,CGWB,24,Gujarat,449,Kachchh,MANDVI,MANDVI,Bambhdai,-,-,-,-,-,-,22.93888889,69.08277778,,30-05-2022 06:00,6.05
520,520,Bambhdai,CGWB,24,Gujarat,449,Kachchh,MANDVI,MANDVI,Bambhdai,-,-,-,-,-,-,22.93888889,69.08277778,,30-08-2022 06:00,4.2
521,521,Bambhdai,CGWB,24,Gujarat,449,Kachchh,MANDVI,MANDVI,Bambhdai,-,-,-,-,-,-,22.93888889,69.08277778,,10-11-2022 06:00,5.36
522,522,Bambhdai,CGWB,24,Gujarat,449,Kachchh,MANDVI,MANDVI,Bambhdai,-,-,-,-,-,-,22.93888889,69.08277778,,30-05-2023 10:00,4.56
523,523,Bandhani,CGWB,24,Gujarat,440,Anand,PETLAD,PETLAD,Bandhani,-,-,-,-,-,-,22.54166667,72.81666667,,10-01-2021 00:00,5.77
524,524,Bandhani,CGWB,24,Gujarat,440,Anand,PETLAD,PETLAD,Bandhani,-,-,-,-,-,-,22.54166667,72.81666667,,31-08-2021 06:00,5.95
525,525,Bandhani,CGWB,24,Gujarat,440,Anand,PETLAD,PETLAD,Bandhani,-,-,-,-,-,-,22.54166667,72.81666667,,30-11-2021 06:00,6.05
526,526,Bandhani,CGWB,24,Gujarat,440,Anand,PETLAD,PETLAD,Bandhani,-,-,-,-,-,-,22.54166667,72.81666667,,30-01-2022 07:00,4.78
527,527,Bandhani,CGWB,24,Gujarat,440,Anand,PETLAD,PETLAD,Bandhani,-,-,-,-,-,-,22.54166667,72.81666667,,30-05-2022 06:00,6.39
528,528,Bandhani,CGWB,24,Gujarat,440,Anand,PETLAD,PETLAD,Bandhani,-,-,-,-,-,-,22.54166667,72.81666667,,30-08-2022 06:00,6.09
529,529,Bandhani,CGWB,24,Gujarat,440,Anand,PETLAD,PETLAD,Bandhani,-,-,-,-,-,-,22.54166667,72.81666667,,10-11-2022 06:00,5.15
530,530,Bandhani,CGWB,24,Gujarat,440,Anand,PETLAD,PETLAD,Bandhani,-,-,-,-,-,-,22.54166667,72.81666667,,01-01-2023 00:00,6.06
531,531,Bandhani,CGWB,24,Gujarat,440,Anand,PETLAD,PETLAD,Bandhani,-,-,-,-,-,-,22.54166667,72.81666667,,30-05-2023 10:00,6.5499997
532,532,Bantva,CGWB,24,Gujarat,448,Junagadh,MANAVADAR,MANAVADAR,Bantva,-,-,-,-,-,-,21.48750000,70.08333333,,10-01-2021 00:00,5.67
533,533,Bantva,CGWB,24,Gujarat,448,Junagadh,MANAVADAR,MANAVADAR,Bantva,-,-,-,-,-,-,21.48750000,70.08333333,,31-08-2021 06:00,5.15
534,534,Bantva,CGWB,24,Gujarat,448,Junagadh,MANAVADAR,MANAVADAR,Bantva,-,-,-,-,-,-,21.48750000,70.08333333,,30-11-2021 06:00,5.1
535,535,Bantva,CGWB,24,Gujarat,448,Junagadh,MANAVADAR,MANAVADAR,Bantva,-,-,-,-,-,-,21.48750000,70.08333333,,30-01-2022 07:00,4.98
536,536,Bantva,CGWB,24,Gujarat,448,Junagadh,MANAVADAR,MANAVADAR,Bantva,-,-,-,-,-,-,21.48750000,70.08333333,,30-05-2022 06:00,11.38
537,537,Bantva,CGWB,24,Gujarat,448,Junagadh,MANAVADAR,MANAVADAR,Bantva,-,-,-,-,-,-,21.48750000,70.08333333,,30-08-2022 06:00,2.93
538,538,Bantva,CGWB,24,Gujarat,448,Junagadh,MANAVADAR,MANAVADAR,Bantva,-,-,-,-,-,-,21.48750000,70.08333333,,10-11-2022 06:00,6.02
539,539,Bantva,CGWB,24,Gujarat,448,Junagadh,MANAVADAR,MANAVADAR,Bantva,-,-,-,-,-,-,21.48750000,70.08333333,,30-05-2023 10:00,10.3
540,540,Bapda,CGWB,24,Gujarat,445,Dohad,DEVGAD BARIA,DEVGAD BARIA,Bapda,-,-,-,-,-,-,22.67000000,73.84166667,,10-01-2021 00:00,8.52
541,541,Bapda,CGWB,24,Gujarat,445,Dohad,DEVGAD BARIA,DEVGAD BARIA,Bapda,-,-,-,-,-,-,22.67000000,73.84166667,,31-08-2021 06:00,4.48
542,542,Bapda,CGWB,24,Gujarat,445,Dohad,DEVGAD BARIA,DEVGAD BARIA,Bapda,-,-,-,-,-,-,22.67000000,73.84166667,,30-11-2021 06:00,2.45
543,543,Bapda,CGWB,24,Gujarat,445,Dohad,DEVGAD BARIA,DEVGAD BARIA,Bapda,-,-,-,-,-,-,22.67000000,73.84166667,,30-01-2022 07:00,3.95
544,544,Bapda,CGWB,24,Gujarat,445,Dohad,DEVGAD BARIA,DEVGAD BARIA,Bapda,-,-,-,-,-,-,22.67000000,73.84166667,,30-05-2022 06:00,6.25
545,545,Bapda,CGWB,24,Gujarat,445,Dohad,DEVGAD BARIA,DEVGAD BARIA,Bapda,-,-,-,-,-,-,22.67000000,73.84166667,,30-08-2022 06:00,2.13
546,546,Bapda,CGWB,24,Gujarat,445,Dohad,DEVGAD BARIA,DEVGAD BARIA,Bapda,-,-,-,-,-,-,22.67000000,73.84166667,,10-11-2022 06:00,7.88
547,547,Bapda,CGWB,24,Gujarat,445,Dohad,DEVGAD BARIA,DEVGAD BARIA,Bapda,-,-,-,-,-,-,22.67000000,73.84166667,,30-05-2023 10:00,4.87
548,548,Bar,CGWB,24,Gujarat,450,Kheda,VIRPUR,VIRPUR,Bar,-,-,-,-,-,-,23.16805556,73.41111111,,10-01-2021 00:00,3.18
549,549,Bar,CGWB,24,Gujarat,450,Kheda,VIRPUR,VIRPUR,Bar,-,-,-,-,-,-,23.16805556,73.41111111,,31-08-2021 06:00,6.69
550,550,Bar,CGWB,24,Gujarat,450,Kheda,VIRPUR,VIRPUR,Bar,-,-,-,-,-,-,23.16805556,73.41111111,,30-11-2021 06:00,3.43
551,551,Bar,CGWB,24,Gujarat,450,Kheda,VIRPUR,VIRPUR,Bar,-,-,-,-,-,-,23.16805556,73.41111111,,30-01-2022 07:00,5.84
552,552,Bar,CGWB,24,Gujarat,450,Kheda,VIRPUR,VIRPUR,Bar,-,-,-,-,-,-,23.16805556,73.41111111,,10-11-2022 06:00,1.99
553,553,Bar,CGWB,24,Gujarat,450,Kheda,VIRPUR,VIRPUR,Bar,-,-,-,-,-,-,23.16805556,73.41111111,,10-01-2023 18:00,3.2
554,554,Bar,CGWB,24,Gujarat,450,Kheda,VIRPUR,VIRPUR,Bar,-,-,-,-,-,-,23.16805556,73.41111111,,30-05-2023 10:00,
555,555,Bardipada,CGWB,24,Gujarat,444,Dang,The dangs,The dangs,Bardipada,-,-,-,-,-,-,20.96666667,73.64166667,,30-05-2023 10:00,12.49
556,556,Bardipada,CGWB,24,Gujarat,444,Dang,The dangs,The dangs,Bardipada,-,-,-,-,-,-,20.96666667,73.64166667,,30-08-2023 18:00,0.21
557,557,Bardoli,CGWB,24,Gujarat,459,Surat,BARDOLI,BARDOLI,Bardoli,-,-,-,-,-,-,21.11527778,73.10000000,,10-01-2021 00:00,3.6
558,558,Bardoli,CGWB,24,Gujarat,459,Surat,BARDOLI,BARDOLI,Bardoli,-,-,-,-,-,-,21.11527778,73.10000000,,31-08-2021 06:00,3.5
559,559,Bardoli,CGWB,24,Gujarat,459,Surat,BARDOLI,BARDOLI,Bardoli,-,-,-,-,-,-,21.11527778,73.10000000,,30-11-2021 06:00,2.87
560,560,Bardoli,CGWB,24,Gujarat,459,Surat,BARDOLI,BARDOLI,Bardoli,-,-,-,-,-,-,21.11527778,73.10000000,,30-01-2022 07:00,3.35
561,561,Bardoli,CGWB,24,Gujarat,459,Surat,BARDOLI,BARDOLI,Bardoli,-,-,-,-,-,-,21.11527778,73.10000000,,30-05-2022 06:00,4.8
562,562,Bardoli,CGWB,24,Gujarat,459,Surat,BARDOLI,BARDOLI,Bardoli,-,-,-,-,-,-,21.11527778,73.10000000,,30-08-2022 06:00,1.75
563,563,Bardoli,CGWB,24,Gujarat,459,Surat,BARDOLI,BARDOLI,Bardoli,-,-,-,-,-,-,21.11527778,73.10000000,,10-11-2022 06:00,2.25
564,564,Bardoli,CGWB,24,Gujarat,459,Surat,BARDOLI,BARDOLI,Bardoli,-,-,-,-,-,-,21.11527778,73.10000000,,30-05-2023 10:00,4.31
565,565,Bari Pada,CGWB,24,Gujarat,444,Dang,The dangs,-,-,-,-,-,-,-,-,20.64000000,73.69138889,,10-01-2021 00:00,0.88
566,566,Bari Pada,CGWB,24,Gujarat,444,Dang,The dangs,-,-,-,-,-,-,-,-,20.64000000,73.69138889,,31-08-2021 06:00,3.15
567,567,Bari Pada,CGWB,24,Gujarat,444,Dang,The dangs,-,-,-,-,-,-,-,-,20.64000000,73.69138889,,30-11-2021 06:00,2.26
568,568,Bari Pada,CGWB,24,Gujarat,444,Dang,The dangs,-,-,-,-,-,-,-,-,20.64000000,73.69138889,,30-01-2022 07:00,1.45
569,569,Bari Pada,CGWB,24,Gujarat,444,Dang,The dangs,-,-,-,-,-,-,-,-,20.64000000,73.69138889,,30-05-2022 06:00,12.54
570,570,Bari Pada,CGWB,24,Gujarat,444,Dang,The dangs,-,-,-,-,-,-,-,-,20.64000000,73.69138889,,30-08-2022 06:00,5.75
571,571,Bari Pada,CGWB,24,Gujarat,444,Dang,The dangs,-,-,-,-,-,-,-,-,20.64000000,73.69138889,,10-11-2022 06:00,0.9
572,572,Bari Pada,CGWB,24,Gujarat,444,Dang,The dangs,-,-,-,-,-,-,-,-,20.64000000,73.69138889,,30-05-2023 10:00,13.049999
573,573,Bari Pada,CGWB,24,Gujarat,444,Dang,The dangs,-,-,-,-,-,-,-,-,20.64000000,73.69138889,,30-08-2023 18:00,2.8000002
574,574,Barvala,CGWB,24,Gujarat,438,Ahmedabad,BARWALA,BARWALA,Barvala,-,-,-,-,-,-,22.15000000,71.89166667,,10-01-2021 00:00,3.82
575,575,Barvala,CGWB,24,Gujarat,438,Ahmedabad,BARWALA,BARWALA,Barvala,-,-,-,-,-,-,22.15000000,71.89166667,,31-08-2021 06:00,2.93
576,576,Barvala,CGWB,24,Gujarat,438,Ahmedabad,BARWALA,BARWALA,Barvala,-,-,-,-,-,-,22.15000000,71.89166667,,30-11-2021 06:00,1.64
577,577,Barvala,CGWB,24,Gujarat,438,Ahmedabad,BARWALA,BARWALA,Barvala,-,-,-,-,-,-,22.15000000,71.89166667,,30-01-2022 07:00,3.03
578,578,Barvala,CGWB,24,Gujarat,438,Ahmedabad,BARWALA,BARWALA,Barvala,-,-,-,-,-,-,22.15000000,71.89166667,,30-05-2022 06:00,4.6
579,579,Barvala,CGWB,24,Gujarat,438,Ahmedabad,BARWALA,BARWALA,Barvala,-,-,-,-,-,-,22.15000000,71.89166667,,30-08-2022 06:00,2.88
580,580,Barvala,CGWB,24,Gujarat,438,Ahmedabad,BARWALA,BARWALA,Barvala,-,-,-,-,-,-,22.15000000,71.89166667,,10-11-2022 06:00,4.9
581,581,Barvala,CGWB,24,Gujarat,438,Ahmedabad,BARWALA,BARWALA,Barvala,-,-,-,-,-,-,22.15000000,71.89166667,,10-01-2023 18:00,5.01
582,582,Barvala,CGWB,24,Gujarat,438,Ahmedabad,BARWALA,BARWALA,Barvala,-,-,-,-,-,-,22.15000000,71.89166667,,30-05-2023 10:00,5.39
583,583,Bavaliya_Pz,CGWB,24,Gujarat,454,Panchmahals,KHANPUR,KHANPUR,Bavaliya,-,-,-,-,-,-,23.30666667,73.55500000,,10-01-2021 00:00,17.95
584,584,Bavaliya_Pz,CGWB,24,Gujarat,454,Panchmahals,KHANPUR,KHANPUR,Bavaliya,-,-,-,-,-,-,23.30666667,73.55500000,,31-08-2021 06:00,25.86
585,585,Bavaliya_Pz,CGWB,24,Gujarat,454,Panchmahals,KHANPUR,KHANPUR,Bavaliya,-,-,-,-,-,-,23.30666667,73.55500000,,30-11-2021 06:00,17.55
586,586,Bavaliya_Pz,CGWB,24,Gujarat,454,Panchmahals,KHANPUR,KHANPUR,Bavaliya,-,-,-,-,-,-,23.30666667,73.55500000,,30-01-2022 07:00,26.55
587,587,Bavaliya_Pz,CGWB,24,Gujarat,454,Panchmahals,KHANPUR,KHANPUR,Bavaliya,-,-,-,-,-,-,23.30666667,73.55500000,,30-05-2022 06:00,32
588,588,Bavaliya_Pz,CGWB,24,Gujarat,454,Panchmahals,KHANPUR,KHANPUR,Bavaliya,-,-,-,-,-,-,23.30666667,73.55500000,,10-11-2022 06:00,4.86
589,589,Bavaliya_Pz,CGWB,24,Gujarat,454,Panchmahals,KHANPUR,KHANPUR,Bavaliya,-,-,-,-,-,-,23.30666667,73.55500000,,10-01-2023 18:00,5.88
590,590,Bavaliya_Pz,CGWB,24,Gujarat,454,Panchmahals,KHANPUR,KHANPUR,Bavaliya,-,-,-,-,-,-,23.30666667,73.55500000,,30-05-2023 10:00,31.66
591,591,Bayad_Pz,CGWB,24,Gujarat,458,Sabarkantha,BAYAD,BAYAD,Bayad,-,-,-,-,-,-,23.21666667,73.22916667,,10-01-2021 00:00,10.4
592,592,Bayad_Pz,CGWB,24,Gujarat,458,Sabarkantha,BAYAD,BAYAD,Bayad,-,-,-,-,-,-,23.21666667,73.22916667,,30-05-2022 06:00,10.55
593,593,Bayad_Pz,CGWB,24,Gujarat,458,Sabarkantha,BAYAD,BAYAD,Bayad,-,-,-,-,-,-,23.21666667,73.22916667,,30-08-2022 06:00,11.05
594,594,Bayad_Pz,CGWB,24,Gujarat,458,Sabarkantha,BAYAD,BAYAD,Bayad,-,-,-,-,-,-,23.21666667,73.22916667,,10-11-2022 06:00,9
595,595,Bayad_Pz,CGWB,24,Gujarat,458,Sabarkantha,BAYAD,BAYAD,Bayad,-,-,-,-,-,-,23.21666667,73.22916667,,10-01-2023 18:00,9.35
596,596,Bayad_Pz,CGWB,24,Gujarat,458,Sabarkantha,BAYAD,BAYAD,Bayad,-,-,-,-,-,-,23.21666667,73.22916667,,30-05-2023 10:00,13.08
597,597,Bed1,CGWB,24,Gujarat,447,Jamnagar,JAMNAGAR,JAMNAGAR,Bed,-,-,-,-,-,-,22.43750000,69.90000000,,10-01-2021 00:00,5.49
598,598,Bed1,CGWB,24,Gujarat,447,Jamnagar,JAMNAGAR,JAMNAGAR,Bed,-,-,-,-,-,-,22.43750000,69.90000000,,31-08-2021 06:00,4.84
599,599,Bed1,CGWB,24,Gujarat,447,Jamnagar,JAMNAGAR,JAMNAGAR,Bed,-,-,-,-,-,-,22.43750000,69.90000000,,30-11-2021 06:00,4.09
600,600,Bed1,CGWB,24,Gujarat,447,Jamnagar,JAMNAGAR,JAMNAGAR,Bed,-,-,-,-,-,-,22.43750000,69.90000000,,30-01-2022 07:00,5.66
601,601,Bed1,CGWB,24,Gujarat,447,Jamnagar,JAMNAGAR,JAMNAGAR,Bed,-,-,-,-,-,-,22.43750000,69.90000000,,30-05-2022 06:00,7.5
602,602,Bed1,CGWB,24,Gujarat,447,Jamnagar,JAMNAGAR,JAMNAGAR,Bed,-,-,-,-,-,-,22.43750000,69.90000000,,30-08-2022 06:00,3.74
603,603,Bed1,CGWB,24,Gujarat,447,Jamnagar,JAMNAGAR,JAMNAGAR,Bed,-,-,-,-,-,-,22.43750000,69.90000000,,10-11-2022 06:00,5.01
604,604,Bed1,CGWB,24,Gujarat,447,Jamnagar,JAMNAGAR,JAMNAGAR,Bed,-,-,-,-,-,-,22.43750000,69.90000000,,30-05-2023 10:00,8.75
605,605,Bedanpur,CGWB,24,Gujarat,447,Jamnagar,JODIYA,JODIYA,Bedanpur,-,-,-,-,-,-,22.68333333,70.31666667,,10-01-2021 00:00,1.02
606,606,Bedanpur,CGWB,24,Gujarat,447,Jamnagar,JODIYA,JODIYA,Bedanpur,-,-,-,-,-,-,22.68333333,70.31666667,,30-11-2021 06:00,1.1
607,607,Bedanpur,CGWB,24,Gujarat,447,Jamnagar,JODIYA,JODIYA,Bedanpur,-,-,-,-,-,-,22.68333333,70.31666667,,30-01-2022 07:00,2.22
608,608,Bedanpur,CGWB,24,Gujarat,447,Jamnagar,JODIYA,JODIYA,Bedanpur,-,-,-,-,-,-,22.68333333,70.31666667,,30-05-2022 06:00,1.62
609,609,Bedanpur,CGWB,24,Gujarat,447,Jamnagar,JODIYA,JODIYA,Bedanpur,-,-,-,-,-,-,22.68333333,70.31666667,,30-08-2022 06:00,1.3
610,610,Bedanpur,CGWB,24,Gujarat,447,Jamnagar,JODIYA,JODIYA,Bedanpur,-,-,-,-,-,-,22.68333333,70.31666667,,10-11-2022 06:00,1.04
611,611,Bedanpur,CGWB,24,Gujarat,447,Jamnagar,JODIYA,JODIYA,Bedanpur,-,-,-,-,-,-,22.68333333,70.31666667,,30-05-2023 10:00,2.25
612,612,Bedchit,CGWB,24,Gujarat,459,Surat,VYARA,VYARA,Bedchit,-,-,-,-,-,-,20.95000000,73.35138889,,31-08-2021 06:00,3.66
613,613,Bedchit,CGWB,24,Gujarat,459,Surat,VYARA,VYARA,Bedchit,-,-,-,-,-,-,20.95000000,73.35138889,,30-11-2021 06:00,4.75
614,614,Bedchit,CGWB,24,Gujarat,459,Surat,VYARA,VYARA,Bedchit,-,-,-,-,-,-,20.95000000,73.35138889,,30-01-2022 07:00,7.4
615,615,Bedchit,CGWB,24,Gujarat,459,Surat,VYARA,VYARA,Bedchit,-,-,-,-,-,-,20.95000000,73.35138889,,30-08-2022 06:00,4.1
616,616,Bedchit,CGWB,24,Gujarat,459,Surat,VYARA,VYARA,Bedchit,-,-,-,-,-,-,20.95000000,73.35138889,,10-11-2022 06:00,7.2
617,617,Bedchit,CGWB,24,Gujarat,459,Surat,VYARA,VYARA,Bedchit,-,-,-,-,-,-,20.95000000,73.35138889,,30-05-2023 10:00,8.72
618,618,Bedkuva,CGWB,24,Gujarat,459,Surat,BARDOLI,BARDOLI,Bardoli,-,-,-,-,-,-,21.18500000,73.28805556,,01-01-2023 00:00,3.42
619,619,Bedkuva,CGWB,24,Gujarat,459,Surat,BARDOLI,BARDOLI,Bardoli,-,-,-,-,-,-,21.18500000,73.28805556,,30-08-2023 18:00,2.5
620,620,Bhabhar  iii,CGWB,24,Gujarat,441,Banaskantha,BHABHAR,BHABHAR,Bhabhar  iii,-,-,-,-,-,-,24.05972222,71.59611111,,10-01-2021 00:00,28.34
621,621,Bhabhar  iii,CGWB,24,Gujarat,441,Banaskantha,BHABHAR,BHABHAR,Bhabhar  iii,-,-,-,-,-,-,24.05972222,71.59611111,,31-08-2021 06:00,28.08
622,622,Bhabhar  iii,CGWB,24,Gujarat,441,Banaskantha,BHABHAR,BHABHAR,Bhabhar  iii,-,-,-,-,-,-,24.05972222,71.59611111,,30-11-2021 06:00,26.94
623,623,Bhabhar  iii,CGWB,24,Gujarat,441,Banaskantha,BHABHAR,BHABHAR,Bhabhar  iii,-,-,-,-,-,-,24.05972222,71.59611111,,30-01-2022 07:00,28.6
624,624,Bhabhar  iii,CGWB,24,Gujarat,441,Banaskantha,BHABHAR,BHABHAR,Bhabhar  iii,-,-,-,-,-,-,24.05972222,71.59611111,,30-05-2022 06:00,26.77
625,625,Bhabhar  iii,CGWB,24,Gujarat,441,Banaskantha,BHABHAR,BHABHAR,Bhabhar  iii,-,-,-,-,-,-,24.05972222,71.59611111,,30-08-2022 06:00,25.91
626,626,Bhabhar  iii,CGWB,24,Gujarat,441,Banaskantha,BHABHAR,BHABHAR,Bhabhar  iii,-,-,-,-,-,-,24.05972222,71.59611111,,10-11-2022 06:00,25.9
627,627,Bhabhar  iii,CGWB,24,Gujarat,441,Banaskantha,BHABHAR,BHABHAR,Bhabhar  iii,-,-,-,-,-,-,24.05972222,71.59611111,,01-01-2023 00:00,26.18
628,628,Bhada jodiya,CGWB,24,Gujarat,457,Rajkot,DHORAJI,DHORAJI,Bhada jodiya,-,-,-,-,-,-,21.66250000,70.34166667,,10-01-2021 00:00,3.18
629,629,Bhada jodiya,CGWB,24,Gujarat,457,Rajkot,DHORAJI,DHORAJI,Bhada jodiya,-,-,-,-,-,-,21.66250000,70.34166667,,31-08-2021 06:00,2.96
630,630,Bhada jodiya,CGWB,24,Gujarat,457,Rajkot,DHORAJI,DHORAJI,Bhada jodiya,-,-,-,-,-,-,21.66250000,70.34166667,,30-11-2021 06:00,1.7
631,631,Bhada jodiya,CGWB,24,Gujarat,457,Rajkot,DHORAJI,DHORAJI,Bhada jodiya,-,-,-,-,-,-,21.66250000,70.34166667,,30-01-2022 07:00,2.66
632,632,Bhada jodiya,CGWB,24,Gujarat,457,Rajkot,DHORAJI,DHORAJI,Bhada jodiya,-,-,-,-,-,-,21.66250000,70.34166667,,30-05-2022 06:00,15
633,633,Bhada jodiya,CGWB,24,Gujarat,457,Rajkot,DHORAJI,DHORAJI,Bhada jodiya,-,-,-,-,-,-,21.66250000,70.34166667,,30-08-2022 06:00,1.05
634,634,Bhada jodiya,CGWB,24,Gujarat,457,Rajkot,DHORAJI,DHORAJI,Bhada jodiya,-,-,-,-,-,-,21.66250000,70.34166667,,10-11-2022 06:00,2.5
635,635,Bhada jodiya,CGWB,24,Gujarat,457,Rajkot,DHORAJI,DHORAJI,Bhada jodiya,-,-,-,-,-,-,21.66250000,70.34166667,,30-08-2023 06:00,1.2
636,636,Bhadla,CGWB,24,Gujarat,457,Rajkot,JASDAN,JASDAN,Bhadla,-,-,-,-,-,-,22.18333333,71.09166667,,10-01-2021 00:00,6
637,637,Bhadla,CGWB,24,Gujarat,457,Rajkot,JASDAN,JASDAN,Bhadla,-,-,-,-,-,-,22.18333333,71.09166667,,31-08-2021 06:00,5.95
638,638,Bhadla,CGWB,24,Gujarat,457,Rajkot,JASDAN,JASDAN,Bhadla,-,-,-,-,-,-,22.18333333,71.09166667,,30-11-2021 06:00,6.91
639,639,Bhadla,CGWB,24,Gujarat,457,Rajkot,JASDAN,JASDAN,Bhadla,-,-,-,-,-,-,22.18333333,71.09166667,,30-01-2022 07:00,11.65
640,640,Bhadla,CGWB,24,Gujarat,457,Rajkot,JASDAN,JASDAN,Bhadla,-,-,-,-,-,-,22.18333333,71.09166667,,30-05-2022 06:00,13.7
641,641,Bhadla,CGWB,24,Gujarat,457,Rajkot,JASDAN,JASDAN,Bhadla,-,-,-,-,-,-,22.18333333,71.09166667,,30-08-2022 06:00,1.75
642,642,Bhadla,CGWB,24,Gujarat,457,Rajkot,JASDAN,JASDAN,Bhadla,-,-,-,-,-,-,22.18333333,71.09166667,,10-11-2022 06:00,5.3
643,643,Bhadla,CGWB,24,Gujarat,457,Rajkot,JASDAN,JASDAN,Bhadla,-,-,-,-,-,-,22.18333333,71.09166667,,30-05-2023 10:00,11.66
644,644,Bhadran,CGWB,24,Gujarat,440,Anand,BORSAD,BORSAD,Bhadran,-,-,-,-,-,-,22.35555556,72.89722222,,10-01-2021 00:00,15.25
645,645,Bhadran,CGWB,24,Gujarat,440,Anand,BORSAD,BORSAD,Bhadran,-,-,-,-,-,-,22.35555556,72.89722222,,31-08-2021 06:00,18.75
646,646,Bhadran,CGWB,24,Gujarat,440,Anand,BORSAD,BORSAD,Bhadran,-,-,-,-,-,-,22.35555556,72.89722222,,30-11-2021 06:00,16.6
647,647,Bhadran,CGWB,24,Gujarat,440,Anand,BORSAD,BORSAD,Bhadran,-,-,-,-,-,-,22.35555556,72.89722222,,30-01-2022 07:00,15.74
648,648,Bhadran,CGWB,24,Gujarat,440,Anand,BORSAD,BORSAD,Bhadran,-,-,-,-,-,-,22.35555556,72.89722222,,30-05-2022 06:00,18.95
649,649,Bhadran,CGWB,24,Gujarat,440,Anand,BORSAD,BORSAD,Bhadran,-,-,-,-,-,-,22.35555556,72.89722222,,30-08-2022 06:00,20.82
650,650,Bhadran,CGWB,24,Gujarat,440,Anand,BORSAD,BORSAD,Bhadran,-,-,-,-,-,-,22.35555556,72.89722222,,10-11-2022 06:00,14.8
651,651,Bhadran,CGWB,24,Gujarat,440,Anand,BORSAD,BORSAD,Bhadran,-,-,-,-,-,-,22.35555556,72.89722222,,01-01-2023 00:00,15
652,652,Bhadran,CGWB,24,Gujarat,440,Anand,BORSAD,BORSAD,Bhadran,-,-,-,-,-,-,22.35555556,72.89722222,,30-05-2023 10:00,17.75
653,653,Bhadreshwar,CGWB,24,Gujarat,458,Sabarkantha,IDAR,IDAR,Bhadreshwar,-,-,-,-,-,-,23.74583333,72.97916667,,10-01-2021 00:00,18.82
654,654,Bhadreshwar,CGWB,24,Gujarat,449,Kachchh,MUNDRA,MUNDRA,Bhadreshwar,-,-,-,-,-,-,22.90000000,69.90000000,,10-01-2021 00:00,3.03
655,655,Bhadreshwar,CGWB,24,Gujarat,449,Kachchh,MUNDRA,MUNDRA,Bhadreshwar,-,-,-,-,-,-,22.90000000,69.90000000,,31-08-2021 06:00,4.96
656,656,Bhadreshwar,CGWB,24,Gujarat,458,Sabarkantha,IDAR,IDAR,Bhadreshwar,-,-,-,-,-,-,23.74583333,72.97916667,,31-08-2021 06:00,21.9
657,657,Bhadreshwar,CGWB,24,Gujarat,458,Sabarkantha,IDAR,IDAR,Bhadreshwar,-,-,-,-,-,-,23.74583333,72.97916667,,30-11-2021 06:00,19.55
658,658,Bhadreshwar,CGWB,24,Gujarat,449,Kachchh,MUNDRA,MUNDRA,Bhadreshwar,-,-,-,-,-,-,22.90000000,69.90000000,,30-11-2021 06:00,4.52
659,659,Bhadreshwar,CGWB,24,Gujarat,449,Kachchh,MUNDRA,MUNDRA,Bhadreshwar,-,-,-,-,-,-,22.90000000,69.90000000,,30-01-2022 07:00,5.3
660,660,Bhadreshwar,CGWB,24,Gujarat,458,Sabarkantha,IDAR,IDAR,Bhadreshwar,-,-,-,-,-,-,23.74583333,72.97916667,,30-01-2022 07:00,20.3
661,661,Bhadreshwar,CGWB,24,Gujarat,449,Kachchh,MUNDRA,MUNDRA,Bhadreshwar,-,-,-,-,-,-,22.90000000,69.90000000,,30-05-2022 06:00,8.35
662,662,Bhadreshwar,CGWB,24,Gujarat,458,Sabarkantha,IDAR,IDAR,Bhadreshwar,-,-,-,-,-,-,23.74583333,72.97916667,,30-05-2022 06:00,27
663,663,Bhadreshwar,CGWB,24,Gujarat,449,Kachchh,MUNDRA,MUNDRA,Bhadreshwar,-,-,-,-,-,-,22.90000000,69.90000000,,30-08-2022 06:00,2.15
664,664,Bhadreshwar,CGWB,24,Gujarat,458,Sabarkantha,IDAR,IDAR,Bhadreshwar,-,-,-,-,-,-,23.74583333,72.97916667,,30-08-2022 06:00,18.28
665,665,Bhadreshwar,CGWB,24,Gujarat,449,Kachchh,MUNDRA,MUNDRA,Bhadreshwar,-,-,-,-,-,-,22.90000000,69.90000000,,10-11-2022 06:00,2.36
666,666,Bhadreshwar,CGWB,24,Gujarat,458,Sabarkantha,IDAR,IDAR,Bhadreshwar,-,-,-,-,-,-,23.74583333,72.97916667,,10-11-2022 06:00,16.92
667,667,Bhadreshwar,CGWB,24,Gujarat,458,Sabarkantha,IDAR,IDAR,Bhadreshwar,-,-,-,-,-,-,23.74583333,72.97916667,,10-01-2023 18:00,17.11
668,668,Bhadreshwar,CGWB,24,Gujarat,449,Kachchh,MUNDRA,MUNDRA,Bhadreshwar,-,-,-,-,-,-,22.90000000,69.90000000,,30-05-2023 10:00,4.36
669,669,Bhadreshwar,CGWB,24,Gujarat,458,Sabarkantha,IDAR,IDAR,Bhadreshwar,-,-,-,-,-,-,23.74583333,72.97916667,,30-05-2023 10:00,20.16
670,670,Bhadthar,CGWB,24,Gujarat,447,Jamnagar,KHAMBHALIA,KHAMBHALIA,Bhadthar,-,-,-,-,-,-,22.07916667,69.57916667,,10-01-2021 00:00,4.03
671,671,Bhadthar,CGWB,24,Gujarat,447,Jamnagar,KHAMBHALIA,KHAMBHALIA,Bhadthar,-,-,-,-,-,-,22.07916667,69.57916667,,31-08-2021 06:00,7.23
672,672,Bhadthar,CGWB,24,Gujarat,447,Jamnagar,KHAMBHALIA,KHAMBHALIA,Bhadthar,-,-,-,-,-,-,22.07916667,69.57916667,,30-11-2021 06:00,2.65
673,673,Bhadthar,CGWB,24,Gujarat,447,Jamnagar,KHAMBHALIA,KHAMBHALIA,Bhadthar,-,-,-,-,-,-,22.07916667,69.57916667,,30-01-2022 07:00,3.87
674,674,Bhadthar,CGWB,24,Gujarat,447,Jamnagar,KHAMBHALIA,KHAMBHALIA,Bhadthar,-,-,-,-,-,-,22.07916667,69.57916667,,30-05-2022 06:00,13.23
675,675,Bhadthar,CGWB,24,Gujarat,447,Jamnagar,KHAMBHALIA,KHAMBHALIA,Bhadthar,-,-,-,-,-,-,22.07916667,69.57916667,,30-08-2022 06:00,1.5
676,676,Bhadthar,CGWB,24,Gujarat,447,Jamnagar,KHAMBHALIA,KHAMBHALIA,Bhadthar,-,-,-,-,-,-,22.07916667,69.57916667,,10-11-2022 06:00,3.87
677,677,Bhadthar,CGWB,24,Gujarat,447,Jamnagar,KHAMBHALIA,KHAMBHALIA,Bhadthar,-,-,-,-,-,-,22.07916667,69.57916667,,30-05-2023 10:00,15.17
678,678,Bhalgam,CGWB,24,Gujarat,457,Rajkot,WANKANER,WANKANER,Bhalgam,-,-,-,-,-,-,22.44166667,71.08333333,,10-01-2021 00:00,8.07
679,679,Bhalgam,CGWB,24,Gujarat,457,Rajkot,WANKANER,WANKANER,Bhalgam,-,-,-,-,-,-,22.44166667,71.08333333,,31-08-2021 06:00,-0.13
680,680,Bhalgam,CGWB,24,Gujarat,457,Rajkot,WANKANER,WANKANER,Bhalgam,-,-,-,-,-,-,22.44166667,71.08333333,,30-11-2021 06:00,6.25
681,681,Bhalgam,CGWB,24,Gujarat,457,Rajkot,WANKANER,WANKANER,Bhalgam,-,-,-,-,-,-,22.44166667,71.08333333,,30-01-2022 07:00,6.52
682,682,Bhalgam,CGWB,24,Gujarat,457,Rajkot,WANKANER,WANKANER,Bhalgam,-,-,-,-,-,-,22.44166667,71.08333333,,30-05-2022 06:00,16.92
683,683,Bhalgam,CGWB,24,Gujarat,457,Rajkot,WANKANER,WANKANER,Bhalgam,-,-,-,-,-,-,22.44166667,71.08333333,,30-08-2022 06:00,1.8
684,684,Bhalgam,CGWB,24,Gujarat,457,Rajkot,WANKANER,WANKANER,Bhalgam,-,-,-,-,-,-,22.44166667,71.08333333,,10-11-2022 06:00,7.98
685,685,Bhalgam,CGWB,24,Gujarat,457,Rajkot,WANKANER,WANKANER,Bhalgam,-,-,-,-,-,-,22.44166667,71.08333333,,30-05-2023 10:00,18.02
686,686,Bhalu Moti Pz I_1,CGWB,24,Gujarat,451,Mahesana,SATLASANA,-,-,-,-,-,-,-,-,24.04000000,72.71000000,,10-01-2021 06:00,16.57
687,687,Bhalu Moti Pz I_1,CGWB,24,Gujarat,451,Mahesana,SATLASANA,-,-,-,-,-,-,-,-,24.04000000,72.71000000,,30-05-2021 06:00,26.47
688,688,Bhalu Moti Pz I_1,CGWB,24,Gujarat,451,Mahesana,SATLASANA,-,-,-,-,-,-,-,-,24.04000000,72.71000000,,30-08-2021 00:00,27.72
689,689,Bhalu Moti Pz I_1,CGWB,24,Gujarat,451,Mahesana,SATLASANA,-,-,-,-,-,-,-,-,24.04000000,72.71000000,,10-11-2021 06:00,21.64
690,690,Bhalu Moti Pz I_1,CGWB,24,Gujarat,451,Mahesana,SATLASANA,-,-,-,-,-,-,-,-,24.04000000,72.71000000,,10-01-2022 06:00,26.95
691,691,Bhalu Moti Pz I_1,CGWB,24,Gujarat,451,Mahesana,SATLASANA,-,-,-,-,-,-,-,-,24.04000000,72.71000000,,30-05-2022 06:00,30.09
692,692,Bhalu Moti Pz I_1,CGWB,24,Gujarat,451,Mahesana,SATLASANA,-,-,-,-,-,-,-,-,24.04000000,72.71000000,,10-11-2022 06:00,12.8
693,693,Bhandupara,CGWB,24,Gujarat,451,Mahesana,VISNAGAR,VISNAGAR,Bhandupara,-,-,-,-,-,-,23.72500000,72.38333333,,10-01-2021 00:00,7.6
694,694,Bhandupara,CGWB,24,Gujarat,451,Mahesana,VISNAGAR,VISNAGAR,Bhandupara,-,-,-,-,-,-,23.72500000,72.38333333,,31-08-2021 06:00,9.33
695,695,Bhandupara,CGWB,24,Gujarat,451,Mahesana,VISNAGAR,VISNAGAR,Bhandupara,-,-,-,-,-,-,23.72500000,72.38333333,,30-11-2021 06:00,7.1
696,696,Bhandupara,CGWB,24,Gujarat,451,Mahesana,VISNAGAR,VISNAGAR,Bhandupara,-,-,-,-,-,-,23.72500000,72.38333333,,30-01-2022 07:00,10.98
697,697,Bhandupara,CGWB,24,Gujarat,451,Mahesana,VISNAGAR,VISNAGAR,Bhandupara,-,-,-,-,-,-,23.72500000,72.38333333,,30-05-2022 06:00,16.99
698,698,Bhandupara,CGWB,24,Gujarat,451,Mahesana,VISNAGAR,VISNAGAR,Bhandupara,-,-,-,-,-,-,23.72500000,72.38333333,,30-08-2022 06:00,9.2
699,699,Bhandupara,CGWB,24,Gujarat,451,Mahesana,VISNAGAR,VISNAGAR,Bhandupara,-,-,-,-,-,-,23.72500000,72.38333333,,10-11-2022 06:00,16.32
700,700,Bhandupara,CGWB,24,Gujarat,451,Mahesana,VISNAGAR,VISNAGAR,Bhandupara,-,-,-,-,-,-,23.72500000,72.38333333,,30-05-2023 10:00,16.55
701,701,Bhangor,CGWB,24,Gujarat,447,Jamnagar,-,-,-,-,-,-,-,-,-,22.09583300,69.87805600,,30-05-2023 10:00,18.7
702,702,Bhanvad,CGWB,24,Gujarat,447,Jamnagar,BHANVAD,BHANVAD,Bhanvad,-,-,-,-,-,-,21.92777778,69.79583333,,10-11-2022 06:00,6.05
703,703,Bharol1,CGWB,24,Gujarat,441,Banaskantha,THARAD,THARAD,Bharol,-,-,-,-,-,-,24.52916667,71.54166667,,30-08-2022 06:00,0.4
704,704,Bharuch,CGWB,24,Gujarat,442,Bharuch,BHARUCH,BHARUCH,Bharuch,-,-,-,-,-,-,21.70000000,73.00416667,,10-01-2021 00:00,4.4
705,705,Bharuch,CGWB,24,Gujarat,442,Bharuch,BHARUCH,BHARUCH,Bharuch,-,-,-,-,-,-,21.70000000,73.00416667,,31-08-2021 06:00,6.4
706,706,Bharuch,CGWB,24,Gujarat,442,Bharuch,BHARUCH,BHARUCH,Bharuch,-,-,-,-,-,-,21.70000000,73.00416667,,30-11-2021 06:00,6.03
707,707,Bharuch,CGWB,24,Gujarat,442,Bharuch,BHARUCH,BHARUCH,Bharuch,-,-,-,-,-,-,21.70000000,73.00416667,,30-01-2022 07:00,6.16
708,708,Bharuch,CGWB,24,Gujarat,442,Bharuch,BHARUCH,BHARUCH,Bharuch,-,-,-,-,-,-,21.70000000,73.00416667,,30-08-2022 06:00,3.13
709,709,Bharuch,CGWB,24,Gujarat,442,Bharuch,BHARUCH,BHARUCH,Bharuch,-,-,-,-,-,-,21.70000000,73.00416667,,30-05-2023 10:00,4.71
710,710,Bharuch I,CGWB,24,Gujarat,442,Bharuch,BHARUCH,BHARUCH,Bharuch I,-,-,-,-,-,-,21.70833333,73.00000000,,10-01-2021 00:00,3.9
711,711,Bharuch I,CGWB,24,Gujarat,442,Bharuch,BHARUCH,BHARUCH,Bharuch I,-,-,-,-,-,-,21.70833333,73.00000000,,30-01-2022 07:00,3.7
712,712,Bharuch I,CGWB,24,Gujarat,442,Bharuch,BHARUCH,BHARUCH,Bharuch I,-,-,-,-,-,-,21.70833333,73.00000000,,30-05-2022 06:00,18.08
713,713,Bharuch I,CGWB,24,Gujarat,442,Bharuch,BHARUCH,BHARUCH,Bharuch I,-,-,-,-,-,-,21.70833333,73.00000000,,30-08-2022 06:00,1.68
714,714,Bharuch I,CGWB,24,Gujarat,442,Bharuch,BHARUCH,BHARUCH,Bharuch I,-,-,-,-,-,-,21.70833333,73.00000000,,10-11-2022 06:00,4.9
715,715,Bharuch I,CGWB,24,Gujarat,442,Bharuch,BHARUCH,BHARUCH,Bharuch I,-,-,-,-,-,-,21.70833333,73.00000000,,30-05-2023 10:00,6.55
716,716,Bharuch Ii,CGWB,24,Gujarat,442,Bharuch,BHARUCH,BHARUCH,Bharuch Ii,-,-,-,-,-,-,21.70833333,73.00000000,,10-01-2021 00:00,15.45
717,717,Bharuch Ii,CGWB,24,Gujarat,442,Bharuch,BHARUCH,BHARUCH,Bharuch Ii,-,-,-,-,-,-,21.70833333,73.00000000,,31-08-2021 06:00,5.3
718,718,Bharuch Ii,CGWB,24,Gujarat,442,Bharuch,BHARUCH,BHARUCH,Bharuch Ii,-,-,-,-,-,-,21.70833333,73.00000000,,30-11-2021 06:00,2.9
719,719,Bhatia,CGWB,24,Gujarat,447,Jamnagar,KALYANPUR,KALYANPUR,Bhatia,-,-,-,-,-,-,22.09166667,69.30138889,,10-01-2021 00:00,1.86
720,720,Bhatia,CGWB,24,Gujarat,447,Jamnagar,KALYANPUR,KALYANPUR,Bhatia,-,-,-,-,-,-,22.09166667,69.30138889,,31-08-2021 06:00,0.96
721,721,Bhatia,CGWB,24,Gujarat,447,Jamnagar,KALYANPUR,KALYANPUR,Bhatia,-,-,-,-,-,-,22.09166667,69.30138889,,30-11-2021 06:00,1.06
722,722,Bhatia,CGWB,24,Gujarat,447,Jamnagar,KALYANPUR,KALYANPUR,Bhatia,-,-,-,-,-,-,22.09166667,69.30138889,,30-01-2022 07:00,2.23
723,723,Bhatia,CGWB,24,Gujarat,447,Jamnagar,KALYANPUR,KALYANPUR,Bhatia,-,-,-,-,-,-,22.09166667,69.30138889,,30-08-2022 06:00,1.16
724,724,Bhatia,CGWB,24,Gujarat,447,Jamnagar,KALYANPUR,KALYANPUR,Bhatia,-,-,-,-,-,-,22.09166667,69.30138889,,10-11-2022 06:00,1.81
725,725,Bhatia,CGWB,24,Gujarat,447,Jamnagar,KALYANPUR,KALYANPUR,Bhatia,-,-,-,-,-,-,22.09166667,69.30138889,,30-05-2023 10:00,3.53
726,726,Bhatiya,CGWB,24,Gujarat,447,Jamnagar,KALYANPUR,KALYANPUR,Bhatiya,-,-,-,-,-,-,22.09444444,69.26666667,,10-01-2021 00:00,1
727,727,Bhatiya,CGWB,24,Gujarat,447,Jamnagar,KALYANPUR,KALYANPUR,Bhatiya,-,-,-,-,-,-,22.09444444,69.26666667,,31-08-2021 06:00,0.05
728,728,Bhatiya,CGWB,24,Gujarat,447,Jamnagar,KALYANPUR,KALYANPUR,Bhatiya,-,-,-,-,-,-,22.09444444,69.26666667,,30-11-2021 06:00,0.5
729,729,Bhatiya,CGWB,24,Gujarat,447,Jamnagar,KALYANPUR,KALYANPUR,Bhatiya,-,-,-,-,-,-,22.09444444,69.26666667,,30-01-2022 07:00,0.72
730,730,Bhatiya,CGWB,24,Gujarat,447,Jamnagar,KALYANPUR,KALYANPUR,Bhatiya,-,-,-,-,-,-,22.09444444,69.26666667,,30-05-2022 06:00,2.4
731,731,Bhatiya,CGWB,24,Gujarat,447,Jamnagar,KALYANPUR,KALYANPUR,Bhatiya,-,-,-,-,-,-,22.09444444,69.26666667,,30-08-2022 06:00,0.5
732,732,Bhatiya,CGWB,24,Gujarat,447,Jamnagar,KALYANPUR,KALYANPUR,Bhatiya,-,-,-,-,-,-,22.09444444,69.26666667,,10-11-2022 06:00,0.7
733,733,Bhatkol,CGWB,24,Gujarat,459,Surat,MANGROL,MANGROL,Bhatkol,-,-,-,-,-,-,21.38027778,73.00416667,,10-01-2021 00:00,3.53
734,734,Bhatkol,CGWB,24,Gujarat,459,Surat,MANGROL,MANGROL,Bhatkol,-,-,-,-,-,-,21.38027778,73.00416667,,31-08-2021 06:00,3.25
735,735,Bhatkol,CGWB,24,Gujarat,459,Surat,MANGROL,MANGROL,Bhatkol,-,-,-,-,-,-,21.38027778,73.00416667,,30-11-2021 06:00,3.05
736,736,Bhatkol,CGWB,24,Gujarat,459,Surat,MANGROL,MANGROL,Bhatkol,-,-,-,-,-,-,21.38027778,73.00416667,,30-01-2022 07:00,3.25
737,737,Bhatkol,CGWB,24,Gujarat,459,Surat,MANGROL,MANGROL,Bhatkol,-,-,-,-,-,-,21.38027778,73.00416667,,30-05-2022 06:00,4.05
738,738,Bhatkol,CGWB,24,Gujarat,459,Surat,MANGROL,MANGROL,Bhatkol,-,-,-,-,-,-,21.38027778,73.00416667,,30-08-2022 06:00,2.6
739,739,Bhatkol,CGWB,24,Gujarat,459,Surat,MANGROL,MANGROL,Bhatkol,-,-,-,-,-,-,21.38027778,73.00416667,,10-11-2022 06:00,3
740,740,Bhatkol,CGWB,24,Gujarat,459,Surat,MANGROL,MANGROL,Bhatkol,-,-,-,-,-,-,21.38027778,73.00416667,,30-05-2023 10:00,4.45
741,741,Bhatkol,CGWB,24,Gujarat,459,Surat,MANGROL,MANGROL,Bhatkol,-,-,-,-,-,-,21.38027778,73.00416667,,30-08-2023 18:00,2.9
742,742,Bhatsimroli,CGWB,24,Gujarat,448,Junagadh,KESHOD,KESHOD,Bhatsimroli,-,-,-,-,-,-,21.22361111,70.18333333,,10-01-2021 00:00,18.4
743,743,Bhatsimroli,CGWB,24,Gujarat,448,Junagadh,KESHOD,KESHOD,Bhatsimroli,-,-,-,-,-,-,21.22361111,70.18333333,,30-11-2021 06:00,3.75
744,744,Bhatsimroli,CGWB,24,Gujarat,448,Junagadh,KESHOD,KESHOD,Bhatsimroli,-,-,-,-,-,-,21.22361111,70.18333333,,30-01-2022 07:00,9.94
745,745,Bhatsimroli,CGWB,24,Gujarat,448,Junagadh,KESHOD,KESHOD,Bhatsimroli,-,-,-,-,-,-,21.22361111,70.18333333,,30-08-2022 06:00,3.84
746,746,Bhatsimroli,CGWB,24,Gujarat,448,Junagadh,KESHOD,KESHOD,Bhatsimroli,-,-,-,-,-,-,21.22361111,70.18333333,,10-11-2022 06:00,11.9
747,747,Bhatsimroli,CGWB,24,Gujarat,448,Junagadh,KESHOD,KESHOD,Bhatsimroli,-,-,-,-,-,-,21.22361111,70.18333333,,30-05-2023 10:00,25.8
748,748,Bhavada Jagiri,CGWB,24,Gujarat,462,Valsad,KAPRADA,KAPRADA,Kaparda,-,-,-,-,-,-,20.36027778,73.30888889,,30-05-2023 10:00,
749,749,Bhavnagar1,CGWB,24,Gujarat,443,Bhavnagar,BHAVNAGAR,BHAVNAGAR,Bhavnagar,-,-,-,-,-,-,21.76666667,72.15000000,,10-01-2021 00:00,4.89
750,750,Bhavnagar1,CGWB,24,Gujarat,443,Bhavnagar,BHAVNAGAR,BHAVNAGAR,Bhavnagar,-,-,-,-,-,-,21.76666667,72.15000000,,31-08-2021 06:00,3.7
751,751,Bhavnagar1,CGWB,24,Gujarat,443,Bhavnagar,BHAVNAGAR,BHAVNAGAR,Bhavnagar,-,-,-,-,-,-,21.76666667,72.15000000,,30-11-2021 06:00,3.4
752,752,Bhavnagar1,CGWB,24,Gujarat,443,Bhavnagar,BHAVNAGAR,BHAVNAGAR,Bhavnagar,-,-,-,-,-,-,21.76666667,72.15000000,,30-01-2022 07:00,4.32
753,753,Bhavnagar1,CGWB,24,Gujarat,443,Bhavnagar,BHAVNAGAR,BHAVNAGAR,Bhavnagar,-,-,-,-,-,-,21.76666667,72.15000000,,30-05-2022 06:00,5.1
754,754,Bhavnagar1,CGWB,24,Gujarat,443,Bhavnagar,BHAVNAGAR,BHAVNAGAR,Bhavnagar,-,-,-,-,-,-,21.76666667,72.15000000,,30-08-2022 06:00,3.47
755,755,Bhavnagar1,CGWB,24,Gujarat,443,Bhavnagar,BHAVNAGAR,BHAVNAGAR,Bhavnagar,-,-,-,-,-,-,21.76666667,72.15000000,,10-11-2022 06:00,3.9
756,756,Bhavnagar1,CGWB,24,Gujarat,443,Bhavnagar,BHAVNAGAR,BHAVNAGAR,Bhavnagar,-,-,-,-,-,-,21.76666667,72.15000000,,30-05-2023 10:00,4.31
757,757,Bhavpura,CGWB,24,Gujarat,456,Porbandar,PORBANDAR,PORBANDAR,Bhavpura,-,-,-,-,-,-,21.80972222,69.40833333,,10-01-2021 00:00,4.21
758,758,Bhavpura,CGWB,24,Gujarat,456,Porbandar,PORBANDAR,PORBANDAR,Bhavpura,-,-,-,-,-,-,21.80972222,69.40833333,,30-11-2021 06:00,3.21
759,759,Bhavpura,CGWB,24,Gujarat,456,Porbandar,PORBANDAR,PORBANDAR,Bhavpura,-,-,-,-,-,-,21.80972222,69.40833333,,30-01-2022 07:00,17.71
760,760,Bhavpura,CGWB,24,Gujarat,456,Porbandar,PORBANDAR,PORBANDAR,Bhavpura,-,-,-,-,-,-,21.80972222,69.40833333,,30-05-2022 06:00,6.66
761,761,Bhavpura,CGWB,24,Gujarat,456,Porbandar,PORBANDAR,PORBANDAR,Bhavpura,-,-,-,-,-,-,21.80972222,69.40833333,,30-08-2022 06:00,2.05
762,762,Bhavpura,CGWB,24,Gujarat,456,Porbandar,PORBANDAR,PORBANDAR,Bhavpura,-,-,-,-,-,-,21.80972222,69.40833333,,10-11-2022 06:00,4.09
763,763,Bhenskatri,CGWB,24,Gujarat,444,Dang,The dangs,The dangs,Bhenskatri,-,-,-,-,-,-,20.76805556,73.54166667,,10-01-2021 00:00,11.3
764,764,Bhensli,CGWB,24,Gujarat,442,Bharuch,VAGRA,VAGRA,Bhensli,-,-,-,-,-,-,21.72500000,72.75000000,,10-01-2021 00:00,1.5
765,765,Bhensli,CGWB,24,Gujarat,442,Bharuch,VAGRA,VAGRA,Bhensli,-,-,-,-,-,-,21.72500000,72.75000000,,31-08-2021 06:00,2.45
766,766,Bhensli,CGWB,24,Gujarat,442,Bharuch,VAGRA,VAGRA,Bhensli,-,-,-,-,-,-,21.72500000,72.75000000,,30-11-2021 06:00,1
767,767,Bhensli,CGWB,24,Gujarat,442,Bharuch,VAGRA,VAGRA,Bhensli,-,-,-,-,-,-,21.72500000,72.75000000,,30-01-2022 07:00,1.3
768,768,Bhensli,CGWB,24,Gujarat,442,Bharuch,VAGRA,VAGRA,Bhensli,-,-,-,-,-,-,21.72500000,72.75000000,,30-05-2022 06:00,2.7
769,769,Bhensli,CGWB,24,Gujarat,442,Bharuch,VAGRA,VAGRA,Bhensli,-,-,-,-,-,-,21.72500000,72.75000000,,30-08-2022 06:00,1.04
770,770,Bhensli,CGWB,24,Gujarat,442,Bharuch,VAGRA,VAGRA,Bhensli,-,-,-,-,-,-,21.72500000,72.75000000,,10-11-2022 06:00,0.8
771,771,Bhensli,CGWB,24,Gujarat,442,Bharuch,VAGRA,VAGRA,Bhensli,-,-,-,-,-,-,21.72500000,72.75000000,,30-05-2023 10:00,3.2
772,772,Bherai,CGWB,24,Gujarat,439,Amreli,JAFRABAD,JAFRABAD,Bherai,-,-,-,-,-,-,20.86805556,71.36250000,,10-01-2021 00:00,4.25
773,773,Bherai,CGWB,24,Gujarat,439,Amreli,JAFRABAD,JAFRABAD,Bherai,-,-,-,-,-,-,20.86805556,71.36250000,,31-08-2021 06:00,0.08
774,774,Bherai,CGWB,24,Gujarat,439,Amreli,JAFRABAD,JAFRABAD,Bherai,-,-,-,-,-,-,20.86805556,71.36250000,,30-11-2021 06:00,-0.07
775,775,Bherai,CGWB,24,Gujarat,439,Amreli,JAFRABAD,JAFRABAD,Bherai,-,-,-,-,-,-,20.86805556,71.36250000,,30-01-2022 07:00,0.57
776,776,Bherai,CGWB,24,Gujarat,439,Amreli,JAFRABAD,JAFRABAD,Bherai,-,-,-,-,-,-,20.86805556,71.36250000,,30-05-2022 06:00,1.81
777,777,Bherai,CGWB,24,Gujarat,439,Amreli,JAFRABAD,JAFRABAD,Bherai,-,-,-,-,-,-,20.86805556,71.36250000,,30-08-2022 06:00,0.75
778,778,Bherai,CGWB,24,Gujarat,439,Amreli,JAFRABAD,JAFRABAD,Bherai,-,-,-,-,-,-,20.86805556,71.36250000,,10-11-2022 06:00,3.51
779,779,Bherai,CGWB,24,Gujarat,439,Amreli,JAFRABAD,JAFRABAD,Bherai,-,-,-,-,-,-,20.86805556,71.36250000,,30-05-2023 10:00,16.71
780,780,Bhiloda2,CGWB,24,Gujarat,458,Sabarkantha,BHILODA,BHILODA,Bhiloda,-,-,-,-,-,-,23.76666667,73.27222222,,30-01-2022 07:00,5.1
781,781,Bhiloda2,CGWB,24,Gujarat,458,Sabarkantha,BHILODA,BHILODA,Bhiloda,-,-,-,-,-,-,23.76666667,73.27222222,,30-08-2022 06:00,3.08
782,782,Bhiloda2,CGWB,24,Gujarat,458,Sabarkantha,BHILODA,BHILODA,Bhiloda,-,-,-,-,-,-,23.76666667,73.27222222,,10-11-2022 06:00,3.63
783,783,Bhiloda2,CGWB,24,Gujarat,458,Sabarkantha,BHILODA,BHILODA,Bhiloda,-,-,-,-,-,-,23.76666667,73.27222222,,30-05-2023 10:00,8.1
784,784,Bhim Deval,CGWB,24,Gujarat,448,Junagadh,TALALA,TALALA,Bhim Deval,-,-,-,-,-,-,20.97750000,70.60916667,,10-01-2021 00:00,10.15
785,785,Bhim Deval,CGWB,24,Gujarat,448,Junagadh,TALALA,TALALA,Bhim Deval,-,-,-,-,-,-,20.97750000,70.60916667,,31-08-2021 06:00,2.67
786,786,Bhim Deval,CGWB,24,Gujarat,448,Junagadh,TALALA,TALALA,Bhim Deval,-,-,-,-,-,-,20.97750000,70.60916667,,30-11-2021 06:00,3.4
787,787,Bhim Deval,CGWB,24,Gujarat,448,Junagadh,TALALA,TALALA,Bhim Deval,-,-,-,-,-,-,20.97750000,70.60916667,,30-01-2022 07:00,5.9
788,788,Bhim Deval,CGWB,24,Gujarat,448,Junagadh,TALALA,TALALA,Bhim Deval,-,-,-,-,-,-,20.97750000,70.60916667,,30-05-2022 06:00,10.15
789,789,Bhim Deval,CGWB,24,Gujarat,448,Junagadh,TALALA,TALALA,Bhim Deval,-,-,-,-,-,-,20.97750000,70.60916667,,30-08-2022 06:00,3.16
790,790,Bhim Deval,CGWB,24,Gujarat,448,Junagadh,TALALA,TALALA,Bhim Deval,-,-,-,-,-,-,20.97750000,70.60916667,,10-11-2022 06:00,6.12
791,791,Bhim Deval,CGWB,24,Gujarat,448,Junagadh,TALALA,TALALA,Bhim Deval,-,-,-,-,-,-,20.97750000,70.60916667,,30-05-2023 10:00,20.099998
792,792,Bhindol,CGWB,24,Gujarat,461,Vadodara,JETPUR PAVI,JETPUR PAVI,Bhindol,-,-,-,-,-,-,22.20000000,73.90000000,,10-01-2021 00:00,5.58
793,793,Bhindol,CGWB,24,Gujarat,461,Vadodara,JETPUR PAVI,JETPUR PAVI,Bhindol,-,-,-,-,-,-,22.20000000,73.90000000,,31-08-2021 06:00,10.1
794,794,Bhindol,CGWB,24,Gujarat,461,Vadodara,JETPUR PAVI,JETPUR PAVI,Bhindol,-,-,-,-,-,-,22.20000000,73.90000000,,30-11-2021 06:00,10.4
795,795,Bhindol,CGWB,24,Gujarat,461,Vadodara,JETPUR PAVI,JETPUR PAVI,Bhindol,-,-,-,-,-,-,22.20000000,73.90000000,,30-01-2022 07:00,6.32
796,796,Bhindol,CGWB,24,Gujarat,461,Vadodara,JETPUR PAVI,JETPUR PAVI,Bhindol,-,-,-,-,-,-,22.20000000,73.90000000,,30-05-2022 06:00,8.93
797,797,Bhindol,CGWB,24,Gujarat,461,Vadodara,JETPUR PAVI,JETPUR PAVI,Bhindol,-,-,-,-,-,-,22.20000000,73.90000000,,30-08-2022 06:00,8.66
798,798,Bhindol,CGWB,24,Gujarat,461,Vadodara,JETPUR PAVI,JETPUR PAVI,Bhindol,-,-,-,-,-,-,22.20000000,73.90000000,,10-11-2022 06:00,4.1
799,799,Bhindol,CGWB,24,Gujarat,461,Vadodara,JETPUR PAVI,JETPUR PAVI,Bhindol,-,-,-,-,-,-,22.20000000,73.90000000,,30-05-2023 10:00,11.4
800,800,Bhod,CGWB,24,Gujarat,456,Porbandar,RANAVAV,RANAVAV,Bhod,-,-,-,-,-,-,21.65888889,69.82111111,,10-01-2021 00:00,7.57
801,801,Bhod,CGWB,24,Gujarat,456,Porbandar,RANAVAV,RANAVAV,Bhod,-,-,-,-,-,-,21.65888889,69.82111111,,31-08-2021 06:00,7.84
802,802,Bhod,CGWB,24,Gujarat,456,Porbandar,RANAVAV,RANAVAV,Bhod,-,-,-,-,-,-,21.65888889,69.82111111,,30-11-2021 06:00,10.39
803,803,Bhod,CGWB,24,Gujarat,456,Porbandar,RANAVAV,RANAVAV,Bhod,-,-,-,-,-,-,21.65888889,69.82111111,,30-01-2022 07:00,7.45
804,804,Bhod,CGWB,24,Gujarat,456,Porbandar,RANAVAV,RANAVAV,Bhod,-,-,-,-,-,-,21.65888889,69.82111111,,30-05-2022 06:00,18.04
805,805,Bhod,CGWB,24,Gujarat,456,Porbandar,RANAVAV,RANAVAV,Bhod,-,-,-,-,-,-,21.65888889,69.82111111,,30-08-2022 06:00,5.12
806,806,Bhod,CGWB,24,Gujarat,456,Porbandar,RANAVAV,RANAVAV,Bhod,-,-,-,-,-,-,21.65888889,69.82111111,,10-11-2022 06:00,7.14
807,807,Bhod,CGWB,24,Gujarat,456,Porbandar,RANAVAV,RANAVAV,Bhod,-,-,-,-,-,-,21.65888889,69.82111111,,30-05-2023 10:00,14.54
808,808,Bhogat1,CGWB,24,Gujarat,447,Jamnagar,KALYANPUR,KALYANPUR,Bhogat,-,-,-,-,-,-,21.99166667,69.24583333,,10-01-2021 00:00,6.3
809,809,Bhogat1,CGWB,24,Gujarat,447,Jamnagar,KALYANPUR,KALYANPUR,Bhogat,-,-,-,-,-,-,21.99166667,69.24583333,,31-08-2021 06:00,4.45
810,810,Bhogat1,CGWB,24,Gujarat,447,Jamnagar,KALYANPUR,KALYANPUR,Bhogat,-,-,-,-,-,-,21.99166667,69.24583333,,30-11-2021 06:00,3.05
811,811,Bhogat1,CGWB,24,Gujarat,447,Jamnagar,KALYANPUR,KALYANPUR,Bhogat,-,-,-,-,-,-,21.99166667,69.24583333,,30-01-2022 07:00,6
812,812,Bhogat1,CGWB,24,Gujarat,447,Jamnagar,KALYANPUR,KALYANPUR,Bhogat,-,-,-,-,-,-,21.99166667,69.24583333,,30-05-2022 06:00,10.99
813,813,Bhogat1,CGWB,24,Gujarat,447,Jamnagar,KALYANPUR,KALYANPUR,Bhogat,-,-,-,-,-,-,21.99166667,69.24583333,,30-08-2022 06:00,2.39
814,814,Bhogat1,CGWB,24,Gujarat,447,Jamnagar,KALYANPUR,KALYANPUR,Bhogat,-,-,-,-,-,-,21.99166667,69.24583333,,10-11-2022 06:00,3.86
815,815,Bhogat1,CGWB,24,Gujarat,447,Jamnagar,KALYANPUR,KALYANPUR,Bhogat,-,-,-,-,-,-,21.99166667,69.24583333,,30-05-2023 10:00,10.15
816,816,Bhudel,CGWB,24,Gujarat,443,Bhavnagar,BHAVNAGAR,BHAVNAGAR,Bhudel,-,-,-,-,-,-,21.69166667,72.15833333,,10-01-2021 00:00,3.05
817,817,Bhudel,CGWB,24,Gujarat,443,Bhavnagar,BHAVNAGAR,BHAVNAGAR,Bhudel,-,-,-,-,-,-,21.69166667,72.15833333,,31-08-2021 06:00,0.95
818,818,Bhudel,CGWB,24,Gujarat,443,Bhavnagar,BHAVNAGAR,BHAVNAGAR,Bhudel,-,-,-,-,-,-,21.69166667,72.15833333,,30-11-2021 06:00,0.5
819,819,Bhudel,CGWB,24,Gujarat,443,Bhavnagar,BHAVNAGAR,BHAVNAGAR,Bhudel,-,-,-,-,-,-,21.69166667,72.15833333,,30-01-2022 07:00,1.32
820,820,Bhudel,CGWB,24,Gujarat,443,Bhavnagar,BHAVNAGAR,BHAVNAGAR,Bhudel,-,-,-,-,-,-,21.69166667,72.15833333,,30-08-2022 06:00,0.92
821,821,Bhudel,CGWB,24,Gujarat,443,Bhavnagar,BHAVNAGAR,BHAVNAGAR,Bhudel,-,-,-,-,-,-,21.69166667,72.15833333,,10-11-2022 06:00,2.83
822,822,Bhudel,CGWB,24,Gujarat,443,Bhavnagar,BHAVNAGAR,BHAVNAGAR,Bhudel,-,-,-,-,-,-,21.69166667,72.15833333,,30-05-2023 10:00,3.7399998
823,823,Bhuj (Circuit House),CGWB,24,Gujarat,449,Kachchh,BHUJ,BHUJ,Bhuj,-,-,-,-,-,-,23.25000000,69.66666667,,10-01-2021 00:00,13.72
824,824,Bhuj (Circuit House),CGWB,24,Gujarat,449,Kachchh,BHUJ,BHUJ,Bhuj,-,-,-,-,-,-,23.25000000,69.66666667,,31-08-2021 06:00,16.45
825,825,Bhuj (Circuit House),CGWB,24,Gujarat,449,Kachchh,BHUJ,BHUJ,Bhuj,-,-,-,-,-,-,23.25000000,69.66666667,,30-11-2021 06:00,16.07
826,826,Bhuj (Circuit House),CGWB,24,Gujarat,449,Kachchh,BHUJ,BHUJ,Bhuj,-,-,-,-,-,-,23.25000000,69.66666667,,30-01-2022 07:00,16.46
827,827,Bhuj (Circuit House),CGWB,24,Gujarat,449,Kachchh,BHUJ,BHUJ,Bhuj,-,-,-,-,-,-,23.25000000,69.66666667,,30-05-2022 06:00,16.71
828,828,Bhuj (Circuit House),CGWB,24,Gujarat,449,Kachchh,BHUJ,BHUJ,Bhuj,-,-,-,-,-,-,23.25000000,69.66666667,,30-08-2022 06:00,15.67
829,829,Bhuj (Circuit House),CGWB,24,Gujarat,449,Kachchh,BHUJ,BHUJ,Bhuj,-,-,-,-,-,-,23.25000000,69.66666667,,10-11-2022 06:00,13.37
830,830,Bhumbhali,CGWB,24,Gujarat,443,Bhavnagar,BHAVNAGAR,BHAVNAGAR,Bhumbhali,-,-,-,-,-,-,21.67944444,72.24416667,,10-01-2021 00:00,2.6
831,831,Bhumbhali,CGWB,24,Gujarat,443,Bhavnagar,BHAVNAGAR,BHAVNAGAR,Bhumbhali,-,-,-,-,-,-,21.67944444,72.24416667,,31-08-2021 06:00,2.45
832,832,Bhumbhali,CGWB,24,Gujarat,443,Bhavnagar,BHAVNAGAR,BHAVNAGAR,Bhumbhali,-,-,-,-,-,-,21.67944444,72.24416667,,30-11-2021 06:00,0.9
833,833,Bhumbhali,CGWB,24,Gujarat,443,Bhavnagar,BHAVNAGAR,BHAVNAGAR,Bhumbhali,-,-,-,-,-,-,21.67944444,72.24416667,,30-01-2022 07:00,1.43
834,834,Bhumbhali,CGWB,24,Gujarat,443,Bhavnagar,BHAVNAGAR,BHAVNAGAR,Bhumbhali,-,-,-,-,-,-,21.67944444,72.24416667,,30-08-2022 06:00,1.56
835,835,Bhumbhali,CGWB,24,Gujarat,443,Bhavnagar,BHAVNAGAR,BHAVNAGAR,Bhumbhali,-,-,-,-,-,-,21.67944444,72.24416667,,10-11-2022 06:00,2.72
836,836,Bhumbhali,CGWB,24,Gujarat,443,Bhavnagar,BHAVNAGAR,BHAVNAGAR,Bhumbhali,-,-,-,-,-,-,21.67944444,72.24416667,,30-05-2023 10:00,5.82
837,837,Bhurvel (ukai),CGWB,24,Gujarat,459,Surat,SONGADH,SONGADH,Bhurvel (ukai),-,-,-,-,-,-,21.22500000,73.57916667,,10-01-2021 00:00,3.44
838,838,Bhurvel (ukai),CGWB,24,Gujarat,459,Surat,SONGADH,SONGADH,Bhurvel (ukai),-,-,-,-,-,-,21.22500000,73.57916667,,31-08-2021 06:00,3.4
839,839,Bhurvel (ukai),CGWB,24,Gujarat,459,Surat,SONGADH,SONGADH,Bhurvel (ukai),-,-,-,-,-,-,21.22500000,73.57916667,,30-11-2021 06:00,3.7
840,840,Bhurvel (ukai),CGWB,24,Gujarat,459,Surat,SONGADH,SONGADH,Bhurvel (ukai),-,-,-,-,-,-,21.22500000,73.57916667,,30-01-2022 07:00,3.1
841,841,Bhurvel (ukai),CGWB,24,Gujarat,459,Surat,SONGADH,SONGADH,Bhurvel (ukai),-,-,-,-,-,-,21.22500000,73.57916667,,30-08-2022 06:00,2.55
842,842,Bhurvel (ukai),CGWB,24,Gujarat,459,Surat,SONGADH,SONGADH,Bhurvel (ukai),-,-,-,-,-,-,21.22500000,73.57916667,,10-11-2022 06:00,3.49
843,843,Bhutia,CGWB,24,Gujarat,443,Bhavnagar,UMRALA,UMRALA,Bhutia,-,-,-,-,-,-,21.74722222,71.70000000,,10-01-2021 00:00,22.3
844,844,Bhutia,CGWB,24,Gujarat,443,Bhavnagar,UMRALA,UMRALA,Bhutia,-,-,-,-,-,-,21.74722222,71.70000000,,10-11-2022 06:00,16.4
845,845,Bhutia,CGWB,24,Gujarat,443,Bhavnagar,UMRALA,UMRALA,Bhutia,-,-,-,-,-,-,21.74722222,71.70000000,,30-05-2023 10:00,12.77
846,846,Bhutia vasna i,CGWB,24,Gujarat,455,Patan,VAGDOD,VAGDOD,Bhutia vasna i,-,-,-,-,-,-,23.91666667,72.10000000,,10-01-2021 00:00,21.09
847,847,Bhutia vasna i,CGWB,24,Gujarat,455,Patan,VAGDOD,VAGDOD,Bhutia vasna i,-,-,-,-,-,-,23.91666667,72.10000000,,31-08-2021 06:00,20.32
848,848,Bhutia vasna i,CGWB,24,Gujarat,455,Patan,VAGDOD,VAGDOD,Bhutia vasna i,-,-,-,-,-,-,23.91666667,72.10000000,,30-11-2021 06:00,20.51
849,849,Bhutia vasna i,CGWB,24,Gujarat,455,Patan,VAGDOD,VAGDOD,Bhutia vasna i,-,-,-,-,-,-,23.91666667,72.10000000,,30-01-2022 07:00,20.5
850,850,Bhutia vasna i,CGWB,24,Gujarat,455,Patan,VAGDOD,VAGDOD,Bhutia vasna i,-,-,-,-,-,-,23.91666667,72.10000000,,30-05-2022 06:00,23.67
851,851,Bhutia vasna i,CGWB,24,Gujarat,455,Patan,VAGDOD,VAGDOD,Bhutia vasna i,-,-,-,-,-,-,23.91666667,72.10000000,,30-08-2022 06:00,20.53
852,852,Bhutia vasna i,CGWB,24,Gujarat,455,Patan,VAGDOD,VAGDOD,Bhutia vasna i,-,-,-,-,-,-,23.91666667,72.10000000,,10-11-2022 06:00,20.55
853,853,Bhutia vasna i,CGWB,24,Gujarat,455,Patan,VAGDOD,VAGDOD,Bhutia vasna i,-,-,-,-,-,-,23.91666667,72.10000000,,30-05-2023 10:00,21.07
854,854,Bhuva,CGWB,24,Gujarat,439,Amreli,KUNDLA-SAVAR,KUNDLA-SAVAR,Bhuva,-,-,-,-,-,-,21.43277778,71.36388889,,10-01-2021 00:00,4.26
855,855,Bhuva,CGWB,24,Gujarat,439,Amreli,KUNDLA-SAVAR,KUNDLA-SAVAR,Bhuva,-,-,-,-,-,-,21.43277778,71.36388889,,31-08-2021 06:00,2.54
856,856,Bhuva,CGWB,24,Gujarat,439,Amreli,KUNDLA-SAVAR,KUNDLA-SAVAR,Bhuva,-,-,-,-,-,-,21.43277778,71.36388889,,30-11-2021 06:00,3.6
857,857,Bhuva,CGWB,24,Gujarat,439,Amreli,KUNDLA-SAVAR,KUNDLA-SAVAR,Bhuva,-,-,-,-,-,-,21.43277778,71.36388889,,30-01-2022 07:00,3.56
858,858,Bhuva,CGWB,24,Gujarat,439,Amreli,KUNDLA-SAVAR,KUNDLA-SAVAR,Bhuva,-,-,-,-,-,-,21.43277778,71.36388889,,30-05-2022 06:00,3.9
859,859,Bhuva,CGWB,24,Gujarat,439,Amreli,KUNDLA-SAVAR,KUNDLA-SAVAR,Bhuva,-,-,-,-,-,-,21.43277778,71.36388889,,30-08-2022 06:00,3.07
860,860,Bhuva,CGWB,24,Gujarat,439,Amreli,KUNDLA-SAVAR,KUNDLA-SAVAR,Bhuva,-,-,-,-,-,-,21.43277778,71.36388889,,10-11-2022 06:00,8.07
861,861,Bhuva,CGWB,24,Gujarat,439,Amreli,KUNDLA-SAVAR,KUNDLA-SAVAR,Bhuva,-,-,-,-,-,-,21.43277778,71.36388889,,30-05-2023 10:00,4.04
862,862,Bibipur1,CGWB,24,Gujarat,458,Sabarkantha,BAYAD,BAYAD,Bibipur,-,-,-,-,-,-,23.25277778,73.21250000,,10-01-2021 00:00,13.47
863,863,Bibipur1,CGWB,24,Gujarat,458,Sabarkantha,BAYAD,BAYAD,Bibipur,-,-,-,-,-,-,23.25277778,73.21250000,,31-08-2021 06:00,16.47
864,864,Bibipur1,CGWB,24,Gujarat,458,Sabarkantha,BAYAD,BAYAD,Bibipur,-,-,-,-,-,-,23.25277778,73.21250000,,30-11-2021 06:00,14.8
865,865,Bibipur1,CGWB,24,Gujarat,458,Sabarkantha,BAYAD,BAYAD,Bibipur,-,-,-,-,-,-,23.25277778,73.21250000,,30-01-2022 07:00,17.05
866,866,Bibipur1,CGWB,24,Gujarat,458,Sabarkantha,BAYAD,BAYAD,Bibipur,-,-,-,-,-,-,23.25277778,73.21250000,,30-05-2022 06:00,17.8
867,867,Bibipur1,CGWB,24,Gujarat,458,Sabarkantha,BAYAD,BAYAD,Bibipur,-,-,-,-,-,-,23.25277778,73.21250000,,30-08-2022 06:00,13.76
868,868,Bibipur1,CGWB,24,Gujarat,458,Sabarkantha,BAYAD,BAYAD,Bibipur,-,-,-,-,-,-,23.25277778,73.21250000,,10-11-2022 06:00,13.8
869,869,Bibipur1,CGWB,24,Gujarat,458,Sabarkantha,BAYAD,BAYAD,Bibipur,-,-,-,-,-,-,23.25277778,73.21250000,,30-05-2023 10:00,18.3
870,870,Biliya(Temple)_Pz_I,CGWB,24,Gujarat,455,Patan,SIDHPUR,SIDHPUR,Biliya,-,-,-,-,-,-,23.88833333,72.39861111,,31-08-2021 06:00,23.15
871,871,Biliya(Temple)_Pz_I,CGWB,24,Gujarat,455,Patan,SIDHPUR,SIDHPUR,Biliya,-,-,-,-,-,-,23.88833333,72.39861111,,10-11-2022 06:00,22.46
872,872,Biliya(Temple)_Pz_I,CGWB,24,Gujarat,455,Patan,SIDHPUR,SIDHPUR,Biliya,-,-,-,-,-,-,23.88833333,72.39861111,,30-05-2023 10:00,30.5
873,873,Biliya(Temple)_Pz_II,CGWB,24,Gujarat,455,Patan,SIDHPUR,SIDHPUR,Biliya,-,-,-,-,-,-,23.88833333,72.39861111,,10-01-2021 00:00,44.92
874,874,Biliya(Temple)_Pz_II,CGWB,24,Gujarat,455,Patan,SIDHPUR,SIDHPUR,Biliya,-,-,-,-,-,-,23.88833333,72.39861111,,10-11-2022 06:00,44.64
875,875,Bilkha,CGWB,24,Gujarat,448,Junagadh,JUNAGADH,JUNAGADH,Bilkha,-,-,-,-,-,-,21.43888889,70.60000000,,10-01-2021 00:00,4.15
876,876,Bilkha,CGWB,24,Gujarat,448,Junagadh,JUNAGADH,JUNAGADH,Bilkha,-,-,-,-,-,-,21.43888889,70.60000000,,31-08-2021 06:00,4.67
877,877,Bilkha,CGWB,24,Gujarat,448,Junagadh,JUNAGADH,JUNAGADH,Bilkha,-,-,-,-,-,-,21.43888889,70.60000000,,30-11-2021 06:00,10.05
878,878,Bilkha,CGWB,24,Gujarat,448,Junagadh,JUNAGADH,JUNAGADH,Bilkha,-,-,-,-,-,-,21.43888889,70.60000000,,30-01-2022 07:00,3.5
879,879,Bilkha,CGWB,24,Gujarat,448,Junagadh,JUNAGADH,JUNAGADH,Bilkha,-,-,-,-,-,-,21.43888889,70.60000000,,30-05-2022 06:00,6.97
880,880,Bilkha,CGWB,24,Gujarat,448,Junagadh,JUNAGADH,JUNAGADH,Bilkha,-,-,-,-,-,-,21.43888889,70.60000000,,30-08-2022 06:00,3.27
881,881,Bilkha,CGWB,24,Gujarat,448,Junagadh,JUNAGADH,JUNAGADH,Bilkha,-,-,-,-,-,-,21.43888889,70.60000000,,10-11-2022 06:00,3.9
882,882,Bilkha,CGWB,24,Gujarat,448,Junagadh,JUNAGADH,JUNAGADH,Bilkha,-,-,-,-,-,-,21.43888889,70.60000000,,30-05-2023 10:00,8.7
883,883,Biyok_Pz-II,CGWB,24,Gujarat,441,Banaskantha,VAV,VAV,Biyok,-,-,-,-,-,-,24.27222222,71.65472222,,30-08-2022 06:00,31.03
884,884,Biyok_Pz-II,CGWB,24,Gujarat,441,Banaskantha,VAV,VAV,Biyok,-,-,-,-,-,-,24.27222222,71.65472222,,10-11-2022 06:00,29.33
885,885,Bodeli,CGWB,24,Gujarat,461,Vadodara,SANKHEDA,SANKHEDA,Bodeli,-,-,-,-,-,-,22.27083333,73.71666667,,31-08-2021 06:00,6.13
886,886,Bodeli,CGWB,24,Gujarat,461,Vadodara,SANKHEDA,SANKHEDA,Bodeli,-,-,-,-,-,-,22.27083333,73.71666667,,30-11-2021 06:00,1.88
887,887,Bodeli,CGWB,24,Gujarat,461,Vadodara,SANKHEDA,SANKHEDA,Bodeli,-,-,-,-,-,-,22.27083333,73.71666667,,30-01-2022 07:00,4.69
888,888,Bodeli,CGWB,24,Gujarat,461,Vadodara,SANKHEDA,SANKHEDA,Bodeli,-,-,-,-,-,-,22.27083333,73.71666667,,30-05-2022 06:00,6.93
889,889,Bopal_Pz_I,CGWB,24,Gujarat,438,Ahmedabad,DASKROI,DASKROI,Bopal,-,-,-,-,-,-,23.03861111,72.45777778,,10-01-2021 00:00,34.63
890,890,Bopal_Pz_I,CGWB,24,Gujarat,438,Ahmedabad,DASKROI,DASKROI,Bopal,-,-,-,-,-,-,23.03861111,72.45777778,,31-08-2021 06:00,34.35
891,891,Bopal_Pz_I,CGWB,24,Gujarat,438,Ahmedabad,DASKROI,DASKROI,Bopal,-,-,-,-,-,-,23.03861111,72.45777778,,30-11-2021 06:00,33.5
892,892,Bopal_Pz_I,CGWB,24,Gujarat,438,Ahmedabad,DASKROI,DASKROI,Bopal,-,-,-,-,-,-,23.03861111,72.45777778,,30-01-2022 07:00,28.76
893,893,Bopal_Pz_I,CGWB,24,Gujarat,438,Ahmedabad,DASKROI,DASKROI,Bopal,-,-,-,-,-,-,23.03861111,72.45777778,,30-05-2022 06:00,34.85
894,894,Bopal_Pz_I,CGWB,24,Gujarat,438,Ahmedabad,DASKROI,DASKROI,Bopal,-,-,-,-,-,-,23.03861111,72.45777778,,30-08-2022 06:00,1.25
895,895,Bopal_Pz_I,CGWB,24,Gujarat,438,Ahmedabad,DASKROI,DASKROI,Bopal,-,-,-,-,-,-,23.03861111,72.45777778,,10-11-2022 06:00,1.67
896,896,Bopal_Pz_I,CGWB,24,Gujarat,438,Ahmedabad,DASKROI,DASKROI,Bopal,-,-,-,-,-,-,23.03861111,72.45777778,,30-05-2023 10:00,34.38
897,897,Bopal_Pz_II,CGWB,24,Gujarat,438,Ahmedabad,DASKROI,DASKROI,Bopal,-,-,-,-,-,-,23.03861111,72.45777778,,10-11-2022 06:00,32.88
898,898,Bopal_Pz_III,CGWB,24,Gujarat,438,Ahmedabad,DASKROI,DASKROI,Bopal,-,-,-,-,-,-,23.03861111,72.45777778,,10-01-2021 00:00,2.78
899,899,Bopal_Pz_III,CGWB,24,Gujarat,438,Ahmedabad,DASKROI,DASKROI,Bopal,-,-,-,-,-,-,23.03861111,72.45777778,,31-08-2021 06:00,3.2
900,900,Bopal_Pz_III,CGWB,24,Gujarat,438,Ahmedabad,DASKROI,DASKROI,Bopal,-,-,-,-,-,-,23.03861111,72.45777778,,30-11-2021 06:00,2.89
901,901,Bopal_Pz_III,CGWB,24,Gujarat,438,Ahmedabad,DASKROI,DASKROI,Bopal,-,-,-,-,-,-,23.03861111,72.45777778,,30-01-2022 07:00,2.8
902,902,Bopal_Pz_III,CGWB,24,Gujarat,438,Ahmedabad,DASKROI,DASKROI,Bopal,-,-,-,-,-,-,23.03861111,72.45777778,,30-05-2022 06:00,4.48
903,903,Bopal_Pz_III,CGWB,24,Gujarat,438,Ahmedabad,DASKROI,DASKROI,Bopal,-,-,-,-,-,-,23.03861111,72.45777778,,30-05-2023 10:00,3.22
904,904,Bora,CGWB,24,Gujarat,443,Bhavnagar,MAHUVA,MAHUVA,Bora,-,-,-,-,-,-,21.19111111,71.92888889,,10-01-2021 00:00,18.4
905,905,Bora,CGWB,24,Gujarat,443,Bhavnagar,MAHUVA,MAHUVA,Bora,-,-,-,-,-,-,21.19111111,71.92888889,,31-08-2021 06:00,13.96
906,906,Bora,CGWB,24,Gujarat,443,Bhavnagar,MAHUVA,MAHUVA,Bora,-,-,-,-,-,-,21.19111111,71.92888889,,30-11-2021 06:00,9.44
907,907,Bora,CGWB,24,Gujarat,443,Bhavnagar,MAHUVA,MAHUVA,Bora,-,-,-,-,-,-,21.19111111,71.92888889,,30-01-2022 07:00,11.45
908,908,Bora,CGWB,24,Gujarat,443,Bhavnagar,MAHUVA,MAHUVA,Bora,-,-,-,-,-,-,21.19111111,71.92888889,,30-05-2022 06:00,15.4
909,909,Bora,CGWB,24,Gujarat,443,Bhavnagar,MAHUVA,MAHUVA,Bora,-,-,-,-,-,-,21.19111111,71.92888889,,30-08-2022 06:00,6.11
910,910,Bora,CGWB,24,Gujarat,443,Bhavnagar,MAHUVA,MAHUVA,Bora,-,-,-,-,-,-,21.19111111,71.92888889,,10-11-2022 06:00,11.17
911,911,Bora,CGWB,24,Gujarat,443,Bhavnagar,MAHUVA,MAHUVA,Bora,-,-,-,-,-,-,21.19111111,71.92888889,,30-05-2023 10:00,22.1
912,912,Boral,CGWB,24,Gujarat,458,Sabarkantha,BAYAD,BAYAD,Boral,-,-,-,-,-,-,23.12500000,73.20833333,,10-01-2021 00:00,6.2
913,913,Boral,CGWB,24,Gujarat,458,Sabarkantha,BAYAD,BAYAD,Boral,-,-,-,-,-,-,23.12500000,73.20833333,,31-08-2021 06:00,10.87
914,914,Boral,CGWB,24,Gujarat,458,Sabarkantha,BAYAD,BAYAD,Boral,-,-,-,-,-,-,23.12500000,73.20833333,,30-11-2021 06:00,9.1
915,915,Boral,CGWB,24,Gujarat,458,Sabarkantha,BAYAD,BAYAD,Boral,-,-,-,-,-,-,23.12500000,73.20833333,,30-01-2022 07:00,9.25
916,916,Boral,CGWB,24,Gujarat,458,Sabarkantha,BAYAD,BAYAD,Boral,-,-,-,-,-,-,23.12500000,73.20833333,,30-05-2022 06:00,13.83
917,917,Boral,CGWB,24,Gujarat,458,Sabarkantha,BAYAD,BAYAD,Boral,-,-,-,-,-,-,23.12500000,73.20833333,,30-08-2022 06:00,6.3
918,918,Boral,CGWB,24,Gujarat,458,Sabarkantha,BAYAD,BAYAD,Boral,-,-,-,-,-,-,23.12500000,73.20833333,,10-11-2022 06:00,5.34
919,919,Boral,CGWB,24,Gujarat,458,Sabarkantha,BAYAD,BAYAD,Boral,-,-,-,-,-,-,23.12500000,73.20833333,,10-01-2023 18:00,6.65
920,920,Boral,CGWB,24,Gujarat,458,Sabarkantha,BAYAD,BAYAD,Boral,-,-,-,-,-,-,23.12500000,73.20833333,,30-05-2023 10:00,12.9
921,921,Bori Gaotha 1,CGWB,24,Gujarat,444,Dang,The dangs,-,-,-,-,-,-,-,-,20.81083333,73.50305556,,10-01-2021 00:00,4.62
922,922,Bori Gaotha 1,CGWB,24,Gujarat,444,Dang,The dangs,-,-,-,-,-,-,-,-,20.81083333,73.50305556,,31-08-2021 06:00,2.7
923,923,Bori Gaotha 1,CGWB,24,Gujarat,444,Dang,The dangs,-,-,-,-,-,-,-,-,20.81083333,73.50305556,,30-11-2021 06:00,1.6
924,924,Bori Gaotha 1,CGWB,24,Gujarat,444,Dang,The dangs,-,-,-,-,-,-,-,-,20.81083333,73.50305556,,30-01-2022 07:00,2.05
925,925,Bori Gaotha 1,CGWB,24,Gujarat,444,Dang,The dangs,-,-,-,-,-,-,-,-,20.81083333,73.50305556,,30-05-2022 06:00,7.3
926,926,Bori Gaotha 1,CGWB,24,Gujarat,444,Dang,The dangs,-,-,-,-,-,-,-,-,20.81083333,73.50305556,,30-08-2022 06:00,2.5
927,927,Bori Gaotha 1,CGWB,24,Gujarat,444,Dang,The dangs,-,-,-,-,-,-,-,-,20.81083333,73.50305556,,10-11-2022 06:00,4.6
928,928,Bori Gaotha 1,CGWB,24,Gujarat,444,Dang,The dangs,-,-,-,-,-,-,-,-,20.81083333,73.50305556,,30-05-2023 10:00,7.1
929,929,Bori Gaotha 1,CGWB,24,Gujarat,444,Dang,The dangs,-,-,-,-,-,-,-,-,20.81083333,73.50305556,,30-08-2023 18:00,2.4
930,930,Boriya,CGWB,24,Gujarat,458,Sabarkantha,TALOD,TALOD,Boriya,-,-,-,-,-,-,23.24277778,72.94083333,,10-01-2021 00:00,6.98
931,931,Boriya,CGWB,24,Gujarat,458,Sabarkantha,TALOD,TALOD,Boriya,-,-,-,-,-,-,23.24277778,72.94083333,,31-08-2021 06:00,7.9
932,932,Boriya,CGWB,24,Gujarat,458,Sabarkantha,TALOD,TALOD,Boriya,-,-,-,-,-,-,23.24277778,72.94083333,,30-11-2021 06:00,6.95
933,933,Boriya,CGWB,24,Gujarat,458,Sabarkantha,TALOD,TALOD,Boriya,-,-,-,-,-,-,23.24277778,72.94083333,,30-01-2022 07:00,7
934,934,Boriya,CGWB,24,Gujarat,458,Sabarkantha,TALOD,TALOD,Boriya,-,-,-,-,-,-,23.24277778,72.94083333,,30-05-2022 06:00,7.7
935,935,Boriya,CGWB,24,Gujarat,458,Sabarkantha,TALOD,TALOD,Boriya,-,-,-,-,-,-,23.24277778,72.94083333,,30-08-2022 06:00,6.65
936,936,Boriya,CGWB,24,Gujarat,458,Sabarkantha,TALOD,TALOD,Boriya,-,-,-,-,-,-,23.24277778,72.94083333,,10-11-2022 06:00,6.46
937,937,Boriya,CGWB,24,Gujarat,458,Sabarkantha,TALOD,TALOD,Boriya,-,-,-,-,-,-,23.24277778,72.94083333,,10-01-2023 18:00,6.81
938,938,Boriya,CGWB,24,Gujarat,458,Sabarkantha,TALOD,TALOD,Boriya,-,-,-,-,-,-,23.24277778,72.94083333,,30-05-2023 10:00,8.099999
939,939,Boriyani,CGWB,24,Gujarat,440,Anand,ANAND,ANAND,Boriyani,-,-,-,-,-,-,22.63222222,73.00416667,,10-01-2021 00:00,8
940,940,Boriyani,CGWB,24,Gujarat,440,Anand,ANAND,ANAND,Boriyani,-,-,-,-,-,-,22.63222222,73.00416667,,31-08-2021 06:00,6.9
941,941,Boriyani,CGWB,24,Gujarat,440,Anand,ANAND,ANAND,Boriyani,-,-,-,-,-,-,22.63222222,73.00416667,,30-11-2021 06:00,6.3
942,942,Boriyani,CGWB,24,Gujarat,440,Anand,ANAND,ANAND,Boriyani,-,-,-,-,-,-,22.63222222,73.00416667,,30-08-2022 06:00,10.6
943,943,Boriyani,CGWB,24,Gujarat,440,Anand,ANAND,ANAND,Boriyani,-,-,-,-,-,-,22.63222222,73.00416667,,01-01-2023 00:00,7.76
944,944,Boriyani,CGWB,24,Gujarat,440,Anand,ANAND,ANAND,Boriyani,-,-,-,-,-,-,22.63222222,73.00416667,,30-05-2023 10:00,9.4
945,945,Boriyavi,CGWB,24,Gujarat,450,Kheda,NADIAD,NADIAD,Boriyavi,-,-,-,-,-,-,22.63555556,72.90916667,,31-08-2021 06:00,8.95
946,946,Boriyavi,CGWB,24,Gujarat,450,Kheda,NADIAD,NADIAD,Boriyavi,-,-,-,-,-,-,22.63555556,72.90916667,,30-11-2021 06:00,7.53
947,947,Boriyavi,CGWB,24,Gujarat,450,Kheda,NADIAD,NADIAD,Boriyavi,-,-,-,-,-,-,22.63555556,72.90916667,,30-01-2022 07:00,7.8
948,948,Boriyavi,CGWB,24,Gujarat,450,Kheda,NADIAD,NADIAD,Boriyavi,-,-,-,-,-,-,22.63555556,72.90916667,,30-05-2022 06:00,9.2
949,949,Boriyavi,CGWB,24,Gujarat,450,Kheda,NADIAD,NADIAD,Boriyavi,-,-,-,-,-,-,22.63555556,72.90916667,,30-08-2022 06:00,9.3
950,950,Boriyavi,CGWB,24,Gujarat,450,Kheda,NADIAD,NADIAD,Boriyavi,-,-,-,-,-,-,22.63555556,72.90916667,,10-11-2022 06:00,9.32
951,951,Boriyavi,CGWB,24,Gujarat,450,Kheda,NADIAD,NADIAD,Boriyavi,-,-,-,-,-,-,22.63555556,72.90916667,,10-01-2023 18:00,7.65
952,952,Boriyavi,CGWB,24,Gujarat,450,Kheda,NADIAD,NADIAD,Boriyavi,-,-,-,-,-,-,22.63555556,72.90916667,,30-05-2023 10:00,6.6600003
953,953,Borsad I,CGWB,24,Gujarat,440,Anand,BORSAD,BORSAD,Borsad I,-,-,-,-,-,-,22.40972222,72.90138889,,10-01-2021 00:00,17.55
954,954,Borsad I,CGWB,24,Gujarat,440,Anand,BORSAD,BORSAD,Borsad I,-,-,-,-,-,-,22.40972222,72.90138889,,31-08-2021 06:00,4.33
955,955,Borsad I,CGWB,24,Gujarat,440,Anand,BORSAD,BORSAD,Borsad I,-,-,-,-,-,-,22.40972222,72.90138889,,30-05-2022 06:00,4.59
956,956,Borsad I,CGWB,24,Gujarat,440,Anand,BORSAD,BORSAD,Borsad I,-,-,-,-,-,-,22.40972222,72.90138889,,30-08-2022 06:00,3
957,957,Borsad I,CGWB,24,Gujarat,440,Anand,BORSAD,BORSAD,Borsad I,-,-,-,-,-,-,22.40972222,72.90138889,,01-01-2023 00:00,17.52
958,958,Borsad I,CGWB,24,Gujarat,440,Anand,BORSAD,BORSAD,Borsad I,-,-,-,-,-,-,22.40972222,72.90138889,,30-05-2023 10:00,19.34
959,959,Borsad_Pz_II,CGWB,24,Gujarat,440,Anand,BORSAD,BORSAD,Borsad,-,-,-,-,-,-,22.40972222,72.90138889,,10-01-2021 00:00,15.45
960,960,Borsad_Pz_II,CGWB,24,Gujarat,440,Anand,BORSAD,BORSAD,Borsad,-,-,-,-,-,-,22.40972222,72.90138889,,31-08-2021 06:00,4.2
961,961,Borsad_Pz_II,CGWB,24,Gujarat,440,Anand,BORSAD,BORSAD,Borsad,-,-,-,-,-,-,22.40972222,72.90138889,,30-11-2021 06:00,4.25
962,962,Borsad_Pz_II,CGWB,24,Gujarat,440,Anand,BORSAD,BORSAD,Borsad,-,-,-,-,-,-,22.40972222,72.90138889,,30-05-2022 06:00,4.62
963,963,Borsad_Pz_II,CGWB,24,Gujarat,440,Anand,BORSAD,BORSAD,Borsad,-,-,-,-,-,-,22.40972222,72.90138889,,30-08-2022 06:00,2.35
964,964,Budasan,CGWB,24,Gujarat,451,Mahesana,KADI,KADI,Budasan,-,-,-,-,-,-,23.28750000,72.37500000,,10-01-2021 00:00,3.6
965,965,Budasan,CGWB,24,Gujarat,451,Mahesana,KADI,KADI,Budasan,-,-,-,-,-,-,23.28750000,72.37500000,,31-08-2021 06:00,6.83
966,966,Budasan,CGWB,24,Gujarat,451,Mahesana,KADI,KADI,Budasan,-,-,-,-,-,-,23.28750000,72.37500000,,30-11-2021 06:00,3.76
967,967,Budasan,CGWB,24,Gujarat,451,Mahesana,KADI,KADI,Budasan,-,-,-,-,-,-,23.28750000,72.37500000,,30-01-2022 07:00,4.7
968,968,Budasan,CGWB,24,Gujarat,451,Mahesana,KADI,KADI,Budasan,-,-,-,-,-,-,23.28750000,72.37500000,,30-05-2022 06:00,6.6
969,969,Budasan,CGWB,24,Gujarat,451,Mahesana,KADI,KADI,Budasan,-,-,-,-,-,-,23.28750000,72.37500000,,30-08-2022 06:00,3
970,970,Budasan,CGWB,24,Gujarat,451,Mahesana,KADI,KADI,Budasan,-,-,-,-,-,-,23.28750000,72.37500000,,10-11-2022 06:00,3.55
971,971,Budasan,CGWB,24,Gujarat,451,Mahesana,KADI,KADI,Budasan,-,-,-,-,-,-,23.28750000,72.37500000,,30-05-2023 10:00,6.64
972,972,Budhecha,CGWB,24,Gujarat,448,Junagadh,MALIA,MALIA,Budhecha,-,-,-,-,-,-,21.09583333,70.21666667,,10-01-2021 00:00,5.52
973,973,Budhecha,CGWB,24,Gujarat,448,Junagadh,MALIA,MALIA,Budhecha,-,-,-,-,-,-,21.09583333,70.21666667,,30-11-2021 06:00,3.13
974,974,Budhecha,CGWB,24,Gujarat,448,Junagadh,MALIA,MALIA,Budhecha,-,-,-,-,-,-,21.09583333,70.21666667,,30-08-2022 06:00,1.05
975,975,Budhecha,CGWB,24,Gujarat,448,Junagadh,MALIA,MALIA,Budhecha,-,-,-,-,-,-,21.09583333,70.21666667,,10-11-2022 06:00,4.33
976,976,Budhecha,CGWB,24,Gujarat,448,Junagadh,MALIA,MALIA,Budhecha,-,-,-,-,-,-,21.09583333,70.21666667,,30-05-2023 10:00,27.35
977,977,Chadav,CGWB,24,Gujarat,453,Navsari,BANSDA,BANSDA,Chadav,-,-,-,-,-,-,20.83111111,73.33444444,,10-01-2021 00:00,4.6
978,978,Chadav,CGWB,24,Gujarat,453,Navsari,BANSDA,BANSDA,Chadav,-,-,-,-,-,-,20.83111111,73.33444444,,31-08-2021 06:00,7
979,979,Chadav,CGWB,24,Gujarat,453,Navsari,BANSDA,BANSDA,Chadav,-,-,-,-,-,-,20.83111111,73.33444444,,30-11-2021 06:00,3.3
980,980,Chadav,CGWB,24,Gujarat,453,Navsari,BANSDA,BANSDA,Chadav,-,-,-,-,-,-,20.83111111,73.33444444,,30-01-2022 07:00,5.45
981,981,Chadav,CGWB,24,Gujarat,453,Navsari,BANSDA,BANSDA,Chadav,-,-,-,-,-,-,20.83111111,73.33444444,,30-05-2022 06:00,8.78
982,982,Chadav,CGWB,24,Gujarat,453,Navsari,BANSDA,BANSDA,Chadav,-,-,-,-,-,-,20.83111111,73.33444444,,30-08-2022 06:00,2.7
983,983,Chadav,CGWB,24,Gujarat,453,Navsari,BANSDA,BANSDA,Chadav,-,-,-,-,-,-,20.83111111,73.33444444,,10-11-2022 06:00,4.25
984,984,Chadav,CGWB,24,Gujarat,453,Navsari,BANSDA,BANSDA,Chadav,-,-,-,-,-,-,20.83111111,73.33444444,,30-05-2023 10:00,9.85
985,985,Chadav,CGWB,24,Gujarat,453,Navsari,BANSDA,BANSDA,Chadav,-,-,-,-,-,-,20.83111111,73.33444444,,30-08-2023 18:00,2.3999999
986,986,Chakarteeth_Pz,CGWB,24,Gujarat,464,DIU,DUI,DUI,Chakarteeth,-,-,-,-,-,-,20.70833333,70.96888889,,10-01-2021 00:00,5.6
987,987,Chakarteeth_Pz,CGWB,24,Gujarat,464,DIU,DUI,DUI,Chakarteeth,-,-,-,-,-,-,20.70833333,70.96888889,,31-08-2021 06:00,5.61
988,988,Chakarteeth_Pz,CGWB,24,Gujarat,464,DIU,DUI,DUI,Chakarteeth,-,-,-,-,-,-,20.70833333,70.96888889,,30-11-2021 06:00,5.72
989,989,Chakarteeth_Pz,CGWB,24,Gujarat,464,DIU,DUI,DUI,Chakarteeth,-,-,-,-,-,-,20.70833333,70.96888889,,30-01-2022 07:00,6.2
990,990,Chakarteeth_Pz,CGWB,24,Gujarat,464,DIU,DUI,DUI,Chakarteeth,-,-,-,-,-,-,20.70833333,70.96888889,,30-08-2022 06:00,5.83
991,991,Chakarteeth_Pz,CGWB,24,Gujarat,464,DIU,DUI,DUI,Chakarteeth,-,-,-,-,-,-,20.70833333,70.96888889,,10-11-2022 06:00,6.2
992,992,Chakarteeth_Pz,CGWB,24,Gujarat,464,DIU,DUI,DUI,Chakarteeth,-,-,-,-,-,-,20.70833333,70.96888889,,30-05-2023 10:00,6.2200003
993,993,Chalala,CGWB,24,Gujarat,439,Amreli,DHARI,DHARI,Chalala,-,-,-,-,-,-,21.41666667,71.16666667,,10-01-2021 00:00,23.52
994,994,Chalala,CGWB,24,Gujarat,439,Amreli,DHARI,DHARI,Chalala,-,-,-,-,-,-,21.41666667,71.16666667,,31-08-2021 06:00,21.42
995,995,Chalala,CGWB,24,Gujarat,439,Amreli,DHARI,DHARI,Chalala,-,-,-,-,-,-,21.41666667,71.16666667,,30-11-2021 06:00,19.05
996,996,Chalala,CGWB,24,Gujarat,439,Amreli,DHARI,DHARI,Chalala,-,-,-,-,-,-,21.41666667,71.16666667,,30-01-2022 07:00,20.76
997,997,Chalala,CGWB,24,Gujarat,439,Amreli,DHARI,DHARI,Chalala,-,-,-,-,-,-,21.41666667,71.16666667,,30-05-2022 06:00,22.03
998,998,Chalala,CGWB,24,Gujarat,439,Amreli,DHARI,DHARI,Chalala,-,-,-,-,-,-,21.41666667,71.16666667,,30-08-2022 06:00,21.15
999,999,Chalala,CGWB,24,Gujarat,439,Amreli,DHARI,DHARI,Chalala,-,-,-,-,-,-,21.41666667,71.16666667,,10-11-2022 06:00,21.31
1000,1000,Chalala,CGWB,24,Gujarat,439,Amreli,DHARI,DHARI,Chalala,-,-,-,-,-,-,21.41666667,71.16666667,,30-05-2023 10:00,22.4
1001,1001,Chanasma II,CGWB,24,Gujarat,455,Patan,CHANASMA,CHANASMA,Chanasma II,-,-,-,-,-,-,23.71111111,72.11500000,,30-08-2022 06:00,6.1
1002,1002,Chandap_DW,CGWB,24,Gujarat,458,Sabarkantha,IDAR,IDAR,Chandap,-,-,-,-,-,-,23.92333333,72.85333333,,10-01-2021 00:00,14.77
1003,1003,Chandap_DW,CGWB,24,Gujarat,458,Sabarkantha,IDAR,IDAR,Chandap,-,-,-,-,-,-,23.92333333,72.85333333,,31-08-2021 06:00,16.3
1004,1004,Chandap_DW,CGWB,24,Gujarat,458,Sabarkantha,IDAR,IDAR,Chandap,-,-,-,-,-,-,23.92333333,72.85333333,,30-01-2022 07:00,15.5
1005,1005,Chandap_DW,CGWB,24,Gujarat,458,Sabarkantha,IDAR,IDAR,Chandap,-,-,-,-,-,-,23.92333333,72.85333333,,30-05-2022 06:00,17.9
1006,1006,Chandap_DW,CGWB,24,Gujarat,458,Sabarkantha,IDAR,IDAR,Chandap,-,-,-,-,-,-,23.92333333,72.85333333,,10-11-2022 06:00,14.88
1007,1007,Chandap_DW,CGWB,24,Gujarat,458,Sabarkantha,IDAR,IDAR,Chandap,-,-,-,-,-,-,23.92333333,72.85333333,,10-01-2023 18:00,16.36
1008,1008,Chandap_DW,CGWB,24,Gujarat,458,Sabarkantha,IDAR,IDAR,Chandap,-,-,-,-,-,-,23.92333333,72.85333333,,30-05-2023 10:00,18.48
1009,1009,Chandap_Pz,CGWB,24,Gujarat,458,Sabarkantha,IDAR,IDAR,Chandap,-,-,-,-,-,-,23.93194444,72.85694444,,10-01-2021 00:00,9.6
1010,1010,Chandap_Pz,CGWB,24,Gujarat,458,Sabarkantha,IDAR,IDAR,Chandap,-,-,-,-,-,-,23.93194444,72.85694444,,31-08-2021 06:00,14.1
1011,1011,Chandap_Pz,CGWB,24,Gujarat,458,Sabarkantha,IDAR,IDAR,Chandap,-,-,-,-,-,-,23.93194444,72.85694444,,30-11-2021 06:00,14.25
1012,1012,Chandap_Pz,CGWB,24,Gujarat,458,Sabarkantha,IDAR,IDAR,Chandap,-,-,-,-,-,-,23.93194444,72.85694444,,30-01-2022 07:00,12.3
1013,1013,Chandap_Pz,CGWB,24,Gujarat,458,Sabarkantha,IDAR,IDAR,Chandap,-,-,-,-,-,-,23.93194444,72.85694444,,30-08-2022 06:00,9.7
1014,1014,Chandranagar,CGWB,24,Gujarat,449,Kachchh,NAKHATRANA,NAKHATRANA,Chandranagar,-,-,-,-,-,-,23.45000000,69.40000000,,10-01-2021 00:00,8.67
1015,1015,Chandranagar,CGWB,24,Gujarat,449,Kachchh,NAKHATRANA,NAKHATRANA,Chandranagar,-,-,-,-,-,-,23.45000000,69.40000000,,31-08-2021 06:00,8.67
1016,1016,Chandranagar,CGWB,24,Gujarat,449,Kachchh,NAKHATRANA,NAKHATRANA,Chandranagar,-,-,-,-,-,-,23.45000000,69.40000000,,30-11-2021 06:00,8.67
1017,1017,Chandranagar,CGWB,24,Gujarat,449,Kachchh,NAKHATRANA,NAKHATRANA,Chandranagar,-,-,-,-,-,-,23.45000000,69.40000000,,30-08-2022 06:00,7.95
1018,1018,Chandranagar,CGWB,24,Gujarat,449,Kachchh,NAKHATRANA,NAKHATRANA,Chandranagar,-,-,-,-,-,-,23.45000000,69.40000000,,10-11-2022 06:00,7.98
1019,1019,Changa,CGWB,24,Gujarat,447,Jamnagar,JAMNAGAR,JAMNAGAR,Changa,-,-,-,-,-,-,22.35000000,70.04166667,,10-01-2021 00:00,8.25
1020,1020,Changa,CGWB,24,Gujarat,447,Jamnagar,JAMNAGAR,JAMNAGAR,Changa,-,-,-,-,-,-,22.35000000,70.04166667,,30-11-2021 06:00,3.58
1021,1021,Changa,CGWB,24,Gujarat,447,Jamnagar,JAMNAGAR,JAMNAGAR,Changa,-,-,-,-,-,-,22.35000000,70.04166667,,10-11-2022 06:00,11.43
1022,1022,Chapawadi,CGWB,24,Gujarat,459,Surat,VYARA,VYARA,Chapawadi,-,-,-,-,-,-,21.15138889,73.39361111,,10-01-2021 00:00,3.09
1023,1023,Chapawadi,CGWB,24,Gujarat,459,Surat,VYARA,VYARA,Chapawadi,-,-,-,-,-,-,21.15138889,73.39361111,,31-08-2021 06:00,4.62
1024,1024,Chapawadi,CGWB,24,Gujarat,459,Surat,VYARA,VYARA,Chapawadi,-,-,-,-,-,-,21.15138889,73.39361111,,30-11-2021 06:00,3.55
1025,1025,Chapawadi,CGWB,24,Gujarat,459,Surat,VYARA,VYARA,Chapawadi,-,-,-,-,-,-,21.15138889,73.39361111,,30-01-2022 07:00,4.2
1026,1026,Chapawadi,CGWB,24,Gujarat,459,Surat,VYARA,VYARA,Chapawadi,-,-,-,-,-,-,21.15138889,73.39361111,,30-08-2022 06:00,2.8
1027,1027,Chapawadi,CGWB,24,Gujarat,459,Surat,VYARA,VYARA,Chapawadi,-,-,-,-,-,-,21.15138889,73.39361111,,10-11-2022 06:00,2.25
1028,1028,Chapawadi,CGWB,24,Gujarat,459,Surat,VYARA,VYARA,Chapawadi,-,-,-,-,-,-,21.15138889,73.39361111,,30-05-2023 10:00,
1029,1029,Charada_Pz_I,CGWB,24,Gujarat,446,Gandhinagar,MANSA,MANSA,Charada,-,-,-,-,-,-,23.48166667,72.65166667,,10-01-2021 00:00,196.74
1030,1030,Charada_Pz_I,CGWB,24,Gujarat,446,Gandhinagar,MANSA,MANSA,Charada,-,-,-,-,-,-,23.48166667,72.65166667,,31-08-2021 06:00,186.32
1031,1031,Charada_Pz_I,CGWB,24,Gujarat,446,Gandhinagar,MANSA,MANSA,Charada,-,-,-,-,-,-,23.48166667,72.65166667,,30-11-2021 06:00,191.73
1032,1032,Charada_Pz_I,CGWB,24,Gujarat,446,Gandhinagar,MANSA,MANSA,Charada,-,-,-,-,-,-,23.48166667,72.65166667,,30-01-2022 07:00,194.2
1033,1033,Charada_Pz_I,CGWB,24,Gujarat,446,Gandhinagar,MANSA,MANSA,Charada,-,-,-,-,-,-,23.48166667,72.65166667,,30-05-2022 06:00,195.72
1034,1034,Charada_Pz_I,CGWB,24,Gujarat,446,Gandhinagar,MANSA,MANSA,Charada,-,-,-,-,-,-,23.48166667,72.65166667,,10-11-2022 06:00,191.17
1035,1035,Charada_Pz_I,CGWB,24,Gujarat,446,Gandhinagar,MANSA,MANSA,Charada,-,-,-,-,-,-,23.48166667,72.65166667,,10-01-2023 18:00,198.83
1036,1036,Charada_Pz_I,CGWB,24,Gujarat,446,Gandhinagar,MANSA,MANSA,Charada,-,-,-,-,-,-,23.48166667,72.65166667,,30-05-2023 10:00,197.3
1037,1037,Charada Pz -II,CGWB,24,Gujarat,446,Gandhinagar,MANSA,MANSA,Charada,-,-,-,-,-,-,23.48166667,72.65166667,,10-01-2021 00:00,119.77
1038,1038,Charada Pz -II,CGWB,24,Gujarat,446,Gandhinagar,MANSA,MANSA,Charada,-,-,-,-,-,-,23.48166667,72.65166667,,31-08-2021 06:00,97.5
1039,1039,Charada Pz -II,CGWB,24,Gujarat,446,Gandhinagar,MANSA,MANSA,Charada,-,-,-,-,-,-,23.48166667,72.65166667,,30-11-2021 06:00,101.84
1040,1040,Charada Pz -II,CGWB,24,Gujarat,446,Gandhinagar,MANSA,MANSA,Charada,-,-,-,-,-,-,23.48166667,72.65166667,,30-01-2022 07:00,100.75
1041,1041,Charada Pz -II,CGWB,24,Gujarat,446,Gandhinagar,MANSA,MANSA,Charada,-,-,-,-,-,-,23.48166667,72.65166667,,30-05-2022 06:00,101.75
1042,1042,Charada Pz -II,CGWB,24,Gujarat,446,Gandhinagar,MANSA,MANSA,Charada,-,-,-,-,-,-,23.48166667,72.65166667,,10-11-2022 06:00,97.58
1043,1043,Charada Pz -II,CGWB,24,Gujarat,446,Gandhinagar,MANSA,MANSA,Charada,-,-,-,-,-,-,23.48166667,72.65166667,,10-01-2023 18:00,102.07
1044,1044,Charada Pz -II,CGWB,24,Gujarat,446,Gandhinagar,MANSA,MANSA,Charada,-,-,-,-,-,-,23.48166667,72.65166667,,30-05-2023 10:00,109.3
1045,1045,Charkhadia1,CGWB,24,Gujarat,439,Amreli,KUNDLA-SAVAR,KUNDLA-SAVAR,Charkhadia,-,-,-,-,-,-,21.39166667,71.29583333,,10-01-2021 00:00,20.8
1046,1046,Charkhadia1,CGWB,24,Gujarat,439,Amreli,KUNDLA-SAVAR,KUNDLA-SAVAR,Charkhadia,-,-,-,-,-,-,21.39166667,71.29583333,,30-11-2021 06:00,5.4
1047,1047,Charkhadia1,CGWB,24,Gujarat,439,Amreli,KUNDLA-SAVAR,KUNDLA-SAVAR,Charkhadia,-,-,-,-,-,-,21.39166667,71.29583333,,30-01-2022 07:00,7.24
1048,1048,Charkhadia1,CGWB,24,Gujarat,439,Amreli,KUNDLA-SAVAR,KUNDLA-SAVAR,Charkhadia,-,-,-,-,-,-,21.39166667,71.29583333,,10-11-2022 06:00,19.2
1049,1049,Charkhadia_Pz,CGWB,24,Gujarat,439,Amreli,KUNDLA-SAVAR,KUNDLA-SAVAR,Charkhadia,-,-,-,-,-,-,21.38750000,71.29166667,,10-01-2021 00:00,23.43
1050,1050,Charkhadia_Pz,CGWB,24,Gujarat,439,Amreli,KUNDLA-SAVAR,KUNDLA-SAVAR,Charkhadia,-,-,-,-,-,-,21.38750000,71.29166667,,31-08-2021 06:00,22.85
1051,1051,Charkhadia_Pz,CGWB,24,Gujarat,439,Amreli,KUNDLA-SAVAR,KUNDLA-SAVAR,Charkhadia,-,-,-,-,-,-,21.38750000,71.29166667,,30-11-2021 06:00,21.33
1052,1052,Charkhadia_Pz,CGWB,24,Gujarat,439,Amreli,KUNDLA-SAVAR,KUNDLA-SAVAR,Charkhadia,-,-,-,-,-,-,21.38750000,71.29166667,,30-01-2022 07:00,21.88
1053,1053,Charkhadia_Pz,CGWB,24,Gujarat,439,Amreli,KUNDLA-SAVAR,KUNDLA-SAVAR,Charkhadia,-,-,-,-,-,-,21.38750000,71.29166667,,30-05-2022 06:00,22.83
1054,1054,Charkhadia_Pz,CGWB,24,Gujarat,439,Amreli,KUNDLA-SAVAR,KUNDLA-SAVAR,Charkhadia,-,-,-,-,-,-,21.38750000,71.29166667,,30-08-2022 06:00,19.78
1055,1055,Charkhadia_Pz,CGWB,24,Gujarat,439,Amreli,KUNDLA-SAVAR,KUNDLA-SAVAR,Charkhadia,-,-,-,-,-,-,21.38750000,71.29166667,,10-11-2022 06:00,20.73
1056,1056,Charkhadia_Pz,CGWB,24,Gujarat,439,Amreli,KUNDLA-SAVAR,KUNDLA-SAVAR,Charkhadia,-,-,-,-,-,-,21.38750000,71.29166667,,30-05-2023 10:00,20.55
1057,1057,Chavada,CGWB,24,Gujarat,459,Surat,UMARPADA,UMARPADA,Chavada,-,-,-,-,-,-,21.47472222,73.59500000,,10-01-2021 00:00,2.07
1058,1058,Chavada,CGWB,24,Gujarat,459,Surat,UMARPADA,UMARPADA,Chavada,-,-,-,-,-,-,21.47472222,73.59500000,,30-11-2021 06:00,1.6
1059,1059,Chavada,CGWB,24,Gujarat,459,Surat,UMARPADA,UMARPADA,Chavada,-,-,-,-,-,-,21.47472222,73.59500000,,10-11-2022 06:00,1.6
1060,1060,Chavada,CGWB,24,Gujarat,459,Surat,UMARPADA,UMARPADA,Chavada,-,-,-,-,-,-,21.47472222,73.59500000,,30-08-2023 18:00,2.1
1061,1061,Chavand,CGWB,24,Gujarat,439,Amreli,LATHI,LATHI,Chavand,-,-,-,-,-,-,21.81666667,71.41250000,,10-01-2021 00:00,6.86
1062,1062,Chavand,CGWB,24,Gujarat,439,Amreli,LATHI,LATHI,Chavand,-,-,-,-,-,-,21.81666667,71.41250000,,31-08-2021 06:00,3.67
1063,1063,Chavand,CGWB,24,Gujarat,439,Amreli,LATHI,LATHI,Chavand,-,-,-,-,-,-,21.81666667,71.41250000,,30-11-2021 06:00,2.1
1064,1064,Chavand,CGWB,24,Gujarat,439,Amreli,LATHI,LATHI,Chavand,-,-,-,-,-,-,21.81666667,71.41250000,,30-01-2022 07:00,5.76
1065,1065,Chavand,CGWB,24,Gujarat,439,Amreli,LATHI,LATHI,Chavand,-,-,-,-,-,-,21.81666667,71.41250000,,30-05-2022 06:00,2.8
1066,1066,Chavand,CGWB,24,Gujarat,439,Amreli,LATHI,LATHI,Chavand,-,-,-,-,-,-,21.81666667,71.41250000,,30-08-2022 06:00,3.92
1067,1067,Chavand,CGWB,24,Gujarat,439,Amreli,LATHI,LATHI,Chavand,-,-,-,-,-,-,21.81666667,71.41250000,,10-11-2022 06:00,4.53
1068,1068,Chavand,CGWB,24,Gujarat,439,Amreli,LATHI,LATHI,Chavand,-,-,-,-,-,-,21.81666667,71.41250000,,30-05-2023 10:00,4.92
1069,1069,Chavaria,CGWB,24,Gujarat,461,Vadodara,KAVANT,KAVANT,Chavaria,-,-,-,-,-,-,22.18750000,73.98750000,,10-01-2021 00:00,12.3
1070,1070,Chavaria,CGWB,24,Gujarat,461,Vadodara,KAVANT,KAVANT,Chavaria,-,-,-,-,-,-,22.18750000,73.98750000,,31-08-2021 06:00,12.3
1071,1071,Chavaria,CGWB,24,Gujarat,461,Vadodara,KAVANT,KAVANT,Chavaria,-,-,-,-,-,-,22.18750000,73.98750000,,30-11-2021 06:00,12.3
1072,1072,Chavaria,CGWB,24,Gujarat,461,Vadodara,KAVANT,KAVANT,Chavaria,-,-,-,-,-,-,22.18750000,73.98750000,,30-01-2022 07:00,5.12
1073,1073,Chavaria,CGWB,24,Gujarat,461,Vadodara,KAVANT,KAVANT,Chavaria,-,-,-,-,-,-,22.18750000,73.98750000,,30-08-2022 06:00,5.1
1074,1074,Chavaria,CGWB,24,Gujarat,461,Vadodara,KAVANT,KAVANT,Chavaria,-,-,-,-,-,-,22.18750000,73.98750000,,30-05-2023 10:00,13.8
1075,1075,Chavshala,CGWB,24,Gujarat,462,Valsad,KAPRADA,KAPRADA,Chavshala,-,-,-,-,-,-,20.32833333,73.32583333,,10-01-2021 00:00,1.1
1076,1076,Chavshala,CGWB,24,Gujarat,462,Valsad,KAPRADA,KAPRADA,Chavshala,-,-,-,-,-,-,20.32833333,73.32583333,,31-08-2021 06:00,2
1077,1077,Chavshala,CGWB,24,Gujarat,462,Valsad,KAPRADA,KAPRADA,Chavshala,-,-,-,-,-,-,20.32833333,73.32583333,,30-11-2021 06:00,1.25
1078,1078,Chavshala,CGWB,24,Gujarat,462,Valsad,KAPRADA,KAPRADA,Chavshala,-,-,-,-,-,-,20.32833333,73.32583333,,30-01-2022 07:00,1.25
1079,1079,Chavshala,CGWB,24,Gujarat,462,Valsad,KAPRADA,KAPRADA,Chavshala,-,-,-,-,-,-,20.32833333,73.32583333,,30-05-2022 06:00,2.76
1080,1080,Chavshala,CGWB,24,Gujarat,462,Valsad,KAPRADA,KAPRADA,Chavshala,-,-,-,-,-,-,20.32833333,73.32583333,,30-08-2022 06:00,0.4
1081,1081,Chavshala,CGWB,24,Gujarat,462,Valsad,KAPRADA,KAPRADA,Chavshala,-,-,-,-,-,-,20.32833333,73.32583333,,10-11-2022 06:00,0.95
1082,1082,Chavshala,CGWB,24,Gujarat,462,Valsad,KAPRADA,KAPRADA,Chavshala,-,-,-,-,-,-,20.32833333,73.32583333,,30-05-2023 10:00,3
1083,1083,Chella Karamsiya Pz,CGWB,24,Gujarat,461,Vadodara,VAGHODIA,VAGHODIA,Chella Karamsiya,-,-,-,-,-,-,22.39666667,73.43222222,,10-01-2021 00:00,1.65
1084,1084,Chella Karamsiya Pz,CGWB,24,Gujarat,461,Vadodara,VAGHODIA,VAGHODIA,Chella Karamsiya,-,-,-,-,-,-,22.39666667,73.43222222,,31-08-2021 06:00,2
1085,1085,Chella Karamsiya Pz,CGWB,24,Gujarat,461,Vadodara,VAGHODIA,VAGHODIA,Chella Karamsiya,-,-,-,-,-,-,22.39666667,73.43222222,,30-11-2021 06:00,1.8
1086,1086,Chella Karamsiya Pz,CGWB,24,Gujarat,461,Vadodara,VAGHODIA,VAGHODIA,Chella Karamsiya,-,-,-,-,-,-,22.39666667,73.43222222,,30-01-2022 07:00,1.74
1087,1087,Chella Karamsiya Pz,CGWB,24,Gujarat,461,Vadodara,VAGHODIA,VAGHODIA,Chella Karamsiya,-,-,-,-,-,-,22.39666667,73.43222222,,30-05-2022 06:00,3.34
1088,1088,Chella Karamsiya Pz,CGWB,24,Gujarat,461,Vadodara,VAGHODIA,VAGHODIA,Chella Karamsiya,-,-,-,-,-,-,22.39666667,73.43222222,,30-08-2022 06:00,0.24
1089,1089,Chella Karamsiya Pz,CGWB,24,Gujarat,461,Vadodara,VAGHODIA,VAGHODIA,Chella Karamsiya,-,-,-,-,-,-,22.39666667,73.43222222,,10-11-2022 06:00,1.55
1090,1090,Chhabanpur,CGWB,24,Gujarat,454,Panchmahals,GODHRA,GODHRA,Chhabanpur,-,-,-,-,-,-,22.82777778,73.61250000,,10-01-2021 00:00,8.09
1091,1091,Chhabanpur,CGWB,24,Gujarat,454,Panchmahals,GODHRA,GODHRA,Chhabanpur,-,-,-,-,-,-,22.82777778,73.61250000,,31-08-2021 06:00,8.73
1092,1092,Chhabanpur,CGWB,24,Gujarat,454,Panchmahals,GODHRA,GODHRA,Chhabanpur,-,-,-,-,-,-,22.82777778,73.61250000,,30-11-2021 06:00,8.75
1093,1093,Chhabanpur,CGWB,24,Gujarat,454,Panchmahals,GODHRA,GODHRA,Chhabanpur,-,-,-,-,-,-,22.82777778,73.61250000,,30-01-2022 07:00,7.25
1094,1094,Chhabanpur,CGWB,24,Gujarat,454,Panchmahals,GODHRA,GODHRA,Chhabanpur,-,-,-,-,-,-,22.82777778,73.61250000,,30-05-2022 06:00,11.55
1095,1095,Chhabanpur,CGWB,24,Gujarat,454,Panchmahals,GODHRA,GODHRA,Chhabanpur,-,-,-,-,-,-,22.82777778,73.61250000,,30-08-2022 06:00,7.04
1096,1096,Chhabanpur,CGWB,24,Gujarat,454,Panchmahals,GODHRA,GODHRA,Chhabanpur,-,-,-,-,-,-,22.82777778,73.61250000,,10-11-2022 06:00,8.43
1097,1097,Chhabanpur,CGWB,24,Gujarat,454,Panchmahals,GODHRA,GODHRA,Chhabanpur,-,-,-,-,-,-,22.82777778,73.61250000,,30-05-2023 10:00,9.87
1098,1098,Chhaliyar,CGWB,24,Gujarat,461,Vadodara,SAVLI,SAVLI,Chhaliyar,-,-,-,-,-,-,22.66666667,73.31666667,,10-01-2021 00:00,25.45
1099,1099,Chhaliyar,CGWB,24,Gujarat,461,Vadodara,SAVLI,SAVLI,Chhaliyar,-,-,-,-,-,-,22.66666667,73.31666667,,31-08-2021 06:00,24.92
1100,1100,Chhaliyar,CGWB,24,Gujarat,461,Vadodara,SAVLI,SAVLI,Chhaliyar,-,-,-,-,-,-,22.66666667,73.31666667,,30-11-2021 06:00,2.15
1101,1101,Chhaliyar,CGWB,24,Gujarat,461,Vadodara,SAVLI,SAVLI,Chhaliyar,-,-,-,-,-,-,22.66666667,73.31666667,,30-05-2022 06:00,25.85
1102,1102,Chhaliyar,CGWB,24,Gujarat,461,Vadodara,SAVLI,SAVLI,Chhaliyar,-,-,-,-,-,-,22.66666667,73.31666667,,30-08-2022 06:00,19.82
1103,1103,Chhaliyar,CGWB,24,Gujarat,461,Vadodara,SAVLI,SAVLI,Chhaliyar,-,-,-,-,-,-,22.66666667,73.31666667,,10-11-2022 06:00,25.65
1104,1104,Chhaliyar,CGWB,24,Gujarat,461,Vadodara,SAVLI,SAVLI,Chhaliyar,-,-,-,-,-,-,22.66666667,73.31666667,,30-05-2023 10:00,16.49
1105,1105,Chhatar,CGWB,24,Gujarat,457,Rajkot,TANKARA,TANKARA,Chhatar,-,-,-,-,-,-,22.50416667,70.75416667,,10-01-2021 00:00,2.55
1106,1106,Chhatar,CGWB,24,Gujarat,457,Rajkot,TANKARA,TANKARA,Chhatar,-,-,-,-,-,-,22.50416667,70.75416667,,30-05-2022 06:00,3.98
1107,1107,Chhatar,CGWB,24,Gujarat,457,Rajkot,TANKARA,TANKARA,Chhatar,-,-,-,-,-,-,22.50416667,70.75416667,,30-08-2022 06:00,5
1108,1108,Chhatar,CGWB,24,Gujarat,457,Rajkot,TANKARA,TANKARA,Chhatar,-,-,-,-,-,-,22.50416667,70.75416667,,10-11-2022 06:00,4.43
1109,1109,Chhatar,CGWB,24,Gujarat,457,Rajkot,TANKARA,TANKARA,Chhatar,-,-,-,-,-,-,22.50416667,70.75416667,,30-05-2023 10:00,6.47
1110,1110,Chhindra,CGWB,24,Gujarat,442,Bharuch,JAMBUSAR,JAMBUSAR,Chhindra,-,-,-,-,-,-,22.12666667,72.66972222,,10-01-2021 00:00,5.58
1111,1111,Chhindra,CGWB,24,Gujarat,442,Bharuch,JAMBUSAR,JAMBUSAR,Chhindra,-,-,-,-,-,-,22.12666667,72.66972222,,31-08-2021 06:00,4.83
1112,1112,Chhindra,CGWB,24,Gujarat,442,Bharuch,JAMBUSAR,JAMBUSAR,Chhindra,-,-,-,-,-,-,22.12666667,72.66972222,,30-11-2021 06:00,3.68
1113,1113,Chhindra,CGWB,24,Gujarat,442,Bharuch,JAMBUSAR,JAMBUSAR,Chhindra,-,-,-,-,-,-,22.12666667,72.66972222,,30-01-2022 07:00,5.18
1114,1114,Chhindra,CGWB,24,Gujarat,442,Bharuch,JAMBUSAR,JAMBUSAR,Chhindra,-,-,-,-,-,-,22.12666667,72.66972222,,30-05-2022 06:00,9.42
1115,1115,Chhindra,CGWB,24,Gujarat,442,Bharuch,JAMBUSAR,JAMBUSAR,Chhindra,-,-,-,-,-,-,22.12666667,72.66972222,,30-08-2022 06:00,3.65
1116,1116,Chhindra,CGWB,24,Gujarat,442,Bharuch,JAMBUSAR,JAMBUSAR,Chhindra,-,-,-,-,-,-,22.12666667,72.66972222,,10-11-2022 06:00,6.91
1117,1117,Chhindra,CGWB,24,Gujarat,442,Bharuch,JAMBUSAR,JAMBUSAR,Chhindra,-,-,-,-,-,-,22.12666667,72.66972222,,30-05-2023 10:00,6.5
1118,1118,Chhota udepur,CGWB,24,Gujarat,461,Vadodara,CHHOTA UDAIPUR,CHHOTA UDAIPUR,Chhota udepur,-,-,-,-,-,-,22.30833333,74.01666667,,10-01-2021 00:00,4.9
1119,1119,Chhota udepur,CGWB,24,Gujarat,461,Vadodara,CHHOTA UDAIPUR,CHHOTA UDAIPUR,Chhota udepur,-,-,-,-,-,-,22.30833333,74.01666667,,31-08-2021 06:00,2.8
1120,1120,Chhota udepur,CGWB,24,Gujarat,461,Vadodara,CHHOTA UDAIPUR,CHHOTA UDAIPUR,Chhota udepur,-,-,-,-,-,-,22.30833333,74.01666667,,30-11-2021 06:00,1.8
1121,1121,Chhota udepur,CGWB,24,Gujarat,461,Vadodara,CHHOTA UDAIPUR,CHHOTA UDAIPUR,Chhota udepur,-,-,-,-,-,-,22.30833333,74.01666667,,30-01-2022 07:00,3.38
1122,1122,Chhota udepur,CGWB,24,Gujarat,461,Vadodara,CHHOTA UDAIPUR,CHHOTA UDAIPUR,Chhota udepur,-,-,-,-,-,-,22.30833333,74.01666667,,30-08-2022 06:00,4.85
1123,1123,Chhota udepur,CGWB,24,Gujarat,461,Vadodara,CHHOTA UDAIPUR,CHHOTA UDAIPUR,Chhota udepur,-,-,-,-,-,-,22.30833333,74.01666667,,10-11-2022 06:00,1.5
1124,1124,Chhota udepur,CGWB,24,Gujarat,461,Vadodara,CHHOTA UDAIPUR,CHHOTA UDAIPUR,Chhota udepur,-,-,-,-,-,-,22.30833333,74.01666667,,30-05-2023 10:00,7.9399996
1125,1125,Chikada,CGWB,24,Gujarat,452,Narmada,DEDIAPADA,DEDIAPADA,Chikada,-,-,-,-,-,-,21.52083333,73.64583333,,10-01-2021 00:00,3.6
1126,1126,Chikada,CGWB,24,Gujarat,452,Narmada,DEDIAPADA,DEDIAPADA,Chikada,-,-,-,-,-,-,21.52083333,73.64583333,,31-08-2021 06:00,2.3
1127,1127,Chikada,CGWB,24,Gujarat,452,Narmada,DEDIAPADA,DEDIAPADA,Chikada,-,-,-,-,-,-,21.52083333,73.64583333,,30-11-2021 06:00,1.4
1128,1128,Chikada,CGWB,24,Gujarat,452,Narmada,DEDIAPADA,DEDIAPADA,Chikada,-,-,-,-,-,-,21.52083333,73.64583333,,30-01-2022 07:00,2.53
1129,1129,Chikada,CGWB,24,Gujarat,452,Narmada,DEDIAPADA,DEDIAPADA,Chikada,-,-,-,-,-,-,21.52083333,73.64583333,,30-08-2022 06:00,2.42
1130,1130,Chikada,CGWB,24,Gujarat,452,Narmada,DEDIAPADA,DEDIAPADA,Chikada,-,-,-,-,-,-,21.52083333,73.64583333,,10-11-2022 06:00,2.91
1131,1131,Chikada,CGWB,24,Gujarat,452,Narmada,DEDIAPADA,DEDIAPADA,Chikada,-,-,-,-,-,-,21.52083333,73.64583333,,30-05-2023 10:00,6.15
1132,1132,Chikhli,CGWB,24,Gujarat,444,Dang,The dangs,The dangs,Chikhli,-,-,-,-,-,-,20.65833333,73.68750000,,10-01-2021 00:00,0.68
1133,1133,Chikhli,CGWB,24,Gujarat,444,Dang,The dangs,The dangs,Chikhli,-,-,-,-,-,-,20.65833333,73.68750000,,31-08-2021 06:00,2.15
1134,1134,Chikhli,CGWB,24,Gujarat,444,Dang,The dangs,The dangs,Chikhli,-,-,-,-,-,-,20.65833333,73.68750000,,30-11-2021 06:00,1.2
1135,1135,Chikhli,CGWB,24,Gujarat,444,Dang,The dangs,The dangs,Chikhli,-,-,-,-,-,-,20.65833333,73.68750000,,30-01-2022 07:00,1.12
1136,1136,Chikhli,CGWB,24,Gujarat,444,Dang,The dangs,The dangs,Chikhli,-,-,-,-,-,-,20.65833333,73.68750000,,30-05-2022 06:00,7
1137,1137,Chikhli,CGWB,24,Gujarat,444,Dang,The dangs,The dangs,Chikhli,-,-,-,-,-,-,20.65833333,73.68750000,,30-08-2022 06:00,1.15
1138,1138,Chikhli,CGWB,24,Gujarat,444,Dang,The dangs,The dangs,Chikhli,-,-,-,-,-,-,20.65833333,73.68750000,,10-11-2022 06:00,1.1
1139,1139,Chikhli,CGWB,24,Gujarat,444,Dang,The dangs,The dangs,Chikhli,-,-,-,-,-,-,20.65833333,73.68750000,,30-05-2023 10:00,6
1140,1140,Chikhli,CGWB,24,Gujarat,444,Dang,The dangs,The dangs,Chikhli,-,-,-,-,-,-,20.65833333,73.68750000,,30-08-2023 18:00,1.1000001
1141,1141,Chiloda_Pz_II,CGWB,24,Gujarat,446,Gandhinagar,GANDHINAGAR,GANDHINAGAR,Chiloda,-,-,-,-,-,-,23.22722222,72.73916667,,30-01-2022 07:00,107.7
1142,1142,Chinam,CGWB,24,Gujarat,453,Navsari,JALALPORE,JALALPORE,Chinam,-,-,-,-,-,-,20.99166667,72.88611111,,10-01-2021 00:00,3.2
1143,1143,Chinam,CGWB,24,Gujarat,453,Navsari,JALALPORE,JALALPORE,Chinam,-,-,-,-,-,-,20.99166667,72.88611111,,31-08-2021 06:00,0.93
1144,1144,Chinam,CGWB,24,Gujarat,453,Navsari,JALALPORE,JALALPORE,Chinam,-,-,-,-,-,-,20.99166667,72.88611111,,30-11-2021 06:00,1.23
1145,1145,Chinam,CGWB,24,Gujarat,453,Navsari,JALALPORE,JALALPORE,Chinam,-,-,-,-,-,-,20.99166667,72.88611111,,30-01-2022 07:00,1.98
1146,1146,Chinam,CGWB,24,Gujarat,453,Navsari,JALALPORE,JALALPORE,Chinam,-,-,-,-,-,-,20.99166667,72.88611111,,30-05-2022 06:00,3.9
1147,1147,Chinam,CGWB,24,Gujarat,453,Navsari,JALALPORE,JALALPORE,Chinam,-,-,-,-,-,-,20.99166667,72.88611111,,30-08-2022 06:00,1.78
1148,1148,Chinam,CGWB,24,Gujarat,453,Navsari,JALALPORE,JALALPORE,Chinam,-,-,-,-,-,-,20.99166667,72.88611111,,10-11-2022 06:00,1.81
1149,1149,Chinam,CGWB,24,Gujarat,453,Navsari,JALALPORE,JALALPORE,Chinam,-,-,-,-,-,-,20.99166667,72.88611111,,30-05-2023 10:00,4.85
1150,1150,Chinam,CGWB,24,Gujarat,453,Navsari,JALALPORE,JALALPORE,Chinam,-,-,-,-,-,-,20.99166667,72.88611111,,30-08-2023 18:00,2.36
1151,1151,Chinchnogaotha,CGWB,24,Gujarat,444,Dang,The dangs,The dangs,Chinchnogaotha,-,-,-,-,-,-,20.80833333,73.55277778,,10-01-2021 00:00,4.64
1152,1152,Chinchnogaotha,CGWB,24,Gujarat,444,Dang,The dangs,The dangs,Chinchnogaotha,-,-,-,-,-,-,20.80833333,73.55277778,,31-08-2021 06:00,2.41
1153,1153,Chinchnogaotha,CGWB,24,Gujarat,444,Dang,The dangs,The dangs,Chinchnogaotha,-,-,-,-,-,-,20.80833333,73.55277778,,30-11-2021 06:00,2.56
1154,1154,Chinchnogaotha,CGWB,24,Gujarat,444,Dang,The dangs,The dangs,Chinchnogaotha,-,-,-,-,-,-,20.80833333,73.55277778,,30-01-2022 07:00,3.91
1155,1155,Chinchnogaotha,CGWB,24,Gujarat,444,Dang,The dangs,The dangs,Chinchnogaotha,-,-,-,-,-,-,20.80833333,73.55277778,,30-05-2022 06:00,6.53
1156,1156,Chinchnogaotha,CGWB,24,Gujarat,444,Dang,The dangs,The dangs,Chinchnogaotha,-,-,-,-,-,-,20.80833333,73.55277778,,30-08-2022 06:00,1.41
1157,1157,Chinchnogaotha,CGWB,24,Gujarat,444,Dang,The dangs,The dangs,Chinchnogaotha,-,-,-,-,-,-,20.80833333,73.55277778,,10-11-2022 06:00,1.81
1158,1158,Chinchnogaotha,CGWB,24,Gujarat,444,Dang,The dangs,The dangs,Chinchnogaotha,-,-,-,-,-,-,20.80833333,73.55277778,,30-05-2023 10:00,7.56
1159,1159,Chinchnogaotha,CGWB,24,Gujarat,444,Dang,The dangs,The dangs,Chinchnogaotha,-,-,-,-,-,-,20.80833333,73.55277778,,30-08-2023 18:00,1.51
1160,1160,Chinchpada,CGWB,24,Gujarat,444,Dang,The dangs,The dangs,Chinchpada,-,-,-,-,-,-,20.63750000,73.77500000,,10-01-2021 00:00,1.52
1161,1161,Chinchpada,CGWB,24,Gujarat,444,Dang,The dangs,The dangs,Chinchpada,-,-,-,-,-,-,20.63750000,73.77500000,,31-08-2021 06:00,1.5
1162,1162,Chinchpada,CGWB,24,Gujarat,444,Dang,The dangs,The dangs,Chinchpada,-,-,-,-,-,-,20.63750000,73.77500000,,30-01-2022 07:00,3.9
1163,1163,Chinchpada,CGWB,24,Gujarat,444,Dang,The dangs,The dangs,Chinchpada,-,-,-,-,-,-,20.63750000,73.77500000,,30-05-2022 06:00,5
1164,1164,Chinchpada,CGWB,24,Gujarat,444,Dang,The dangs,The dangs,Chinchpada,-,-,-,-,-,-,20.63750000,73.77500000,,30-08-2022 06:00,1.4
1165,1165,Chinchpada,CGWB,24,Gujarat,444,Dang,The dangs,The dangs,Chinchpada,-,-,-,-,-,-,20.63750000,73.77500000,,10-11-2022 06:00,1.25
1166,1166,Chinchpada,CGWB,24,Gujarat,444,Dang,The dangs,The dangs,Chinchpada,-,-,-,-,-,-,20.63750000,73.77500000,,30-05-2023 10:00,3.6200001
1167,1167,Chinchpada,CGWB,24,Gujarat,444,Dang,The dangs,The dangs,Chinchpada,-,-,-,-,-,-,20.63750000,73.77500000,,30-08-2023 18:00,0.8
1168,1168,Chisadia,CGWB,24,Gujarat,461,Vadodara,CHHOTA UDAIPUR,CHHOTA UDAIPUR,Chisadia,-,-,-,-,-,-,22.40000000,74.13333333,,10-01-2021 00:00,11.88
1169,1169,Chisadia,CGWB,24,Gujarat,461,Vadodara,CHHOTA UDAIPUR,CHHOTA UDAIPUR,Chisadia,-,-,-,-,-,-,22.40000000,74.13333333,,31-08-2021 06:00,11.88
1170,1170,Chisadia,CGWB,24,Gujarat,461,Vadodara,CHHOTA UDAIPUR,CHHOTA UDAIPUR,Chisadia,-,-,-,-,-,-,22.40000000,74.13333333,,30-11-2021 06:00,11.88
1171,1171,Chitral Pz-I,CGWB,24,Gujarat,461,Vadodara,PADRA,PADRA,Chitral,-,-,-,-,-,-,22.18194444,72.94583333,,10-01-2021 00:00,24.12
1172,1172,Chitral Pz-I,CGWB,24,Gujarat,461,Vadodara,PADRA,PADRA,Chitral,-,-,-,-,-,-,22.18194444,72.94583333,,31-08-2021 06:00,22.07
1173,1173,Chitral Pz-I,CGWB,24,Gujarat,461,Vadodara,PADRA,PADRA,Chitral,-,-,-,-,-,-,22.18194444,72.94583333,,30-11-2021 06:00,21.32
1174,1174,Chitral Pz-I,CGWB,24,Gujarat,461,Vadodara,PADRA,PADRA,Chitral,-,-,-,-,-,-,22.18194444,72.94583333,,30-01-2022 07:00,19.8
1175,1175,Chitral Pz-I,CGWB,24,Gujarat,461,Vadodara,PADRA,PADRA,Chitral,-,-,-,-,-,-,22.18194444,72.94583333,,30-05-2022 06:00,23.17
1176,1176,Chitral Pz-I,CGWB,24,Gujarat,461,Vadodara,PADRA,PADRA,Chitral,-,-,-,-,-,-,22.18194444,72.94583333,,30-08-2022 06:00,19.98
1177,1177,Chitral Pz-I,CGWB,24,Gujarat,461,Vadodara,PADRA,PADRA,Chitral,-,-,-,-,-,-,22.18194444,72.94583333,,10-11-2022 06:00,21.07
1178,1178,Chitral PZ_II,CGWB,24,Gujarat,461,Vadodara,PADRA,PADRA,Chitral,-,-,-,-,-,-,22.18194444,72.94583333,,10-01-2021 00:00,21.2
1179,1179,Chitral PZ_II,CGWB,24,Gujarat,461,Vadodara,PADRA,PADRA,Chitral,-,-,-,-,-,-,22.18194444,72.94583333,,31-08-2021 06:00,22.15
1180,1180,Chitral PZ_II,CGWB,24,Gujarat,461,Vadodara,PADRA,PADRA,Chitral,-,-,-,-,-,-,22.18194444,72.94583333,,30-11-2021 06:00,20.8
1181,1181,Chitral PZ_II,CGWB,24,Gujarat,461,Vadodara,PADRA,PADRA,Chitral,-,-,-,-,-,-,22.18194444,72.94583333,,30-01-2022 07:00,19.37
1182,1182,Chitral PZ_II,CGWB,24,Gujarat,461,Vadodara,PADRA,PADRA,Chitral,-,-,-,-,-,-,22.18194444,72.94583333,,30-05-2022 06:00,22.78
1183,1183,Chitral PZ_II,CGWB,24,Gujarat,461,Vadodara,PADRA,PADRA,Chitral,-,-,-,-,-,-,22.18194444,72.94583333,,30-08-2022 06:00,19.32
1184,1184,Chitral PZ_II,CGWB,24,Gujarat,461,Vadodara,PADRA,PADRA,Chitral,-,-,-,-,-,-,22.18194444,72.94583333,,10-11-2022 06:00,20.53
1185,1185,Chokli,CGWB,24,Gujarat,448,Junagadh,JUNAGADH,JUNAGADH,Chokli,-,-,-,-,-,-,21.60194444,70.54166667,,10-01-2021 00:00,6.95
1186,1186,Chokli,CGWB,24,Gujarat,448,Junagadh,JUNAGADH,JUNAGADH,Chokli,-,-,-,-,-,-,21.60194444,70.54166667,,31-08-2021 06:00,16.3
1187,1187,Chokli,CGWB,24,Gujarat,448,Junagadh,JUNAGADH,JUNAGADH,Chokli,-,-,-,-,-,-,21.60194444,70.54166667,,30-01-2022 07:00,5.63
1188,1188,Chokli,CGWB,24,Gujarat,448,Junagadh,JUNAGADH,JUNAGADH,Chokli,-,-,-,-,-,-,21.60194444,70.54166667,,30-05-2022 06:00,18.48
1189,1189,Chokli,CGWB,24,Gujarat,448,Junagadh,JUNAGADH,JUNAGADH,Chokli,-,-,-,-,-,-,21.60194444,70.54166667,,30-08-2022 06:00,3.48
1190,1190,Chokli,CGWB,24,Gujarat,448,Junagadh,JUNAGADH,JUNAGADH,Chokli,-,-,-,-,-,-,21.60194444,70.54166667,,10-11-2022 06:00,5.63
1191,1191,Chokli,CGWB,24,Gujarat,448,Junagadh,JUNAGADH,JUNAGADH,Chokli,-,-,-,-,-,-,21.60194444,70.54166667,,30-05-2023 10:00,16.27
1192,1192,Chordi,CGWB,24,Gujarat,457,Rajkot,GONDAL,GONDAL,Chordi,-,-,-,-,-,-,21.91666667,70.74861111,,10-01-2021 00:00,8.5
1193,1193,Chordi,CGWB,24,Gujarat,457,Rajkot,GONDAL,GONDAL,Chordi,-,-,-,-,-,-,21.91666667,70.74861111,,30-11-2021 06:00,3.85
1194,1194,Choriwad,CGWB,24,Gujarat,458,Sabarkantha,VADALI,VADALI,Choriwad,-,-,-,-,-,-,23.90000000,73.11944444,,10-01-2021 00:00,12.45
1195,1195,Choriwad,CGWB,24,Gujarat,458,Sabarkantha,VADALI,VADALI,Choriwad,-,-,-,-,-,-,23.90000000,73.11944444,,31-08-2021 06:00,20.09
1196,1196,Choriwad,CGWB,24,Gujarat,458,Sabarkantha,VADALI,VADALI,Choriwad,-,-,-,-,-,-,23.90000000,73.11944444,,30-01-2022 07:00,20.11
1197,1197,Choriwad,CGWB,24,Gujarat,458,Sabarkantha,VADALI,VADALI,Choriwad,-,-,-,-,-,-,23.90000000,73.11944444,,30-05-2022 06:00,22.81
1198,1198,Choriwad,CGWB,24,Gujarat,458,Sabarkantha,VADALI,VADALI,Choriwad,-,-,-,-,-,-,23.90000000,73.11944444,,30-08-2022 06:00,13.77
1199,1199,Choriwad,CGWB,24,Gujarat,458,Sabarkantha,VADALI,VADALI,Choriwad,-,-,-,-,-,-,23.90000000,73.11944444,,10-11-2022 06:00,13.82
1200,1200,Choriwad,CGWB,24,Gujarat,458,Sabarkantha,VADALI,VADALI,Choriwad,-,-,-,-,-,-,23.90000000,73.11944444,,10-01-2023 18:00,15.08
1201,1201,Choriwad,CGWB,24,Gujarat,458,Sabarkantha,VADALI,VADALI,Choriwad,-,-,-,-,-,-,23.90000000,73.11944444,,30-05-2023 10:00,15.36
1202,1202,Chorwad,CGWB,24,Gujarat,448,Junagadh,MALIA,MALIA,Chorwad,-,-,-,-,-,-,21.04166667,70.21666667,,10-01-2021 00:00,4.68
1203,1203,Chorwad,CGWB,24,Gujarat,448,Junagadh,MALIA,MALIA,Chorwad,-,-,-,-,-,-,21.04166667,70.21666667,,31-08-2021 06:00,3.12
1204,1204,Chorwad,CGWB,24,Gujarat,448,Junagadh,MALIA,MALIA,Chorwad,-,-,-,-,-,-,21.04166667,70.21666667,,30-11-2021 06:00,1.82
1205,1205,Chorwad,CGWB,24,Gujarat,448,Junagadh,MALIA,MALIA,Chorwad,-,-,-,-,-,-,21.04166667,70.21666667,,30-01-2022 07:00,4.37
1206,1206,Chorwad,CGWB,24,Gujarat,448,Junagadh,MALIA,MALIA,Chorwad,-,-,-,-,-,-,21.04166667,70.21666667,,30-05-2022 06:00,6.49
1207,1207,Chorwad,CGWB,24,Gujarat,448,Junagadh,MALIA,MALIA,Chorwad,-,-,-,-,-,-,21.04166667,70.21666667,,30-08-2022 06:00,2.55
1208,1208,Chorwad,CGWB,24,Gujarat,448,Junagadh,MALIA,MALIA,Chorwad,-,-,-,-,-,-,21.04166667,70.21666667,,10-11-2022 06:00,4.5
1209,1209,Chorwad,CGWB,24,Gujarat,448,Junagadh,MALIA,MALIA,Chorwad,-,-,-,-,-,-,21.04166667,70.21666667,,30-05-2023 10:00,6.97
1210,1210,Chota udepur,CGWB,24,Gujarat,461,Vadodara,CHHOTA UDAIPUR,CHHOTA UDAIPUR,Chota udepur,-,-,-,-,-,-,22.30833333,74.01666667,,30-01-2022 07:00,1.36
1211,1211,Chota udepur,CGWB,24,Gujarat,461,Vadodara,CHHOTA UDAIPUR,CHHOTA UDAIPUR,Chota udepur,-,-,-,-,-,-,22.30833333,74.01666667,,30-05-2022 06:00,6.35
1212,1212,Chotila,CGWB,24,Gujarat,460,Surendranagar,CHOTILA,CHOTILA,Chotila,-,-,-,-,-,-,22.43333333,71.20000000,,30-08-2022 06:00,9.46
1213,1213,Chotila1,CGWB,24,Gujarat,460,Surendranagar,CHOTILA,CHOTILA,Chotila,-,-,-,-,-,-,22.42500000,71.18166667,,10-01-2021 00:00,5.64
1214,1214,Chotila1,CGWB,24,Gujarat,460,Surendranagar,CHOTILA,CHOTILA,Chotila,-,-,-,-,-,-,22.42500000,71.18166667,,31-08-2021 06:00,8.36
1215,1215,Chotila1,CGWB,24,Gujarat,460,Surendranagar,CHOTILA,CHOTILA,Chotila,-,-,-,-,-,-,22.42500000,71.18166667,,30-11-2021 06:00,4.07
1216,1216,Chotila1,CGWB,24,Gujarat,460,Surendranagar,CHOTILA,CHOTILA,Chotila,-,-,-,-,-,-,22.42500000,71.18166667,,30-01-2022 07:00,5.86
1217,1217,Chotila1,CGWB,24,Gujarat,460,Surendranagar,CHOTILA,CHOTILA,Chotila,-,-,-,-,-,-,22.42500000,71.18166667,,30-05-2022 06:00,13.43
1218,1218,Chotila1,CGWB,24,Gujarat,460,Surendranagar,CHOTILA,CHOTILA,Chotila,-,-,-,-,-,-,22.42500000,71.18166667,,10-11-2022 06:00,7.94
1219,1219,Chowk Pz,CGWB,24,Gujarat,443,Bhavnagar,PALITANA,PALITANA,Chowk Pz,-,-,-,-,-,-,21.42916667,71.76388889,,10-01-2021 00:00,16.6
1220,1220,Chowk Pz,CGWB,24,Gujarat,443,Bhavnagar,PALITANA,PALITANA,Chowk Pz,-,-,-,-,-,-,21.42916667,71.76388889,,30-08-2022 06:00,13.16
1221,1221,Chowk Pz,CGWB,24,Gujarat,443,Bhavnagar,PALITANA,PALITANA,Chowk Pz,-,-,-,-,-,-,21.42916667,71.76388889,,30-05-2023 10:00,16.699999
1222,1222,Chuli,CGWB,24,Gujarat,452,Narmada,DEDIAPADA,DEDIAPADA,Chuli,-,-,-,-,-,-,21.55472222,73.47555556,,10-01-2021 00:00,6.63
1223,1223,Chuli,CGWB,24,Gujarat,452,Narmada,DEDIAPADA,DEDIAPADA,Chuli,-,-,-,-,-,-,21.55472222,73.47555556,,31-08-2021 06:00,12.23
1224,1224,Chuli,CGWB,24,Gujarat,452,Narmada,DEDIAPADA,DEDIAPADA,Chuli,-,-,-,-,-,-,21.55472222,73.47555556,,30-11-2021 06:00,12.23
1225,1225,Chuli,CGWB,24,Gujarat,452,Narmada,DEDIAPADA,DEDIAPADA,Chuli,-,-,-,-,-,-,21.55472222,73.47555556,,30-01-2022 07:00,5.88
1226,1226,Chuli,CGWB,24,Gujarat,452,Narmada,DEDIAPADA,DEDIAPADA,Chuli,-,-,-,-,-,-,21.55472222,73.47555556,,30-08-2022 06:00,2.68
1227,1227,Chuli,CGWB,24,Gujarat,452,Narmada,DEDIAPADA,DEDIAPADA,Chuli,-,-,-,-,-,-,21.55472222,73.47555556,,10-11-2022 06:00,2.49
1228,1228,Chuli,CGWB,24,Gujarat,452,Narmada,DEDIAPADA,DEDIAPADA,Chuli,-,-,-,-,-,-,21.55472222,73.47555556,,30-05-2023 10:00,9.73
1229,1229,Dabhava,CGWB,24,Gujarat,445,Dohad,DEVGAD BARIA,DEVGAD BARIA,Dabhava,-,-,-,-,-,-,22.58333333,73.90416667,,10-11-2022 06:00,3.3
1230,1230,Dabhava,CGWB,24,Gujarat,445,Dohad,DEVGAD BARIA,DEVGAD BARIA,Dabhava,-,-,-,-,-,-,22.58333333,73.90416667,,10-01-2023 18:00,3.93
1231,1231,Dabhel,CGWB,24,Gujarat,441,DAMAN,DAMAN,DAMAN,Dabhel,-,-,-,-,-,-,20.41111111,72.88611111,,10-01-2021 00:00,7.1
1232,1232,Dabhel,CGWB,24,Gujarat,441,DAMAN,DAMAN,DAMAN,Dabhel,-,-,-,-,-,-,20.41111111,72.88611111,,30-08-2022 06:00,1
1233,1233,Dabhel,CGWB,24,Gujarat,441,DAMAN,DAMAN,DAMAN,Dabhel,-,-,-,-,-,-,20.41111111,72.88611111,,10-11-2022 06:00,2.7
1234,1234,Dabhel,CGWB,24,Gujarat,441,DAMAN,DAMAN,DAMAN,Dabhel,-,-,-,-,-,-,20.41111111,72.88611111,,30-05-2023 00:00,7.89
1235,1235,Dadhela,CGWB,24,Gujarat,445,Dohad,LIMKHEDA,LIMKHEDA,Dadhela,-,-,-,-,-,-,22.83750000,74.06666667,,10-01-2021 00:00,4.15
1236,1236,Dadhela,CGWB,24,Gujarat,445,Dohad,LIMKHEDA,LIMKHEDA,Dadhela,-,-,-,-,-,-,22.83750000,74.06666667,,31-08-2021 06:00,6.05
1237,1237,Dadhela,CGWB,24,Gujarat,445,Dohad,LIMKHEDA,LIMKHEDA,Dadhela,-,-,-,-,-,-,22.83750000,74.06666667,,30-11-2021 06:00,5.35
1238,1238,Dadhela,CGWB,24,Gujarat,445,Dohad,LIMKHEDA,LIMKHEDA,Dadhela,-,-,-,-,-,-,22.83750000,74.06666667,,30-01-2022 07:00,5.55
1239,1239,Dadhela,CGWB,24,Gujarat,445,Dohad,LIMKHEDA,LIMKHEDA,Dadhela,-,-,-,-,-,-,22.83750000,74.06666667,,30-05-2022 06:00,7.65
1240,1240,Dadhela,CGWB,24,Gujarat,445,Dohad,LIMKHEDA,LIMKHEDA,Dadhela,-,-,-,-,-,-,22.83750000,74.06666667,,30-08-2022 06:00,2.91
1241,1241,Dadhela,CGWB,24,Gujarat,445,Dohad,LIMKHEDA,LIMKHEDA,Dadhela,-,-,-,-,-,-,22.83750000,74.06666667,,10-11-2022 06:00,2.95
1242,1242,Dadhela,CGWB,24,Gujarat,445,Dohad,LIMKHEDA,LIMKHEDA,Dadhela,-,-,-,-,-,-,22.83750000,74.06666667,,10-01-2023 18:00,3.46
1243,1243,Dadhela,CGWB,24,Gujarat,445,Dohad,LIMKHEDA,LIMKHEDA,Dadhela,-,-,-,-,-,-,22.83750000,74.06666667,,30-05-2023 10:00,8.400001
1244,1244,Dadia,CGWB,24,Gujarat,457,Rajkot,GONDAL,GONDAL,Dadia,-,-,-,-,-,-,22.09166667,70.73333333,,10-01-2021 00:00,9.27
1245,1245,Dadia,CGWB,24,Gujarat,457,Rajkot,GONDAL,GONDAL,Dadia,-,-,-,-,-,-,22.09166667,70.73333333,,31-08-2021 06:00,2.34
1246,1246,Dadia,CGWB,24,Gujarat,457,Rajkot,GONDAL,GONDAL,Dadia,-,-,-,-,-,-,22.09166667,70.73333333,,30-11-2021 06:00,4.07
1247,1247,Dadia,CGWB,24,Gujarat,457,Rajkot,GONDAL,GONDAL,Dadia,-,-,-,-,-,-,22.09166667,70.73333333,,30-01-2022 07:00,4.23
1248,1248,Dadia,CGWB,24,Gujarat,457,Rajkot,GONDAL,GONDAL,Dadia,-,-,-,-,-,-,22.09166667,70.73333333,,30-05-2022 06:00,9.19
1249,1249,Dadia,CGWB,24,Gujarat,457,Rajkot,GONDAL,GONDAL,Dadia,-,-,-,-,-,-,22.09166667,70.73333333,,30-08-2022 06:00,0.89
1250,1250,Dadia,CGWB,24,Gujarat,457,Rajkot,GONDAL,GONDAL,Dadia,-,-,-,-,-,-,22.09166667,70.73333333,,10-11-2022 06:00,8.17
1251,1251,Dadia,CGWB,24,Gujarat,457,Rajkot,GONDAL,GONDAL,Dadia,-,-,-,-,-,-,22.09166667,70.73333333,,30-05-2023 10:00,14.55
1252,1252,Dahegam,CGWB,24,Gujarat,442,Bharuch,JAMBUSAR,JAMBUSAR,Dahegam,-,-,-,-,-,-,22.18472222,72.59722222,,10-01-2021 00:00,6.2
1253,1253,Dahegam,CGWB,24,Gujarat,442,Bharuch,JAMBUSAR,JAMBUSAR,Dahegam,-,-,-,-,-,-,22.18472222,72.59722222,,31-08-2021 06:00,7.2
1254,1254,Dahegam,CGWB,24,Gujarat,442,Bharuch,JAMBUSAR,JAMBUSAR,Dahegam,-,-,-,-,-,-,22.18472222,72.59722222,,30-11-2021 06:00,8
1255,1255,Dahegam,CGWB,24,Gujarat,442,Bharuch,JAMBUSAR,JAMBUSAR,Dahegam,-,-,-,-,-,-,22.18472222,72.59722222,,30-01-2022 07:00,6.9
1256,1256,Dahegam,CGWB,24,Gujarat,442,Bharuch,JAMBUSAR,JAMBUSAR,Dahegam,-,-,-,-,-,-,22.18472222,72.59722222,,30-05-2022 06:00,7.5
1257,1257,Dahegam,CGWB,24,Gujarat,442,Bharuch,JAMBUSAR,JAMBUSAR,Dahegam,-,-,-,-,-,-,22.18472222,72.59722222,,30-08-2022 06:00,7.39
1258,1258,Dahegam,CGWB,24,Gujarat,442,Bharuch,JAMBUSAR,JAMBUSAR,Dahegam,-,-,-,-,-,-,22.18472222,72.59722222,,10-11-2022 06:00,6.96
1259,1259,Dahegam,CGWB,24,Gujarat,442,Bharuch,JAMBUSAR,JAMBUSAR,Dahegam,-,-,-,-,-,-,22.18472222,72.59722222,,30-05-2023 10:00,6.73
1260,1260,Dahegam I,CGWB,24,Gujarat,446,Gandhinagar,DEHGAM,DEHGAM,Dahegam I,-,-,-,-,-,-,23.17083333,72.84166667,,10-01-2021 00:00,80.12
1261,1261,Dahegam I,CGWB,24,Gujarat,446,Gandhinagar,DEHGAM,DEHGAM,Dahegam I,-,-,-,-,-,-,23.17083333,72.84166667,,31-08-2021 06:00,73.2
1262,1262,Dahegam I,CGWB,24,Gujarat,446,Gandhinagar,DEHGAM,DEHGAM,Dahegam I,-,-,-,-,-,-,23.17083333,72.84166667,,30-11-2021 06:00,72.17
1263,1263,Dahegam I,CGWB,24,Gujarat,446,Gandhinagar,DEHGAM,DEHGAM,Dahegam I,-,-,-,-,-,-,23.17083333,72.84166667,,30-01-2022 07:00,72.26
1264,1264,Dahegam I,CGWB,24,Gujarat,446,Gandhinagar,DEHGAM,DEHGAM,Dahegam I,-,-,-,-,-,-,23.17083333,72.84166667,,10-11-2022 06:00,72.82
1265,1265,Dahegam I,CGWB,24,Gujarat,446,Gandhinagar,DEHGAM,DEHGAM,Dahegam I,-,-,-,-,-,-,23.17083333,72.84166667,,10-01-2023 18:00,73
1266,1266,Dahegam II,CGWB,24,Gujarat,446,Gandhinagar,DEHGAM,DEHGAM,Dahegam II,-,-,-,-,-,-,23.17083333,72.84166667,,31-08-2021 06:00,6.85
1267,1267,Dahegam II,CGWB,24,Gujarat,446,Gandhinagar,DEHGAM,DEHGAM,Dahegam II,-,-,-,-,-,-,23.17083333,72.84166667,,30-11-2021 06:00,6.32
1268,1268,Dahegam II,CGWB,24,Gujarat,446,Gandhinagar,DEHGAM,DEHGAM,Dahegam II,-,-,-,-,-,-,23.17083333,72.84166667,,30-01-2022 07:00,4.39
1269,1269,Dahegam II,CGWB,24,Gujarat,446,Gandhinagar,DEHGAM,DEHGAM,Dahegam II,-,-,-,-,-,-,23.17083333,72.84166667,,10-11-2022 06:00,5.7
1270,1270,Dahli (bhilad),CGWB,24,Gujarat,462,Valsad,UMBERGAON,UMBERGAON,Dahli (bhilad),-,-,-,-,-,-,20.25833333,72.88333333,,10-01-2021 00:00,2.91
1271,1271,Dahli (bhilad),CGWB,24,Gujarat,462,Valsad,UMBERGAON,UMBERGAON,Dahli (bhilad),-,-,-,-,-,-,20.25833333,72.88333333,,31-08-2021 06:00,1.79
1272,1272,Dahli (bhilad),CGWB,24,Gujarat,462,Valsad,UMBERGAON,UMBERGAON,Dahli (bhilad),-,-,-,-,-,-,20.25833333,72.88333333,,30-01-2022 07:00,1.89
1273,1273,Dahli (bhilad),CGWB,24,Gujarat,462,Valsad,UMBERGAON,UMBERGAON,Dahli (bhilad),-,-,-,-,-,-,20.25833333,72.88333333,,30-08-2022 06:00,2.29
1274,1274,Dahli (bhilad),CGWB,24,Gujarat,462,Valsad,UMBERGAON,UMBERGAON,Dahli (bhilad),-,-,-,-,-,-,20.25833333,72.88333333,,10-11-2022 06:00,3.89
1275,1275,Dahod,CGWB,24,Gujarat,445,Dohad,DOHAD,DOHAD,Dahod,-,-,-,-,-,-,22.84027778,74.26250000,,10-01-2021 00:00,1.3
1276,1276,Dahod,CGWB,24,Gujarat,445,Dohad,DOHAD,DOHAD,Dahod,-,-,-,-,-,-,22.84027778,74.26250000,,31-08-2021 06:00,0.7
1277,1277,Dahod,CGWB,24,Gujarat,445,Dohad,DOHAD,DOHAD,Dahod,-,-,-,-,-,-,22.84027778,74.26250000,,30-11-2021 06:00,1.7
1278,1278,Dahod,CGWB,24,Gujarat,445,Dohad,DOHAD,DOHAD,Dahod,-,-,-,-,-,-,22.84027778,74.26250000,,30-01-2022 07:00,1.46
1279,1279,Dahod,CGWB,24,Gujarat,445,Dohad,DOHAD,DOHAD,Dahod,-,-,-,-,-,-,22.84027778,74.26250000,,30-05-2022 06:00,2
1280,1280,Dahod,CGWB,24,Gujarat,445,Dohad,DOHAD,DOHAD,Dahod,-,-,-,-,-,-,22.84027778,74.26250000,,30-08-2022 06:00,0.42
1281,1281,Dahod,CGWB,24,Gujarat,445,Dohad,DOHAD,DOHAD,Dahod,-,-,-,-,-,-,22.84027778,74.26250000,,10-11-2022 06:00,0.36
1282,1282,Dahod,CGWB,24,Gujarat,445,Dohad,DOHAD,DOHAD,Dahod,-,-,-,-,-,-,22.84027778,74.26250000,,10-01-2023 18:00,1.08
1283,1283,Dahod,CGWB,24,Gujarat,445,Dohad,DOHAD,DOHAD,Dahod,-,-,-,-,-,-,22.84027778,74.26250000,,30-05-2023 10:00,1.7399999
1284,1284,Dahod2,CGWB,24,Gujarat,445,Dohad,DOHAD,DOHAD,Dahod,-,-,-,-,-,-,22.82500000,74.23333333,,31-08-2021 06:00,6.92
1285,1285,Dahod2,CGWB,24,Gujarat,445,Dohad,DOHAD,DOHAD,Dahod,-,-,-,-,-,-,22.82500000,74.23333333,,30-11-2021 06:00,5.87
1286,1286,Dahod2,CGWB,24,Gujarat,445,Dohad,DOHAD,DOHAD,Dahod,-,-,-,-,-,-,22.82500000,74.23333333,,30-01-2022 07:00,5.42
1287,1287,Dahod2,CGWB,24,Gujarat,445,Dohad,DOHAD,DOHAD,Dahod,-,-,-,-,-,-,22.82500000,74.23333333,,30-05-2022 06:00,9.61
1288,1288,Dahod2,CGWB,24,Gujarat,445,Dohad,DOHAD,DOHAD,Dahod,-,-,-,-,-,-,22.82500000,74.23333333,,30-08-2022 06:00,4.96
1289,1289,Dahod2,CGWB,24,Gujarat,445,Dohad,DOHAD,DOHAD,Dahod,-,-,-,-,-,-,22.82500000,74.23333333,,10-11-2022 06:00,4.57
1290,1290,Dahod2,CGWB,24,Gujarat,445,Dohad,DOHAD,DOHAD,Dahod,-,-,-,-,-,-,22.82500000,74.23333333,,10-01-2023 18:00,5.67
1291,1291,Dahod2,CGWB,24,Gujarat,445,Dohad,DOHAD,DOHAD,Dahod,-,-,-,-,-,-,22.82500000,74.23333333,,30-05-2023 10:00,5.27
1292,1292,Dakor,CGWB,24,Gujarat,450,Kheda,THASRA,THASRA,Dakor,-,-,-,-,-,-,22.76250000,73.16944444,,10-01-2021 00:00,5.52
1293,1293,Dakor,CGWB,24,Gujarat,450,Kheda,THASRA,THASRA,Dakor,-,-,-,-,-,-,22.76250000,73.16944444,,31-08-2021 06:00,6.2
1294,1294,Dakor,CGWB,24,Gujarat,450,Kheda,THASRA,THASRA,Dakor,-,-,-,-,-,-,22.76250000,73.16944444,,30-11-2021 06:00,5.85
1295,1295,Dakor,CGWB,24,Gujarat,450,Kheda,THASRA,THASRA,Dakor,-,-,-,-,-,-,22.76250000,73.16944444,,30-01-2022 07:00,5.08
1296,1296,Dakor,CGWB,24,Gujarat,450,Kheda,THASRA,THASRA,Dakor,-,-,-,-,-,-,22.76250000,73.16944444,,30-05-2022 06:00,7.7
1297,1297,Dakor,CGWB,24,Gujarat,450,Kheda,THASRA,THASRA,Dakor,-,-,-,-,-,-,22.76250000,73.16944444,,30-08-2022 06:00,6.15
1298,1298,Dakor,CGWB,24,Gujarat,450,Kheda,THASRA,THASRA,Dakor,-,-,-,-,-,-,22.76250000,73.16944444,,10-11-2022 06:00,6.22
1299,1299,Dakor,CGWB,24,Gujarat,450,Kheda,THASRA,THASRA,Dakor,-,-,-,-,-,-,22.76250000,73.16944444,,10-01-2023 18:00,6.23
1300,1300,Dakor,CGWB,24,Gujarat,450,Kheda,THASRA,THASRA,Dakor,-,-,-,-,-,-,22.76250000,73.16944444,,30-05-2023 10:00,5.18
1301,1301,Dali,CGWB,24,Gujarat,440,Anand,CAMBAY,CAMBAY,Dali,-,-,-,-,-,-,22.27500000,72.76666667,,30-11-2021 06:00,2.02
1302,1302,Dali,CGWB,24,Gujarat,440,Anand,CAMBAY,CAMBAY,Dali,-,-,-,-,-,-,22.27500000,72.76666667,,30-01-2022 07:00,1.51
1303,1303,Dali,CGWB,24,Gujarat,440,Anand,CAMBAY,CAMBAY,Dali,-,-,-,-,-,-,22.27500000,72.76666667,,30-05-2022 06:00,3.52
1304,1304,Dali,CGWB,24,Gujarat,440,Anand,CAMBAY,CAMBAY,Dali,-,-,-,-,-,-,22.27500000,72.76666667,,30-08-2022 06:00,0.68
1305,1305,Dali,CGWB,24,Gujarat,440,Anand,CAMBAY,CAMBAY,Dali,-,-,-,-,-,-,22.27500000,72.76666667,,10-11-2022 06:00,3.22
1306,1306,Dali,CGWB,24,Gujarat,440,Anand,CAMBAY,CAMBAY,Dali,-,-,-,-,-,-,22.27500000,72.76666667,,01-01-2023 00:00,2.82
1307,1307,Dali,CGWB,24,Gujarat,440,Anand,CAMBAY,CAMBAY,Dali,-,-,-,-,-,-,22.27500000,72.76666667,,30-05-2023 10:00,3.3
1308,1308,Dalod,CGWB,24,Gujarat,438,Ahmedabad,MANDAL,MANDAL,Dalod,-,-,-,-,-,-,23.36666667,71.96666667,,10-01-2021 00:00,6.18
1309,1309,Dalod,CGWB,24,Gujarat,438,Ahmedabad,MANDAL,MANDAL,Dalod,-,-,-,-,-,-,23.36666667,71.96666667,,31-08-2021 06:00,6.4
1310,1310,Dalod,CGWB,24,Gujarat,438,Ahmedabad,MANDAL,MANDAL,Dalod,-,-,-,-,-,-,23.36666667,71.96666667,,30-01-2022 07:00,5.72
1311,1311,Dalod,CGWB,24,Gujarat,438,Ahmedabad,MANDAL,MANDAL,Dalod,-,-,-,-,-,-,23.36666667,71.96666667,,30-08-2022 06:00,5.34
1312,1312,Dalod,CGWB,24,Gujarat,438,Ahmedabad,MANDAL,MANDAL,Dalod,-,-,-,-,-,-,23.36666667,71.96666667,,10-11-2022 06:00,5.57
1313,1313,Dalod,CGWB,24,Gujarat,438,Ahmedabad,MANDAL,MANDAL,Dalod,-,-,-,-,-,-,23.36666667,71.96666667,,01-01-2023 00:00,6.4
1314,1314,Dalod,CGWB,24,Gujarat,438,Ahmedabad,MANDAL,MANDAL,Dalod,-,-,-,-,-,-,23.36666667,71.96666667,,10-01-2023 18:00,6.4
1315,1315,Dalod,CGWB,24,Gujarat,438,Ahmedabad,MANDAL,MANDAL,Dalod,-,-,-,-,-,-,23.36666667,71.96666667,,30-05-2023 10:00,6.7000003
1316,1316,Dalwada,CGWB,24,Gujarat,441,DAMAN,DAMAN,DAMAN,Dalwada,-,-,-,-,-,-,20.44305556,72.85194444,,10-01-2021 00:00,3.27
1317,1317,Dalwada,CGWB,24,Gujarat,441,DAMAN,DAMAN,DAMAN,Dalwada,-,-,-,-,-,-,20.44305556,72.85194444,,30-05-2022 06:00,9.15
1318,1318,Dalwada,CGWB,24,Gujarat,441,DAMAN,DAMAN,DAMAN,Dalwada,-,-,-,-,-,-,20.44305556,72.85194444,,30-08-2022 06:00,1.55
1319,1319,Dalwada,CGWB,24,Gujarat,441,DAMAN,DAMAN,DAMAN,Dalwada,-,-,-,-,-,-,20.44305556,72.85194444,,10-11-2022 06:00,2.63
1320,1320,Dalwada,CGWB,24,Gujarat,441,DAMAN,DAMAN,DAMAN,Dalwada,-,-,-,-,-,-,20.44305556,72.85194444,,30-05-2023 00:00,10.55
1321,1321,Daman,CGWB,24,Gujarat,441,DAMAN,DAMAN,DAMAN,Daman,-,-,-,-,-,-,20.42416667,72.85027778,,10-01-2021 00:00,2.65
1322,1322,Daman,CGWB,24,Gujarat,441,DAMAN,DAMAN,DAMAN,Daman,-,-,-,-,-,-,20.42416667,72.85027778,,31-08-2021 06:00,0.05
1323,1323,Daman,CGWB,24,Gujarat,441,DAMAN,DAMAN,DAMAN,Daman,-,-,-,-,-,-,20.42416667,72.85027778,,30-11-2021 06:00,0.14
1324,1324,Daman,CGWB,24,Gujarat,441,DAMAN,DAMAN,DAMAN,Daman,-,-,-,-,-,-,20.42416667,72.85027778,,30-01-2022 07:00,2.85
1325,1325,Daman,CGWB,24,Gujarat,441,DAMAN,DAMAN,DAMAN,Daman,-,-,-,-,-,-,20.42416667,72.85027778,,30-05-2022 06:00,8.68
1326,1326,Daman,CGWB,24,Gujarat,441,DAMAN,DAMAN,DAMAN,Daman,-,-,-,-,-,-,20.42416667,72.85027778,,10-11-2022 06:00,1.45
1327,1327,Daman,CGWB,24,Gujarat,441,DAMAN,DAMAN,DAMAN,Daman,-,-,-,-,-,-,20.42416667,72.85027778,,30-05-2023 00:00,9.21
1328,1328,Dandi,CGWB,24,Gujarat,453,Navsari,JALALPORE,JALALPORE,Dandi,-,-,-,-,-,-,20.89166667,72.80833333,,10-01-2021 00:00,2.25
1329,1329,Dandi,CGWB,24,Gujarat,453,Navsari,JALALPORE,JALALPORE,Dandi,-,-,-,-,-,-,20.89166667,72.80833333,,31-08-2021 06:00,1.8
1330,1330,Dandi,CGWB,24,Gujarat,453,Navsari,JALALPORE,JALALPORE,Dandi,-,-,-,-,-,-,20.89166667,72.80833333,,30-11-2021 06:00,2.55
1331,1331,Dandi,CGWB,24,Gujarat,453,Navsari,JALALPORE,JALALPORE,Dandi,-,-,-,-,-,-,20.89166667,72.80833333,,30-01-2022 07:00,2.75
1332,1332,Dandi,CGWB,24,Gujarat,453,Navsari,JALALPORE,JALALPORE,Dandi,-,-,-,-,-,-,20.89166667,72.80833333,,30-05-2022 06:00,3.61
1333,1333,Dandi,CGWB,24,Gujarat,453,Navsari,JALALPORE,JALALPORE,Dandi,-,-,-,-,-,-,20.89166667,72.80833333,,30-08-2022 06:00,1.95
1334,1334,Dandi,CGWB,24,Gujarat,453,Navsari,JALALPORE,JALALPORE,Dandi,-,-,-,-,-,-,20.89166667,72.80833333,,10-11-2022 06:00,2.55
1335,1335,Dandi,CGWB,24,Gujarat,453,Navsari,JALALPORE,JALALPORE,Dandi,-,-,-,-,-,-,20.89166667,72.80833333,,30-05-2023 10:00,3.6499999
1336,1336,Dandi,CGWB,24,Gujarat,453,Navsari,JALALPORE,JALALPORE,Dandi,-,-,-,-,-,-,20.89166667,72.80833333,,30-08-2023 18:00,2
1337,1337,Danta,CGWB,24,Gujarat,441,Banaskantha,DANTA,DANTA,Danta,-,-,-,-,-,-,24.18888889,72.76527778,,10-01-2021 00:00,8.86
1338,1338,Danta,CGWB,24,Gujarat,441,Banaskantha,DANTA,DANTA,Danta,-,-,-,-,-,-,24.18888889,72.76527778,,31-08-2021 06:00,9.47
1339,1339,Danta,CGWB,24,Gujarat,441,Banaskantha,DANTA,DANTA,Danta,-,-,-,-,-,-,24.18888889,72.76527778,,30-11-2021 06:00,7.66
1340,1340,Danta,CGWB,24,Gujarat,441,Banaskantha,DANTA,DANTA,Danta,-,-,-,-,-,-,24.18888889,72.76527778,,30-01-2022 07:00,9.59
1341,1341,Danta,CGWB,24,Gujarat,441,Banaskantha,DANTA,DANTA,Danta,-,-,-,-,-,-,24.18888889,72.76527778,,30-05-2022 06:00,11.12
1342,1342,Danta,CGWB,24,Gujarat,441,Banaskantha,DANTA,DANTA,Danta,-,-,-,-,-,-,24.18888889,72.76527778,,10-11-2022 06:00,7.2
1343,1343,Danta,CGWB,24,Gujarat,441,Banaskantha,DANTA,DANTA,Danta,-,-,-,-,-,-,24.18888889,72.76527778,,01-01-2023 00:00,8.84
1344,1344,Dantiwada,CGWB,24,Gujarat,441,Banaskantha,DANTIWADA,DANTIWADA,Dantiwada,-,-,-,-,-,-,24.18888889,72.76055556,,10-01-2021 00:00,33.83
1345,1345,Dantiwada,CGWB,24,Gujarat,441,Banaskantha,DANTIWADA,DANTIWADA,Dantiwada,-,-,-,-,-,-,24.18888889,72.76055556,,31-08-2021 06:00,33.99
1346,1346,Dantiwada,CGWB,24,Gujarat,441,Banaskantha,DANTIWADA,DANTIWADA,Dantiwada,-,-,-,-,-,-,24.27750000,72.26138889,,31-08-2021 06:00,27.4
1347,1347,Dantiwada,CGWB,24,Gujarat,441,Banaskantha,DANTIWADA,DANTIWADA,Dantiwada,-,-,-,-,-,-,24.18888889,72.76055556,,30-11-2021 06:00,33.1
1348,1348,Dantiwada,CGWB,24,Gujarat,441,Banaskantha,DANTIWADA,DANTIWADA,Dantiwada,-,-,-,-,-,-,24.18888889,72.76055556,,30-01-2022 07:00,35.87
1349,1349,Dantiwada,CGWB,24,Gujarat,441,Banaskantha,DANTIWADA,DANTIWADA,Dantiwada,-,-,-,-,-,-,24.27750000,72.26138889,,30-01-2022 07:00,27.2
1350,1350,Dantiwada,CGWB,24,Gujarat,441,Banaskantha,DANTIWADA,DANTIWADA,Dantiwada,-,-,-,-,-,-,24.27750000,72.26138889,,30-05-2022 06:00,30.7
1351,1351,Dantiwada,CGWB,24,Gujarat,441,Banaskantha,DANTIWADA,DANTIWADA,Dantiwada,-,-,-,-,-,-,24.18888889,72.76055556,,30-05-2022 06:00,35.94
1352,1352,Dantiwada,CGWB,24,Gujarat,441,Banaskantha,DANTIWADA,DANTIWADA,Dantiwada,-,-,-,-,-,-,24.27750000,72.26138889,,30-08-2022 06:00,29
1353,1353,Dantiwada,CGWB,24,Gujarat,441,Banaskantha,DANTIWADA,DANTIWADA,Dantiwada,-,-,-,-,-,-,24.18888889,72.76055556,,10-11-2022 06:00,33.63
1354,1354,Dantiwada,CGWB,24,Gujarat,441,Banaskantha,DANTIWADA,DANTIWADA,Dantiwada,-,-,-,-,-,-,24.27750000,72.26138889,,10-11-2022 06:00,26.6
1355,1355,Dantiwada,CGWB,24,Gujarat,441,Banaskantha,DANTIWADA,DANTIWADA,Dantiwada,-,-,-,-,-,-,24.18888889,72.76055556,,01-01-2023 00:00,19.98
1356,1356,Dantiwada_1,CGWB,24,Gujarat,441,Banaskantha,DANTIWADA,-,-,-,-,-,-,-,-,24.28000000,72.26000000,,01-01-2023 00:00,27.14
1357,1357,Daran_Pz-I,CGWB,24,Gujarat,451,Mahesana,KADI,KADI,Daran,-,-,-,-,-,-,23.20638889,72.27972222,,10-01-2021 00:00,105.03
1358,1358,Daran_Pz-I,CGWB,24,Gujarat,451,Mahesana,KADI,KADI,Daran,-,-,-,-,-,-,23.20638889,72.27972222,,31-08-2021 06:00,102.34
1359,1359,Daran_Pz-I,CGWB,24,Gujarat,451,Mahesana,KADI,KADI,Daran,-,-,-,-,-,-,23.20638889,72.27972222,,30-11-2021 06:00,99.29
1360,1360,Daran_Pz-I,CGWB,24,Gujarat,451,Mahesana,KADI,KADI,Daran,-,-,-,-,-,-,23.20638889,72.27972222,,30-01-2022 07:00,103.3
1361,1361,Daran_Pz-I,CGWB,24,Gujarat,451,Mahesana,KADI,KADI,Daran,-,-,-,-,-,-,23.20638889,72.27972222,,30-05-2022 06:00,100.19
1362,1362,Daran_Pz-I,CGWB,24,Gujarat,451,Mahesana,KADI,KADI,Daran,-,-,-,-,-,-,23.20638889,72.27972222,,30-08-2022 06:00,109.75
1363,1363,Daran_Pz-I,CGWB,24,Gujarat,451,Mahesana,KADI,KADI,Daran,-,-,-,-,-,-,23.20638889,72.27972222,,10-11-2022 06:00,100.69
1364,1364,Daran_Pz-II,CGWB,24,Gujarat,451,Mahesana,KADI,KADI,Daran,-,-,-,-,-,-,23.20638889,72.27972222,,10-01-2021 00:00,44.67
1365,1365,Daran_Pz-II,CGWB,24,Gujarat,451,Mahesana,KADI,KADI,Daran,-,-,-,-,-,-,23.20638889,72.27972222,,31-08-2021 06:00,44.53
1366,1366,Daran_Pz-II,CGWB,24,Gujarat,451,Mahesana,KADI,KADI,Daran,-,-,-,-,-,-,23.20638889,72.27972222,,30-11-2021 06:00,43.7
1367,1367,Daran_Pz-II,CGWB,24,Gujarat,451,Mahesana,KADI,KADI,Daran,-,-,-,-,-,-,23.20638889,72.27972222,,30-01-2022 07:00,47.47
1368,1368,Daran_Pz-II,CGWB,24,Gujarat,451,Mahesana,KADI,KADI,Daran,-,-,-,-,-,-,23.20638889,72.27972222,,30-05-2022 06:00,43.56
1369,1369,Daran_Pz-II,CGWB,24,Gujarat,451,Mahesana,KADI,KADI,Daran,-,-,-,-,-,-,23.20638889,72.27972222,,30-08-2022 06:00,51.9
1370,1370,Daran_Pz-II,CGWB,24,Gujarat,451,Mahesana,KADI,KADI,Daran,-,-,-,-,-,-,23.20638889,72.27972222,,10-11-2022 06:00,44.05
1371,1371,Daran_Pz-III,CGWB,24,Gujarat,451,Mahesana,KADI,KADI,Daran,-,-,-,-,-,-,23.20638889,72.27972222,,30-05-2022 06:00,0.43
1372,1372,Dasada,CGWB,24,Gujarat,460,Surendranagar,DASADA,DASADA,Dasada,-,-,-,-,-,-,23.32000000,71.82416667,,10-01-2021 00:00,3.47
1373,1373,Dasada,CGWB,24,Gujarat,460,Surendranagar,DASADA,DASADA,Dasada,-,-,-,-,-,-,23.32000000,71.82416667,,31-08-2021 06:00,2.67
1374,1374,Dasada,CGWB,24,Gujarat,460,Surendranagar,DASADA,DASADA,Dasada,-,-,-,-,-,-,23.32000000,71.82416667,,30-11-2021 06:00,3.3
1375,1375,Dasada,CGWB,24,Gujarat,460,Surendranagar,DASADA,DASADA,Dasada,-,-,-,-,-,-,23.32000000,71.82416667,,30-01-2022 07:00,3.84
1376,1376,Dasada,CGWB,24,Gujarat,460,Surendranagar,DASADA,DASADA,Dasada,-,-,-,-,-,-,23.32000000,71.82416667,,30-08-2022 06:00,2.75
1377,1377,Dasada,CGWB,24,Gujarat,460,Surendranagar,DASADA,DASADA,Dasada,-,-,-,-,-,-,23.32000000,71.82416667,,10-11-2022 06:00,3.31
1378,1378,Dasada1,CGWB,24,Gujarat,460,Surendranagar,DASADA,DASADA,Dasada,-,-,-,-,-,-,23.32083333,71.82916667,,10-01-2021 00:00,2.97
1379,1379,Datha,CGWB,24,Gujarat,443,Bhavnagar,TALAJA,TALAJA,Datha,-,-,-,-,-,-,21.22083333,71.95000000,,10-01-2021 00:00,5.38
1380,1380,Datha,CGWB,24,Gujarat,443,Bhavnagar,TALAJA,TALAJA,Datha,-,-,-,-,-,-,21.22083333,71.95000000,,31-08-2021 06:00,0.76
1381,1381,Datha,CGWB,24,Gujarat,443,Bhavnagar,TALAJA,TALAJA,Datha,-,-,-,-,-,-,21.22083333,71.95000000,,30-11-2021 06:00,2.74
1382,1382,Datha,CGWB,24,Gujarat,443,Bhavnagar,TALAJA,TALAJA,Datha,-,-,-,-,-,-,21.22083333,71.95000000,,30-01-2022 07:00,5.84
1383,1383,Datha,CGWB,24,Gujarat,443,Bhavnagar,TALAJA,TALAJA,Datha,-,-,-,-,-,-,21.22083333,71.95000000,,30-05-2022 06:00,2.24
1384,1384,Datha,CGWB,24,Gujarat,443,Bhavnagar,TALAJA,TALAJA,Datha,-,-,-,-,-,-,21.22083333,71.95000000,,30-08-2022 06:00,1.88
1385,1385,Davalpura_Pz,CGWB,24,Gujarat,440,Anand,PETLAD,PETLAD,Davalpura,-,-,-,-,-,-,22.45833333,72.80277778,,10-01-2021 00:00,2.05
1386,1386,Davalpura_Pz,CGWB,24,Gujarat,440,Anand,PETLAD,PETLAD,Davalpura,-,-,-,-,-,-,22.45833333,72.80277778,,31-08-2021 06:00,2.75
1387,1387,Davalpura_Pz,CGWB,24,Gujarat,440,Anand,PETLAD,PETLAD,Davalpura,-,-,-,-,-,-,22.45833333,72.80277778,,30-11-2021 06:00,2.45
1388,1388,Davalpura_Pz,CGWB,24,Gujarat,440,Anand,PETLAD,PETLAD,Davalpura,-,-,-,-,-,-,22.45833333,72.80277778,,30-01-2022 07:00,2.4
1389,1389,Davalpura_Pz,CGWB,24,Gujarat,440,Anand,PETLAD,PETLAD,Davalpura,-,-,-,-,-,-,22.45833333,72.80277778,,30-05-2022 06:00,4.04
1390,1390,Davalpura_Pz,CGWB,24,Gujarat,440,Anand,PETLAD,PETLAD,Davalpura,-,-,-,-,-,-,22.45833333,72.80277778,,30-08-2022 06:00,1.47
1391,1391,Davalpura_Pz,CGWB,24,Gujarat,440,Anand,PETLAD,PETLAD,Davalpura,-,-,-,-,-,-,22.45833333,72.80277778,,10-11-2022 06:00,1.02
1392,1392,Davalpura_Pz,CGWB,24,Gujarat,440,Anand,PETLAD,PETLAD,Davalpura,-,-,-,-,-,-,22.45833333,72.80277778,,01-01-2023 00:00,3.12
1393,1393,Davalpura_Pz,CGWB,24,Gujarat,440,Anand,PETLAD,PETLAD,Davalpura,-,-,-,-,-,-,22.45833333,72.80277778,,30-05-2023 10:00,3.2800002
1394,1394,Dayapar1,CGWB,24,Gujarat,449,Kachchh,LAKHPAT,LAKHPAT,Dayapar,-,-,-,-,-,-,23.63333333,68.87083333,,31-08-2021 06:00,4.43
1395,1395,Dedadra,CGWB,24,Gujarat,460,Surendranagar,WADHWAN,WADHWAN,Dedadra,-,-,-,-,-,-,22.77500000,71.73333333,,10-01-2021 00:00,0.97
1396,1396,Dedadra,CGWB,24,Gujarat,460,Surendranagar,WADHWAN,WADHWAN,Dedadra,-,-,-,-,-,-,22.77500000,71.73333333,,30-01-2022 07:00,1.12
1397,1397,Dedadra,CGWB,24,Gujarat,460,Surendranagar,WADHWAN,WADHWAN,Dedadra,-,-,-,-,-,-,22.77500000,71.73333333,,10-11-2022 06:00,3.58
1398,1398,Dedadra,CGWB,24,Gujarat,460,Surendranagar,WADHWAN,WADHWAN,Dedadra,-,-,-,-,-,-,22.77500000,71.73333333,,30-05-2023 10:00,4.66
1399,1399,Deesa Pzi,CGWB,24,Gujarat,441,Banaskantha,DEESA,DEESA,Deesa Pzi,-,-,-,-,-,-,24.25666667,72.18750000,,10-01-2021 00:00,95.2
1400,1400,Deesa Pzi,CGWB,24,Gujarat,441,Banaskantha,DEESA,DEESA,Deesa Pzi,-,-,-,-,-,-,24.25666667,72.18750000,,30-11-2021 06:00,99.07
1401,1401,Deesa Pzii,CGWB,24,Gujarat,441,Banaskantha,DEESA,DEESA,Deesa Pzii,-,-,-,-,-,-,24.25666667,72.18750000,,30-08-2022 06:00,60.7
1402,1402,Deesa Pzii,CGWB,24,Gujarat,441,Banaskantha,DEESA,DEESA,Deesa Pzii,-,-,-,-,-,-,24.25666667,72.18750000,,10-11-2022 06:00,61.42
1403,1403,Deesa Pzii,CGWB,24,Gujarat,441,Banaskantha,DEESA,DEESA,Deesa Pzii,-,-,-,-,-,-,24.25666667,72.18750000,,01-01-2023 00:00,62.51
1404,1404,Degam,CGWB,24,Gujarat,456,Porbandar,PORBANDAR,PORBANDAR,Degam,-,-,-,-,-,-,21.71027778,69.60555556,,10-01-2021 00:00,7.51
1405,1405,Degam,CGWB,24,Gujarat,456,Porbandar,PORBANDAR,PORBANDAR,Degam,-,-,-,-,-,-,21.71027778,69.60555556,,31-08-2021 06:00,11.59
1406,1406,Degam,CGWB,24,Gujarat,456,Porbandar,PORBANDAR,PORBANDAR,Degam,-,-,-,-,-,-,21.71027778,69.60555556,,30-11-2021 06:00,6.15
1407,1407,Degam,CGWB,24,Gujarat,456,Porbandar,PORBANDAR,PORBANDAR,Degam,-,-,-,-,-,-,21.71027778,69.60555556,,30-01-2022 07:00,7.38
1408,1408,Degam,CGWB,24,Gujarat,456,Porbandar,PORBANDAR,PORBANDAR,Degam,-,-,-,-,-,-,21.71027778,69.60555556,,30-05-2022 06:00,12.13
1409,1409,Degam,CGWB,24,Gujarat,456,Porbandar,PORBANDAR,PORBANDAR,Degam,-,-,-,-,-,-,21.71027778,69.60555556,,30-08-2022 06:00,3.53
1410,1410,Degam,CGWB,24,Gujarat,456,Porbandar,PORBANDAR,PORBANDAR,Degam,-,-,-,-,-,-,21.71027778,69.60555556,,10-11-2022 06:00,5.52
1411,1411,Degam,CGWB,24,Gujarat,456,Porbandar,PORBANDAR,PORBANDAR,Degam,-,-,-,-,-,-,21.71027778,69.60555556,,30-05-2023 10:00,12.450001
1412,1412,Derol Pz-II,CGWB,24,Gujarat,458,Sabarkantha,HIMATNAGAR,HIMATNAGAR,Derol,-,-,-,-,-,-,23.59944444,72.90250000,,10-01-2021 00:00,45.8
1413,1413,Derol Pz-II,CGWB,24,Gujarat,458,Sabarkantha,HIMATNAGAR,HIMATNAGAR,Derol,-,-,-,-,-,-,23.59944444,72.90250000,,31-08-2021 06:00,45.2
1414,1414,Derol Pz-II,CGWB,24,Gujarat,458,Sabarkantha,HIMATNAGAR,HIMATNAGAR,Derol,-,-,-,-,-,-,23.59944444,72.90250000,,30-11-2021 06:00,44.29
1415,1415,Derol Pz-II,CGWB,24,Gujarat,458,Sabarkantha,HIMATNAGAR,HIMATNAGAR,Derol,-,-,-,-,-,-,23.59944444,72.90250000,,30-01-2022 07:00,45
1416,1416,Derol Pz-II,CGWB,24,Gujarat,458,Sabarkantha,HIMATNAGAR,HIMATNAGAR,Derol,-,-,-,-,-,-,23.59944444,72.90250000,,30-05-2022 06:00,48.83
1417,1417,Derol Pz-II,CGWB,24,Gujarat,458,Sabarkantha,HIMATNAGAR,HIMATNAGAR,Derol,-,-,-,-,-,-,23.59944444,72.90250000,,30-08-2022 06:00,43.77
1418,1418,Derol Pz-II,CGWB,24,Gujarat,458,Sabarkantha,HIMATNAGAR,HIMATNAGAR,Derol,-,-,-,-,-,-,23.59944444,72.90250000,,10-11-2022 06:00,50.46
1419,1419,Derol Pz-II,CGWB,24,Gujarat,458,Sabarkantha,HIMATNAGAR,HIMATNAGAR,Derol,-,-,-,-,-,-,23.59944444,72.90250000,,10-01-2023 18:00,54.49
1420,1420,Derol Pz-II,CGWB,24,Gujarat,458,Sabarkantha,HIMATNAGAR,HIMATNAGAR,Derol,-,-,-,-,-,-,23.59944444,72.90250000,,30-05-2023 10:00,48.63
1421,1421,Desalpur,CGWB,24,Gujarat,449,Kachchh,BHUJ,BHUJ,Desalpur,-,-,-,-,-,-,23.20277778,69.44583333,,10-01-2021 00:00,5.25
1422,1422,Desalpur,CGWB,24,Gujarat,449,Kachchh,BHUJ,BHUJ,Desalpur,-,-,-,-,-,-,23.20277778,69.44583333,,30-11-2021 06:00,5.3
1423,1423,Desalpur,CGWB,24,Gujarat,449,Kachchh,BHUJ,BHUJ,Desalpur,-,-,-,-,-,-,23.20277778,69.44583333,,30-05-2022 06:00,5.76
1424,1424,Desalpur,CGWB,24,Gujarat,449,Kachchh,BHUJ,BHUJ,Desalpur,-,-,-,-,-,-,23.20277778,69.44583333,,30-08-2022 06:00,6.6
1425,1425,Desalpur,CGWB,24,Gujarat,449,Kachchh,BHUJ,BHUJ,Desalpur,-,-,-,-,-,-,23.20277778,69.44583333,,10-11-2022 06:00,4.4
1426,1426,Deshalpar Rapar Pz,CGWB,24,Gujarat,449,Kachchh,RAPAR,-,-,-,-,-,-,-,-,23.74194444,70.67805556,,30-08-2021 06:00,5.62
1427,1427,Deshalpar Rapar Pz,CGWB,24,Gujarat,449,Kachchh,RAPAR,-,-,-,-,-,-,-,-,23.74194444,70.67805556,,10-01-2022 06:00,5.58
1428,1428,Deshalpur m.,CGWB,24,Gujarat,449,Kachchh,MUNDRA,MUNDRA,Deshalpur m.,-,-,-,-,-,-,22.88333333,69.58333333,,30-08-2022 06:00,2.55
1429,1429,Deshalpur rapar,CGWB,24,Gujarat,449,Kachchh,RAPAR,RAPAR,Deshalpur rapar,-,-,-,-,-,-,23.74722222,70.67916667,,10-01-2021 00:00,11.92
1430,1430,Deshalpur rapar,CGWB,24,Gujarat,449,Kachchh,RAPAR,RAPAR,Deshalpur rapar,-,-,-,-,-,-,23.74722222,70.67916667,,31-08-2021 06:00,11.83
1431,1431,Deshalpur rapar,CGWB,24,Gujarat,449,Kachchh,RAPAR,RAPAR,Deshalpur rapar,-,-,-,-,-,-,23.74722222,70.67916667,,30-11-2021 06:00,10.13
1432,1432,Deshalpur rapar,CGWB,24,Gujarat,449,Kachchh,RAPAR,RAPAR,Deshalpur rapar,-,-,-,-,-,-,23.74722222,70.67916667,,30-01-2022 07:00,14.4
1433,1433,Deshalpur rapar,CGWB,24,Gujarat,449,Kachchh,RAPAR,RAPAR,Deshalpur rapar,-,-,-,-,-,-,23.74722222,70.67916667,,30-05-2022 06:00,16.25
1434,1434,Deshalpur rapar,CGWB,24,Gujarat,449,Kachchh,RAPAR,RAPAR,Deshalpur rapar,-,-,-,-,-,-,23.74722222,70.67916667,,30-08-2022 06:00,3.3
1435,1435,Deshalpur rapar,CGWB,24,Gujarat,449,Kachchh,RAPAR,RAPAR,Deshalpur rapar,-,-,-,-,-,-,23.74722222,70.67916667,,10-11-2022 06:00,12.13
1436,1436,Deshalpur rapar,CGWB,24,Gujarat,449,Kachchh,RAPAR,RAPAR,Deshalpur rapar,-,-,-,-,-,-,23.74722222,70.67916667,,30-05-2023 10:00,15.45
1437,1437,Devalia,CGWB,24,Gujarat,438,Ahmedabad,DHANDHUKA,DHANDHUKA,Devalia,-,-,-,-,-,-,22.37777778,71.98611111,,10-01-2021 00:00,20.4
1438,1438,Devalia,CGWB,24,Gujarat,438,Ahmedabad,DHANDHUKA,DHANDHUKA,Devalia,-,-,-,-,-,-,22.37777778,71.98611111,,31-08-2021 06:00,20.4
1439,1439,Devalia,CGWB,24,Gujarat,438,Ahmedabad,DHANDHUKA,DHANDHUKA,Devalia,-,-,-,-,-,-,22.37777778,71.98611111,,30-01-2022 07:00,20.4
1440,1440,Devaliya,CGWB,24,Gujarat,439,Amreli,BABRA,BABRA,Devaliya,-,-,-,-,-,-,21.82083333,71.10833333,,31-08-2021 06:00,2.87
1441,1441,Devaliya,CGWB,24,Gujarat,439,Amreli,BABRA,BABRA,Devaliya,-,-,-,-,-,-,21.82083333,71.10833333,,30-11-2021 06:00,2.65
1442,1442,Devaliya,CGWB,24,Gujarat,439,Amreli,BABRA,BABRA,Devaliya,-,-,-,-,-,-,21.82083333,71.10833333,,30-01-2022 07:00,4.4
1443,1443,Devaliya,CGWB,24,Gujarat,439,Amreli,BABRA,BABRA,Devaliya,-,-,-,-,-,-,21.82083333,71.10833333,,30-05-2022 06:00,8.98
1444,1444,Devaliya,CGWB,24,Gujarat,439,Amreli,BABRA,BABRA,Devaliya,-,-,-,-,-,-,21.82083333,71.10833333,,10-11-2022 06:00,8.53
1445,1445,Devat (thadgam),CGWB,24,Gujarat,461,Vadodara,KAVANT,KAVANT,Devat (thadgam),-,-,-,-,-,-,22.10000000,73.98333333,,31-08-2021 06:00,11.7
1446,1446,Devat (thadgam),CGWB,24,Gujarat,461,Vadodara,KAVANT,KAVANT,Devat (thadgam),-,-,-,-,-,-,22.10000000,73.98333333,,30-11-2021 06:00,4.9
1447,1447,Devat (thadgam),CGWB,24,Gujarat,461,Vadodara,KAVANT,KAVANT,Devat (thadgam),-,-,-,-,-,-,22.10000000,73.98333333,,30-01-2022 07:00,4.71
1448,1448,Devat (thadgam),CGWB,24,Gujarat,461,Vadodara,KAVANT,KAVANT,Devat (thadgam),-,-,-,-,-,-,22.10000000,73.98333333,,30-08-2022 06:00,5.04
1449,1449,Devat (thadgam),CGWB,24,Gujarat,461,Vadodara,KAVANT,KAVANT,Devat (thadgam),-,-,-,-,-,-,22.10000000,73.98333333,,10-11-2022 06:00,5
1450,1450,Devat (thadgam),CGWB,24,Gujarat,461,Vadodara,KAVANT,KAVANT,Devat (thadgam),-,-,-,-,-,-,22.10000000,73.98333333,,30-05-2023 10:00,8.28
1451,1451,Devgadh Baria,CGWB,24,Gujarat,445,Dohad,DEVGAD BARIA,DEVGAD BARIA,Devgadh baria,-,-,-,-,-,-,22.70000000,73.91388889,,10-01-2021 00:00,7.74
1452,1452,Devgadh Baria,CGWB,24,Gujarat,445,Dohad,DEVGAD BARIA,DEVGAD BARIA,Devgadh baria,-,-,-,-,-,-,22.70000000,73.91388889,,31-08-2021 06:00,7.52
1453,1453,Devgadh Baria,CGWB,24,Gujarat,445,Dohad,DEVGAD BARIA,DEVGAD BARIA,Devgadh baria,-,-,-,-,-,-,22.70000000,73.91388889,,30-11-2021 06:00,3.25
1454,1454,Devgadh Baria,CGWB,24,Gujarat,445,Dohad,DEVGAD BARIA,DEVGAD BARIA,Devgadh baria,-,-,-,-,-,-,22.70000000,73.91388889,,30-01-2022 07:00,9.5
1455,1455,Devgadh Baria,CGWB,24,Gujarat,445,Dohad,DEVGAD BARIA,DEVGAD BARIA,Devgadh baria,-,-,-,-,-,-,22.70000000,73.91388889,,30-05-2022 06:00,11.4
1456,1456,Devgadh Baria,CGWB,24,Gujarat,445,Dohad,DEVGAD BARIA,DEVGAD BARIA,Devgadh baria,-,-,-,-,-,-,22.70000000,73.91388889,,30-08-2022 06:00,6.18
1457,1457,Devgadh Baria,CGWB,24,Gujarat,445,Dohad,DEVGAD BARIA,DEVGAD BARIA,Devgadh baria,-,-,-,-,-,-,22.70000000,73.91388889,,30-05-2023 10:00,11
1458,1458,Devgadh bariya,CGWB,24,Gujarat,445,Dohad,DEVGAD BARIA,DEVGAD BARIA,Devgadh bariya,-,-,-,-,-,-,22.70000000,73.91666667,,10-01-2021 00:00,9.7
1459,1459,Devgadh bariya,CGWB,24,Gujarat,445,Dohad,DEVGAD BARIA,DEVGAD BARIA,Devgadh bariya,-,-,-,-,-,-,22.70000000,73.91666667,,31-08-2021 06:00,12.17
1460,1460,Devgadh bariya,CGWB,24,Gujarat,445,Dohad,DEVGAD BARIA,DEVGAD BARIA,Devgadh bariya,-,-,-,-,-,-,22.70000000,73.91666667,,30-11-2021 06:00,7.2
1461,1461,Devgadh bariya,CGWB,24,Gujarat,445,Dohad,DEVGAD BARIA,DEVGAD BARIA,Devgadh bariya,-,-,-,-,-,-,22.70000000,73.91666667,,30-01-2022 07:00,9.2
1462,1462,Devgadh bariya,CGWB,24,Gujarat,445,Dohad,DEVGAD BARIA,DEVGAD BARIA,Devgadh bariya,-,-,-,-,-,-,22.70000000,73.91666667,,30-05-2022 06:00,16.01
1463,1463,Devgadh bariya,CGWB,24,Gujarat,445,Dohad,DEVGAD BARIA,DEVGAD BARIA,Devgadh bariya,-,-,-,-,-,-,22.70000000,73.91666667,,30-08-2022 06:00,7.1
1464,1464,Devgadh bariya,CGWB,24,Gujarat,445,Dohad,DEVGAD BARIA,DEVGAD BARIA,Devgadh bariya,-,-,-,-,-,-,22.70000000,73.91666667,,10-11-2022 06:00,6.94
1465,1465,Devgadh bariya,CGWB,24,Gujarat,445,Dohad,DEVGAD BARIA,DEVGAD BARIA,Devgadh bariya,-,-,-,-,-,-,22.70000000,73.91666667,,10-01-2023 18:00,8.68
1466,1466,Devgadh bariya,CGWB,24,Gujarat,445,Dohad,DEVGAD BARIA,DEVGAD BARIA,Devgadh bariya,-,-,-,-,-,-,22.70000000,73.91666667,,30-05-2023 10:00,16.88
1467,1467,Devisar,CGWB,24,Gujarat,449,Kachchh,NAKHATRANA,NAKHATRANA,Devisar,-,-,-,-,-,-,23.40277778,69.32916667,,10-01-2021 00:00,12.04
1468,1468,Devisar,CGWB,24,Gujarat,449,Kachchh,NAKHATRANA,NAKHATRANA,Devisar,-,-,-,-,-,-,23.40277778,69.32916667,,31-08-2021 06:00,10.05
1469,1469,Devisar,CGWB,24,Gujarat,449,Kachchh,NAKHATRANA,NAKHATRANA,Devisar,-,-,-,-,-,-,23.40277778,69.32916667,,30-11-2021 06:00,11.31
1470,1470,Devisar,CGWB,24,Gujarat,449,Kachchh,NAKHATRANA,NAKHATRANA,Devisar,-,-,-,-,-,-,23.40277778,69.32916667,,30-01-2022 07:00,12.1
1471,1471,Devisar,CGWB,24,Gujarat,449,Kachchh,NAKHATRANA,NAKHATRANA,Devisar,-,-,-,-,-,-,23.40277778,69.32916667,,30-05-2022 06:00,13.12
1472,1472,Devisar,CGWB,24,Gujarat,449,Kachchh,NAKHATRANA,NAKHATRANA,Devisar,-,-,-,-,-,-,23.40277778,69.32916667,,30-08-2022 06:00,9.67
1473,1473,Devisar,CGWB,24,Gujarat,449,Kachchh,NAKHATRANA,NAKHATRANA,Devisar,-,-,-,-,-,-,23.40277778,69.32916667,,10-11-2022 06:00,10.19
1474,1474,Dhama,CGWB,24,Gujarat,460,Surendranagar,DASADA,DASADA,Dhama,-,-,-,-,-,-,23.38527778,71.67944444,,10-01-2021 00:00,5.19
1475,1475,Dhama,CGWB,24,Gujarat,460,Surendranagar,DASADA,DASADA,Dhama,-,-,-,-,-,-,23.38527778,71.67944444,,31-08-2021 06:00,3.91
1476,1476,Dhama,CGWB,24,Gujarat,460,Surendranagar,DASADA,DASADA,Dhama,-,-,-,-,-,-,23.38527778,71.67944444,,30-11-2021 06:00,4.2
1477,1477,Dhama,CGWB,24,Gujarat,460,Surendranagar,DASADA,DASADA,Dhama,-,-,-,-,-,-,23.38527778,71.67944444,,30-01-2022 07:00,5.45
1478,1478,Dhama,CGWB,24,Gujarat,460,Surendranagar,DASADA,DASADA,Dhama,-,-,-,-,-,-,23.38527778,71.67944444,,30-05-2022 06:00,6.1
1479,1479,Dhama,CGWB,24,Gujarat,460,Surendranagar,DASADA,DASADA,Dhama,-,-,-,-,-,-,23.38527778,71.67944444,,30-08-2022 06:00,4.4
1480,1480,Dhama,CGWB,24,Gujarat,460,Surendranagar,DASADA,DASADA,Dhama,-,-,-,-,-,-,23.38527778,71.67944444,,10-11-2022 06:00,4.74
1481,1481,Dhandhuka1,CGWB,24,Gujarat,438,Ahmedabad,DHANDHUKA,DHANDHUKA,Dhandhuka,-,-,-,-,-,-,22.37500000,71.98611111,,10-01-2021 00:00,1.85
1482,1482,Dhandhuka1,CGWB,24,Gujarat,438,Ahmedabad,DHANDHUKA,DHANDHUKA,Dhandhuka,-,-,-,-,-,-,22.37500000,71.98611111,,31-08-2021 06:00,3.1
1483,1483,Dhandhuka1,CGWB,24,Gujarat,438,Ahmedabad,DHANDHUKA,DHANDHUKA,Dhandhuka,-,-,-,-,-,-,22.37500000,71.98611111,,30-11-2021 06:00,1.65
1484,1484,Dhandhuka1,CGWB,24,Gujarat,438,Ahmedabad,DHANDHUKA,DHANDHUKA,Dhandhuka,-,-,-,-,-,-,22.37500000,71.98611111,,01-01-2023 00:00,2.9
1485,1485,Dhandhuka1,CGWB,24,Gujarat,438,Ahmedabad,DHANDHUKA,DHANDHUKA,Dhandhuka,-,-,-,-,-,-,22.37500000,71.98611111,,10-01-2023 18:00,2.1
1486,1486,Dhandhuka1,CGWB,24,Gujarat,438,Ahmedabad,DHANDHUKA,DHANDHUKA,Dhandhuka,-,-,-,-,-,-,22.37500000,71.98611111,,30-05-2023 10:00,3.5600002
1487,1487,Dhanera Pz-I,CGWB,24,Gujarat,441,Banaskantha,DHANERA,DHANERA,Dhanera,-,-,-,-,-,-,24.50611111,72.02916667,,10-01-2021 00:00,120.05
1488,1488,Dhanera Pz-I,CGWB,24,Gujarat,441,Banaskantha,DHANERA,DHANERA,Dhanera,-,-,-,-,-,-,24.50611111,72.02916667,,31-08-2021 06:00,124.31
1489,1489,Dhanera Pz-I,CGWB,24,Gujarat,441,Banaskantha,DHANERA,DHANERA,Dhanera,-,-,-,-,-,-,24.50611111,72.02916667,,30-11-2021 06:00,123.63
1490,1490,Dhanera Pz-I,CGWB,24,Gujarat,441,Banaskantha,DHANERA,DHANERA,Dhanera,-,-,-,-,-,-,24.50611111,72.02916667,,30-01-2022 07:00,123.47
1491,1491,Dhanera Pz-I,CGWB,24,Gujarat,441,Banaskantha,DHANERA,DHANERA,Dhanera,-,-,-,-,-,-,24.50611111,72.02916667,,30-05-2022 06:00,142.07
1492,1492,Dhanera Pz-I,CGWB,24,Gujarat,441,Banaskantha,DHANERA,DHANERA,Dhanera,-,-,-,-,-,-,24.50611111,72.02916667,,30-08-2022 06:00,120.67
1493,1493,Dhanera Pz-I,CGWB,24,Gujarat,441,Banaskantha,DHANERA,DHANERA,Dhanera,-,-,-,-,-,-,24.50611111,72.02916667,,10-11-2022 06:00,146.14
1494,1494,Dhanera Pz-I,CGWB,24,Gujarat,441,Banaskantha,DHANERA,DHANERA,Dhanera,-,-,-,-,-,-,24.50611111,72.02916667,,01-01-2023 00:00,148.51
1495,1495,Dhanera Pz- II,CGWB,24,Gujarat,441,Banaskantha,DHANERA,DHANERA,Dhanera II,-,-,-,-,-,-,24.50277778,72.18611111,,30-08-2022 06:00,73.1
1496,1496,Dhanol,CGWB,24,Gujarat,454,Panchmahals,GODHRA,GODHRA,Dhanol,-,-,-,-,-,-,22.75861111,73.50666667,,10-01-2021 00:00,1.1
1497,1497,Dhanol,CGWB,24,Gujarat,454,Panchmahals,GODHRA,GODHRA,Dhanol,-,-,-,-,-,-,22.75861111,73.50666667,,31-08-2021 06:00,1.24
1498,1498,Dhanol,CGWB,24,Gujarat,454,Panchmahals,GODHRA,GODHRA,Dhanol,-,-,-,-,-,-,22.75861111,73.50666667,,30-11-2021 06:00,1.25
1499,1499,Dhanol,CGWB,24,Gujarat,454,Panchmahals,GODHRA,GODHRA,Dhanol,-,-,-,-,-,-,22.75861111,73.50666667,,30-01-2022 07:00,1
1500,1500,Dhanol,CGWB,24,Gujarat,454,Panchmahals,GODHRA,GODHRA,Dhanol,-,-,-,-,-,-,22.75861111,73.50666667,,30-05-2022 06:00,2.7
1501,1501,Dhanol,CGWB,24,Gujarat,454,Panchmahals,GODHRA,GODHRA,Dhanol,-,-,-,-,-,-,22.75861111,73.50666667,,10-11-2022 06:00,0.1
1502,1502,Dhanol,CGWB,24,Gujarat,454,Panchmahals,GODHRA,GODHRA,Dhanol,-,-,-,-,-,-,22.75861111,73.50666667,,30-05-2023 10:00,2.0800002
1503,1503,Dhanpur,CGWB,24,Gujarat,445,Dohad,DHANPUR,DHANPUR,Dhanpur,-,-,-,-,-,-,22.63333333,74.10416667,,10-01-2021 00:00,8.2
1504,1504,Dhanpur,CGWB,24,Gujarat,445,Dohad,DHANPUR,DHANPUR,Dhanpur,-,-,-,-,-,-,22.63333333,74.10416667,,31-08-2021 06:00,10.34
1505,1505,Dhanpur,CGWB,24,Gujarat,445,Dohad,DHANPUR,DHANPUR,Dhanpur,-,-,-,-,-,-,22.63333333,74.10416667,,30-11-2021 06:00,7.25
1506,1506,Dhanpur,CGWB,24,Gujarat,445,Dohad,DHANPUR,DHANPUR,Dhanpur,-,-,-,-,-,-,22.63333333,74.10416667,,30-01-2022 07:00,8.4
1507,1507,Dhanpur,CGWB,24,Gujarat,445,Dohad,DHANPUR,DHANPUR,Dhanpur,-,-,-,-,-,-,22.63333333,74.10416667,,30-05-2022 06:00,12.95
1508,1508,Dhanpur,CGWB,24,Gujarat,445,Dohad,DHANPUR,DHANPUR,Dhanpur,-,-,-,-,-,-,22.63333333,74.10416667,,30-08-2022 06:00,9.45
1509,1509,Dhanpur,CGWB,24,Gujarat,445,Dohad,DHANPUR,DHANPUR,Dhanpur,-,-,-,-,-,-,22.63333333,74.10416667,,10-11-2022 06:00,7.05
1510,1510,Dhanpur,CGWB,24,Gujarat,445,Dohad,DHANPUR,DHANPUR,Dhanpur,-,-,-,-,-,-,22.63333333,74.10416667,,10-01-2023 18:00,7.48
1511,1511,Dhanpur,CGWB,24,Gujarat,445,Dohad,DHANPUR,DHANPUR,Dhanpur,-,-,-,-,-,-,22.63333333,74.10416667,,30-05-2023 10:00,
1512,1512,Dhansura,CGWB,24,Gujarat,458,Sabarkantha,DHANSURA,DHANSURA,Dhansura,-,-,-,-,-,-,23.35000000,73.20000000,,30-05-2023 10:00,5.58
1513,1513,Dhansura1,CGWB,24,Gujarat,458,Sabarkantha,DHANSURA,DHANSURA,Dhansura,-,-,-,-,-,-,23.35000000,73.20000000,,10-01-2021 00:00,4.34
1514,1514,Dhansura1,CGWB,24,Gujarat,458,Sabarkantha,DHANSURA,DHANSURA,Dhansura,-,-,-,-,-,-,23.35000000,73.20000000,,31-08-2021 06:00,8.15
1515,1515,Dhansura1,CGWB,24,Gujarat,458,Sabarkantha,DHANSURA,DHANSURA,Dhansura,-,-,-,-,-,-,23.35000000,73.20000000,,30-11-2021 06:00,8.55
1516,1516,Dhansura1,CGWB,24,Gujarat,458,Sabarkantha,DHANSURA,DHANSURA,Dhansura,-,-,-,-,-,-,23.35000000,73.20000000,,30-01-2022 07:00,6.1
1517,1517,Dhansura1,CGWB,24,Gujarat,458,Sabarkantha,DHANSURA,DHANSURA,Dhansura,-,-,-,-,-,-,23.35000000,73.20000000,,30-05-2022 06:00,10
1518,1518,Dharampur1,CGWB,24,Gujarat,462,Valsad,DHARAMPUR,DHARAMPUR,Dharampur,-,-,-,-,-,-,20.53638889,73.17055556,,10-01-2021 00:00,4.9
1519,1519,Dharampur1,CGWB,24,Gujarat,462,Valsad,DHARAMPUR,DHARAMPUR,Dharampur,-,-,-,-,-,-,20.53638889,73.17055556,,31-08-2021 06:00,4
1520,1520,Dharampur1,CGWB,24,Gujarat,462,Valsad,DHARAMPUR,DHARAMPUR,Dharampur,-,-,-,-,-,-,20.53638889,73.17055556,,30-11-2021 06:00,2.05
1521,1521,Dharampur1,CGWB,24,Gujarat,462,Valsad,DHARAMPUR,DHARAMPUR,Dharampur,-,-,-,-,-,-,20.53638889,73.17055556,,30-01-2022 07:00,6.4
1522,1522,Dharampur1,CGWB,24,Gujarat,462,Valsad,DHARAMPUR,DHARAMPUR,Dharampur,-,-,-,-,-,-,20.53638889,73.17055556,,30-05-2022 06:00,10.1
1523,1523,Dharampur1,CGWB,24,Gujarat,462,Valsad,DHARAMPUR,DHARAMPUR,Dharampur,-,-,-,-,-,-,20.53638889,73.17055556,,10-11-2022 06:00,4.63
1524,1524,Dharampur1,CGWB,24,Gujarat,462,Valsad,DHARAMPUR,DHARAMPUR,Dharampur,-,-,-,-,-,-,20.53638889,73.17055556,,30-05-2023 10:00,10.9
1525,1525,Dharampur 3,CGWB,24,Gujarat,462,Valsad,DHARAMPUR,DHARAMPUR,Dharampur,-,-,-,-,-,-,20.53083333,73.16250000,,10-01-2021 00:00,9.8
1526,1526,Dharampur 3,CGWB,24,Gujarat,462,Valsad,DHARAMPUR,DHARAMPUR,Dharampur,-,-,-,-,-,-,20.53083333,73.16250000,,31-08-2021 06:00,9.75
1527,1527,Dharampur 3,CGWB,24,Gujarat,462,Valsad,DHARAMPUR,DHARAMPUR,Dharampur,-,-,-,-,-,-,20.53083333,73.16250000,,30-11-2021 06:00,7.4
1528,1528,Dharampur 3,CGWB,24,Gujarat,462,Valsad,DHARAMPUR,DHARAMPUR,Dharampur,-,-,-,-,-,-,20.53083333,73.16250000,,30-01-2022 07:00,7.8
1529,1529,Dharampur 3,CGWB,24,Gujarat,462,Valsad,DHARAMPUR,DHARAMPUR,Dharampur,-,-,-,-,-,-,20.53083333,73.16250000,,30-05-2022 06:00,15.13
1530,1530,Dharampur 3,CGWB,24,Gujarat,462,Valsad,DHARAMPUR,DHARAMPUR,Dharampur,-,-,-,-,-,-,20.53083333,73.16250000,,30-08-2022 06:00,11.45
1531,1531,Dharampur 3,CGWB,24,Gujarat,462,Valsad,DHARAMPUR,DHARAMPUR,Dharampur,-,-,-,-,-,-,20.53083333,73.16250000,,10-11-2022 06:00,8.75
1532,1532,Dharampur 3,CGWB,24,Gujarat,462,Valsad,DHARAMPUR,DHARAMPUR,Dharampur,-,-,-,-,-,-,20.53083333,73.16250000,,30-05-2023 10:00,13.92
1533,1533,Dharangani,CGWB,24,Gujarat,439,Amreli,DHARI,DHARI,Dharangani,-,-,-,-,-,-,21.33333333,71.20000000,,10-01-2021 00:00,30.5
1534,1534,Dharangani,CGWB,24,Gujarat,439,Amreli,DHARI,DHARI,Dharangani,-,-,-,-,-,-,21.33333333,71.20000000,,31-08-2021 06:00,26.76
1535,1535,Dharangani,CGWB,24,Gujarat,439,Amreli,DHARI,DHARI,Dharangani,-,-,-,-,-,-,21.33333333,71.20000000,,30-11-2021 06:00,25.35
1536,1536,Dharangani,CGWB,24,Gujarat,439,Amreli,DHARI,DHARI,Dharangani,-,-,-,-,-,-,21.33333333,71.20000000,,30-01-2022 07:00,28.35
1537,1537,Dharangani,CGWB,24,Gujarat,439,Amreli,DHARI,DHARI,Dharangani,-,-,-,-,-,-,21.33333333,71.20000000,,30-08-2022 06:00,23.67
1538,1538,Dhari_Pz,CGWB,24,Gujarat,439,Amreli,DHARI,DHARI,Dhari,-,-,-,-,-,-,21.32638889,71.01805556,,10-01-2021 00:00,6.25
1539,1539,Dhari_Pz,CGWB,24,Gujarat,439,Amreli,DHARI,DHARI,Dhari,-,-,-,-,-,-,21.32638889,71.01805556,,31-08-2021 06:00,5.47
1540,1540,Dhari_Pz,CGWB,24,Gujarat,439,Amreli,DHARI,DHARI,Dhari,-,-,-,-,-,-,21.32638889,71.01805556,,30-11-2021 06:00,4.96
1541,1541,Dhari_Pz,CGWB,24,Gujarat,439,Amreli,DHARI,DHARI,Dhari,-,-,-,-,-,-,21.32638889,71.01805556,,30-01-2022 07:00,5.52
1542,1542,Dhari_Pz,CGWB,24,Gujarat,439,Amreli,DHARI,DHARI,Dhari,-,-,-,-,-,-,21.32638889,71.01805556,,30-05-2022 06:00,10.06
1543,1543,Dhari_Pz,CGWB,24,Gujarat,439,Amreli,DHARI,DHARI,Dhari,-,-,-,-,-,-,21.32638889,71.01805556,,10-11-2022 06:00,6.72
1544,1544,Dhari_Pz,CGWB,24,Gujarat,439,Amreli,DHARI,DHARI,Dhari,-,-,-,-,-,-,21.32638889,71.01805556,,30-05-2023 10:00,19.17
1545,1545,Dharmaj,CGWB,24,Gujarat,440,Anand,PETLAD,PETLAD,Dharmaj,-,-,-,-,-,-,22.42083333,72.79444444,,30-11-2021 06:00,12.59
1546,1546,Dharmaj,CGWB,24,Gujarat,440,Anand,PETLAD,PETLAD,Dharmaj,-,-,-,-,-,-,22.42083333,72.79444444,,30-01-2022 07:00,7.1
1547,1547,Dharmaj,CGWB,24,Gujarat,440,Anand,PETLAD,PETLAD,Dharmaj,-,-,-,-,-,-,22.42083333,72.79444444,,30-05-2022 06:00,12.28
1548,1548,Dharmaj,CGWB,24,Gujarat,440,Anand,PETLAD,PETLAD,Dharmaj,-,-,-,-,-,-,22.42083333,72.79444444,,30-08-2022 06:00,10
1549,1549,Dharmaj,CGWB,24,Gujarat,440,Anand,PETLAD,PETLAD,Dharmaj,-,-,-,-,-,-,22.42083333,72.79444444,,10-11-2022 06:00,5.37
1550,1550,Dharmaj,CGWB,24,Gujarat,440,Anand,PETLAD,PETLAD,Dharmaj,-,-,-,-,-,-,22.42083333,72.79444444,,01-01-2023 00:00,13.95
1551,1551,Dharmaj,CGWB,24,Gujarat,440,Anand,PETLAD,PETLAD,Dharmaj,-,-,-,-,-,-,22.42083333,72.79444444,,30-05-2023 10:00,13.549999
1552,1552,Dharmoda,CGWB,24,Gujarat,455,Patan,CHANASMA,CHANASMA,Dharmoda,-,-,-,-,-,-,23.69722222,72.06944444,,10-01-2021 00:00,0.87
1553,1553,Dharmoda,CGWB,24,Gujarat,455,Patan,CHANASMA,CHANASMA,Dharmoda,-,-,-,-,-,-,23.69722222,72.06944444,,31-08-2021 06:00,1.69
1554,1554,Dharmoda,CGWB,24,Gujarat,455,Patan,CHANASMA,CHANASMA,Dharmoda,-,-,-,-,-,-,23.69722222,72.06944444,,30-11-2021 06:00,6.89
1555,1555,Dharmoda,CGWB,24,Gujarat,455,Patan,CHANASMA,CHANASMA,Dharmoda,-,-,-,-,-,-,23.69722222,72.06944444,,30-01-2022 07:00,1.82
1556,1556,Dharmoda,CGWB,24,Gujarat,455,Patan,CHANASMA,CHANASMA,Dharmoda,-,-,-,-,-,-,23.69722222,72.06944444,,30-05-2022 06:00,7.17
1557,1557,Dharmoda,CGWB,24,Gujarat,455,Patan,CHANASMA,CHANASMA,Dharmoda,-,-,-,-,-,-,23.69722222,72.06944444,,10-11-2022 06:00,2.52
1558,1558,Dharmoda1,CGWB,24,Gujarat,455,Patan,CHANASMA,CHANASMA,Dharmoda,-,-,-,-,-,-,23.69166667,72.07083333,,30-05-2023 10:00,3.8500001
1559,1559,Dharpura,CGWB,24,Gujarat,451,Mahesana,BECHARAJI,BECHARAJI,Dharpura,-,-,-,-,-,-,23.54583333,72.11250000,,10-01-2021 00:00,5.27
1560,1560,Dharpura,CGWB,24,Gujarat,451,Mahesana,BECHARAJI,BECHARAJI,Dharpura,-,-,-,-,-,-,23.54583333,72.11250000,,31-08-2021 06:00,5.96
1561,1561,Dharpura,CGWB,24,Gujarat,451,Mahesana,BECHARAJI,BECHARAJI,Dharpura,-,-,-,-,-,-,23.54583333,72.11250000,,30-11-2021 06:00,4.5
1562,1562,Dharpura,CGWB,24,Gujarat,451,Mahesana,BECHARAJI,BECHARAJI,Dharpura,-,-,-,-,-,-,23.54583333,72.11250000,,30-01-2022 07:00,8.35
1563,1563,Dharpura,CGWB,24,Gujarat,451,Mahesana,BECHARAJI,BECHARAJI,Dharpura,-,-,-,-,-,-,23.54583333,72.11250000,,30-05-2022 06:00,5.16
1564,1564,Dharpura,CGWB,24,Gujarat,451,Mahesana,BECHARAJI,BECHARAJI,Dharpura,-,-,-,-,-,-,23.54583333,72.11250000,,30-08-2022 06:00,3.62
1565,1565,Dharpura,CGWB,24,Gujarat,451,Mahesana,BECHARAJI,BECHARAJI,Dharpura,-,-,-,-,-,-,23.54583333,72.11250000,,10-11-2022 06:00,3.89
1566,1566,Dharpura,CGWB,24,Gujarat,451,Mahesana,BECHARAJI,BECHARAJI,Dharpura,-,-,-,-,-,-,23.54583333,72.11250000,,30-05-2023 10:00,6.31
1567,1567,Dhasa,CGWB,24,Gujarat,443,Bhavnagar,GADHADA,GADHADA,Dhasa,-,-,-,-,-,-,21.80000000,71.50833333,,10-01-2021 00:00,3.33
1568,1568,Dhasa,CGWB,24,Gujarat,443,Bhavnagar,GADHADA,GADHADA,Dhasa,-,-,-,-,-,-,21.80000000,71.50833333,,31-08-2021 06:00,1.8
1569,1569,Dhasa,CGWB,24,Gujarat,443,Bhavnagar,GADHADA,GADHADA,Dhasa,-,-,-,-,-,-,21.80000000,71.50833333,,30-11-2021 06:00,1.45
1570,1570,Dhasa,CGWB,24,Gujarat,443,Bhavnagar,GADHADA,GADHADA,Dhasa,-,-,-,-,-,-,21.80000000,71.50833333,,30-01-2022 07:00,3.29
1571,1571,Dhasa,CGWB,24,Gujarat,443,Bhavnagar,GADHADA,GADHADA,Dhasa,-,-,-,-,-,-,21.80000000,71.50833333,,30-05-2022 06:00,2.29
1572,1572,Dhasa,CGWB,24,Gujarat,443,Bhavnagar,GADHADA,GADHADA,Dhasa,-,-,-,-,-,-,21.80000000,71.50833333,,10-11-2022 06:00,1.49
1573,1573,Dhasa,CGWB,24,Gujarat,443,Bhavnagar,GADHADA,GADHADA,Dhasa,-,-,-,-,-,-,21.80000000,71.50833333,,30-05-2023 10:00,3.8300002
1574,1574,Dhinoj1,CGWB,24,Gujarat,455,Patan,CHANASMA,CHANASMA,Dhinoj,-,-,-,-,-,-,23.66250000,72.27916667,,10-01-2021 00:00,8.58
1575,1575,Dhinoj1,CGWB,24,Gujarat,455,Patan,CHANASMA,CHANASMA,Dhinoj,-,-,-,-,-,-,23.66250000,72.27916667,,31-08-2021 06:00,8.21
1576,1576,Dhinoj1,CGWB,24,Gujarat,455,Patan,CHANASMA,CHANASMA,Dhinoj,-,-,-,-,-,-,23.66250000,72.27916667,,30-11-2021 06:00,8.5
1577,1577,Dhinoj1,CGWB,24,Gujarat,455,Patan,CHANASMA,CHANASMA,Dhinoj,-,-,-,-,-,-,23.66250000,72.27916667,,30-01-2022 07:00,9.24
1578,1578,Dhinoj1,CGWB,24,Gujarat,455,Patan,CHANASMA,CHANASMA,Dhinoj,-,-,-,-,-,-,23.66250000,72.27916667,,30-05-2022 06:00,10.38
1579,1579,Dhinoj1,CGWB,24,Gujarat,455,Patan,CHANASMA,CHANASMA,Dhinoj,-,-,-,-,-,-,23.66250000,72.27916667,,30-08-2022 06:00,6.52
1580,1580,Dhinoj1,CGWB,24,Gujarat,455,Patan,CHANASMA,CHANASMA,Dhinoj,-,-,-,-,-,-,23.66250000,72.27916667,,10-11-2022 06:00,7
1581,1581,Dhinoj1,CGWB,24,Gujarat,455,Patan,CHANASMA,CHANASMA,Dhinoj,-,-,-,-,-,-,23.66250000,72.27916667,,30-05-2023 10:00,9.5
1582,1582,Dhokadva,CGWB,24,Gujarat,448,Junagadh,UNA,UNA,Dhokadva,-,-,-,-,-,-,20.95833333,71.07083333,,10-01-2021 00:00,9.68
1583,1583,Dhokadva,CGWB,24,Gujarat,448,Junagadh,UNA,UNA,Dhokadva,-,-,-,-,-,-,20.95833333,71.07083333,,31-08-2021 06:00,8.84
1584,1584,Dhokadva,CGWB,24,Gujarat,448,Junagadh,UNA,UNA,Dhokadva,-,-,-,-,-,-,20.95833333,71.07083333,,30-11-2021 06:00,10.92
1585,1585,Dhokadva,CGWB,24,Gujarat,448,Junagadh,UNA,UNA,Dhokadva,-,-,-,-,-,-,20.95833333,71.07083333,,30-01-2022 07:00,11.2
1586,1586,Dhokadva,CGWB,24,Gujarat,448,Junagadh,UNA,UNA,Dhokadva,-,-,-,-,-,-,20.95833333,71.07083333,,30-05-2022 06:00,10.55
1587,1587,Dhokadva,CGWB,24,Gujarat,448,Junagadh,UNA,UNA,Dhokadva,-,-,-,-,-,-,20.95833333,71.07083333,,30-08-2022 06:00,10.4
1588,1588,Dhokadva,CGWB,24,Gujarat,448,Junagadh,UNA,UNA,Dhokadva,-,-,-,-,-,-,20.95833333,71.07083333,,10-11-2022 06:00,11.9
1589,1589,Dholavira,CGWB,24,Gujarat,449,Kachchh,BHACHAU,BHACHAU,Dholavira,-,-,-,-,-,-,23.88333333,70.21666667,,10-01-2021 00:00,6.97
1590,1590,Dholavira,CGWB,24,Gujarat,449,Kachchh,BHACHAU,BHACHAU,Dholavira,-,-,-,-,-,-,23.88333333,70.21666667,,31-08-2021 06:00,11.38
1591,1591,Dholavira,CGWB,24,Gujarat,449,Kachchh,BHACHAU,BHACHAU,Dholavira,-,-,-,-,-,-,23.88333333,70.21666667,,30-08-2022 06:00,11.62
1592,1592,Dhoraji,CGWB,24,Gujarat,457,Rajkot,DHORAJI,DHORAJI,Dhoraji,-,-,-,-,-,-,21.74583333,70.28583333,,10-01-2021 00:00,11.1
1593,1593,Dhoraji,CGWB,24,Gujarat,457,Rajkot,DHORAJI,DHORAJI,Dhoraji,-,-,-,-,-,-,21.74583333,70.28583333,,31-08-2021 06:00,0.25
1594,1594,Dhoraji,CGWB,24,Gujarat,457,Rajkot,DHORAJI,DHORAJI,Dhoraji,-,-,-,-,-,-,21.74583333,70.28583333,,30-11-2021 06:00,4.25
1595,1595,Dhoraji,CGWB,24,Gujarat,457,Rajkot,DHORAJI,DHORAJI,Dhoraji,-,-,-,-,-,-,21.74583333,70.28583333,,30-01-2022 07:00,8.4
1596,1596,Dhoraji,CGWB,24,Gujarat,457,Rajkot,DHORAJI,DHORAJI,Dhoraji,-,-,-,-,-,-,21.74583333,70.28583333,,30-05-2022 06:00,15.37
1597,1597,Dhoraji,CGWB,24,Gujarat,457,Rajkot,DHORAJI,DHORAJI,Dhoraji,-,-,-,-,-,-,21.74583333,70.28583333,,30-08-2022 06:00,2.8
1598,1598,Dhoraji,CGWB,24,Gujarat,457,Rajkot,DHORAJI,DHORAJI,Dhoraji,-,-,-,-,-,-,21.74583333,70.28583333,,10-11-2022 06:00,7.5
1599,1599,Dhoraji,CGWB,24,Gujarat,457,Rajkot,DHORAJI,DHORAJI,Dhoraji,-,-,-,-,-,-,21.74583333,70.28583333,,30-05-2023 10:00,11
1600,1600,Dhori1,CGWB,24,Gujarat,449,Kachchh,BHUJ,BHUJ,Dhori,-,-,-,-,-,-,23.43333333,69.75416667,,30-11-2021 06:00,6.53
1601,1601,Dhrai Balmukand,CGWB,24,Gujarat,439,Amreli,BABRA,BABRA,Dhrai Balmukand,-,-,-,-,-,-,21.83416667,71.21722222,,10-01-2021 00:00,3.6
1602,1602,Dhrai Balmukand,CGWB,24,Gujarat,439,Amreli,BABRA,BABRA,Dhrai Balmukand,-,-,-,-,-,-,21.83416667,71.21722222,,31-08-2021 06:00,3.55
1603,1603,Dhrai Balmukand,CGWB,24,Gujarat,439,Amreli,BABRA,BABRA,Dhrai Balmukand,-,-,-,-,-,-,21.83416667,71.21722222,,30-11-2021 06:00,1.47
1604,1604,Dhrai Balmukand,CGWB,24,Gujarat,439,Amreli,BABRA,BABRA,Dhrai Balmukand,-,-,-,-,-,-,21.83416667,71.21722222,,30-01-2022 07:00,4.45
1605,1605,Dhrai Balmukand,CGWB,24,Gujarat,439,Amreli,BABRA,BABRA,Dhrai Balmukand,-,-,-,-,-,-,21.83416667,71.21722222,,30-05-2022 06:00,7.95
1606,1606,Dhrai Balmukand,CGWB,24,Gujarat,439,Amreli,BABRA,BABRA,Dhrai Balmukand,-,-,-,-,-,-,21.83416667,71.21722222,,30-08-2022 06:00,1.26
1607,1607,Dhrol2,CGWB,24,Gujarat,447,Jamnagar,DHROL,DHROL,Dhrol,-,-,-,-,-,-,22.56666667,70.41666667,,10-01-2021 00:00,1.71
1608,1608,Dhrol2,CGWB,24,Gujarat,447,Jamnagar,DHROL,DHROL,Dhrol,-,-,-,-,-,-,22.56666667,70.41666667,,30-11-2021 06:00,0.86
1609,1609,Dhrol2,CGWB,24,Gujarat,447,Jamnagar,DHROL,DHROL,Dhrol,-,-,-,-,-,-,22.56666667,70.41666667,,30-01-2022 07:00,1.41
1610,1610,Dhrol2,CGWB,24,Gujarat,447,Jamnagar,DHROL,DHROL,Dhrol,-,-,-,-,-,-,22.56666667,70.41666667,,30-05-2022 06:00,4.48
1611,1611,Dhrol2,CGWB,24,Gujarat,447,Jamnagar,DHROL,DHROL,Dhrol,-,-,-,-,-,-,22.56666667,70.41666667,,30-08-2022 06:00,0.36
1612,1612,Dhrol2,CGWB,24,Gujarat,447,Jamnagar,DHROL,DHROL,Dhrol,-,-,-,-,-,-,22.56666667,70.41666667,,10-11-2022 06:00,1.51
1613,1613,Dhrol2,CGWB,24,Gujarat,447,Jamnagar,DHROL,DHROL,Dhrol,-,-,-,-,-,-,22.56666667,70.41666667,,30-05-2023 10:00,5.08
1614,1614,Dhumkal,CGWB,24,Gujarat,444,Dang,The dangs,The dangs,Dhumkal,-,-,-,-,-,-,20.64583333,73.79166667,,10-01-2021 00:00,0.72
1615,1615,Dhumkal,CGWB,24,Gujarat,444,Dang,The dangs,The dangs,Dhumkal,-,-,-,-,-,-,20.64583333,73.79166667,,31-08-2021 06:00,1.3
1616,1616,Dhumkal,CGWB,24,Gujarat,444,Dang,The dangs,The dangs,Dhumkal,-,-,-,-,-,-,20.64583333,73.79166667,,30-11-2021 06:00,0.1
1617,1617,Dhumkal,CGWB,24,Gujarat,444,Dang,The dangs,The dangs,Dhumkal,-,-,-,-,-,-,20.64583333,73.79166667,,30-01-2022 07:00,0.9
1618,1618,Dhumkal,CGWB,24,Gujarat,444,Dang,The dangs,The dangs,Dhumkal,-,-,-,-,-,-,20.64583333,73.79166667,,30-05-2022 06:00,3.4
1619,1619,Dhumkal,CGWB,24,Gujarat,444,Dang,The dangs,The dangs,Dhumkal,-,-,-,-,-,-,20.64583333,73.79166667,,30-08-2022 06:00,0.62
1620,1620,Dhumkal,CGWB,24,Gujarat,444,Dang,The dangs,The dangs,Dhumkal,-,-,-,-,-,-,20.64583333,73.79166667,,10-11-2022 06:00,1.55
1621,1621,Dhumkal,CGWB,24,Gujarat,444,Dang,The dangs,The dangs,Dhumkal,-,-,-,-,-,-,20.64583333,73.79166667,,30-05-2023 10:00,3.02
1622,1622,Dhumkal,CGWB,24,Gujarat,444,Dang,The dangs,The dangs,Dhumkal,-,-,-,-,-,-,20.64583333,73.79166667,,30-08-2023 18:00,0.99999994
1623,1623,Digas,CGWB,24,Gujarat,459,Surat,KAMREJ,KAMREJ,Digas,-,-,-,-,-,-,21.24833333,73.02555556,,30-08-2022 06:00,0.95
1624,1624,Digas,CGWB,24,Gujarat,459,Surat,KAMREJ,KAMREJ,Digas,-,-,-,-,-,-,21.24833333,73.02555556,,30-08-2023 18:00,1.7
1625,1625,Dohad_Urban1,CGWB,24,Gujarat,445,Dohad,DOHAD,DOHAD,Dohad,-,-,-,-,-,-,22.85750000,74.24944444,,10-01-2021 00:00,5.27
1626,1626,Dohad_Urban1,CGWB,24,Gujarat,445,Dohad,DOHAD,DOHAD,Dohad,-,-,-,-,-,-,22.85750000,74.24944444,,31-08-2021 06:00,3.51
1627,1627,Dohad_Urban1,CGWB,24,Gujarat,445,Dohad,DOHAD,DOHAD,Dohad,-,-,-,-,-,-,22.85750000,74.24944444,,30-11-2021 06:00,3.65
1628,1628,Dohad_Urban1,CGWB,24,Gujarat,445,Dohad,DOHAD,DOHAD,Dohad,-,-,-,-,-,-,22.85750000,74.24944444,,30-01-2022 07:00,5.75
1629,1629,Dohad_Urban1,CGWB,24,Gujarat,445,Dohad,DOHAD,DOHAD,Dohad,-,-,-,-,-,-,22.85750000,74.24944444,,30-05-2022 06:00,6.1
1630,1630,Dohad_Urban1,CGWB,24,Gujarat,445,Dohad,DOHAD,DOHAD,Dohad,-,-,-,-,-,-,22.85750000,74.24944444,,30-08-2022 06:00,4.86
1631,1631,Dohad_Urban1,CGWB,24,Gujarat,445,Dohad,DOHAD,DOHAD,Dohad,-,-,-,-,-,-,22.85750000,74.24944444,,10-11-2022 06:00,5.5
1632,1632,Dohad_Urban1,CGWB,24,Gujarat,445,Dohad,DOHAD,DOHAD,Dohad,-,-,-,-,-,-,22.85750000,74.24944444,,30-05-2023 10:00,9.8
1633,1633,Dohad_Urban2,CGWB,24,Gujarat,445,Dohad,DOHAD,DOHAD,Dohad,-,-,-,-,-,-,22.84472222,74.26666667,,10-01-2021 00:00,5.35
1634,1634,Dohad_Urban2,CGWB,24,Gujarat,445,Dohad,DOHAD,DOHAD,Dohad,-,-,-,-,-,-,22.84472222,74.26666667,,31-08-2021 06:00,5.15
1635,1635,Dohad_Urban2,CGWB,24,Gujarat,445,Dohad,DOHAD,DOHAD,Dohad,-,-,-,-,-,-,22.84472222,74.26666667,,30-11-2021 06:00,5.25
1636,1636,Dohad_Urban2,CGWB,24,Gujarat,445,Dohad,DOHAD,DOHAD,Dohad,-,-,-,-,-,-,22.84472222,74.26666667,,30-01-2022 07:00,6.17
1637,1637,Dohad_Urban2,CGWB,24,Gujarat,445,Dohad,DOHAD,DOHAD,Dohad,-,-,-,-,-,-,22.84472222,74.26666667,,30-05-2022 06:00,8.15
1638,1638,Dohad_Urban2,CGWB,24,Gujarat,445,Dohad,DOHAD,DOHAD,Dohad,-,-,-,-,-,-,22.84472222,74.26666667,,30-08-2022 06:00,3.85
1639,1639,Dohad_Urban2,CGWB,24,Gujarat,445,Dohad,DOHAD,DOHAD,Dohad,-,-,-,-,-,-,22.84472222,74.26666667,,10-11-2022 06:00,3.77
1640,1640,Dohad_Urban2,CGWB,24,Gujarat,445,Dohad,DOHAD,DOHAD,Dohad,-,-,-,-,-,-,22.84472222,74.26666667,,30-05-2023 10:00,11.5
1641,1641,Dohad_Urban3,CGWB,24,Gujarat,445,Dohad,DOHAD,DOHAD,Dohad,-,-,-,-,-,-,22.83972222,74.23388889,,10-01-2021 00:00,4.77
1642,1642,Dohad_Urban3,CGWB,24,Gujarat,445,Dohad,DOHAD,DOHAD,Dohad,-,-,-,-,-,-,22.83972222,74.23388889,,31-08-2021 06:00,2.9
1643,1643,Dohad_Urban3,CGWB,24,Gujarat,445,Dohad,DOHAD,DOHAD,Dohad,-,-,-,-,-,-,22.83972222,74.23388889,,30-11-2021 06:00,2.52
1644,1644,Dohad_Urban3,CGWB,24,Gujarat,445,Dohad,DOHAD,DOHAD,Dohad,-,-,-,-,-,-,22.83972222,74.23388889,,30-01-2022 07:00,2.72
1645,1645,Dohad_Urban3,CGWB,24,Gujarat,445,Dohad,DOHAD,DOHAD,Dohad,-,-,-,-,-,-,22.83972222,74.23388889,,30-05-2022 06:00,5.42
1646,1646,Dohad_Urban3,CGWB,24,Gujarat,445,Dohad,DOHAD,DOHAD,Dohad,-,-,-,-,-,-,22.83972222,74.23388889,,30-08-2022 06:00,1.82
1647,1647,Dohad_Urban3,CGWB,24,Gujarat,445,Dohad,DOHAD,DOHAD,Dohad,-,-,-,-,-,-,22.83972222,74.23388889,,10-11-2022 06:00,2.18
1648,1648,Dohad_Urban3,CGWB,24,Gujarat,445,Dohad,DOHAD,DOHAD,Dohad,-,-,-,-,-,-,22.83972222,74.23388889,,30-05-2023 10:00,4.72
1649,1649,Dolasa,CGWB,24,Gujarat,448,Junagadh,KODINAR,KODINAR,Dolasa,-,-,-,-,-,-,20.82083333,70.85833333,,30-11-2021 06:00,6.6
1650,1650,Dolasa,CGWB,24,Gujarat,448,Junagadh,KODINAR,KODINAR,Dolasa,-,-,-,-,-,-,20.82083333,70.85833333,,10-11-2022 06:00,4.53
1651,1651,Dolasa,CGWB,24,Gujarat,448,Junagadh,KODINAR,KODINAR,Dolasa,-,-,-,-,-,-,20.82083333,70.85833333,,30-05-2023 10:00,12.8
1652,1652,Doldha,CGWB,24,Gujarat,453,Navsari,BANSDA,BANSDA,Doldha,-,-,-,-,-,-,20.80666667,73.22750000,,10-01-2021 00:00,5.12
1653,1653,Dosaj,CGWB,24,Gujarat,451,Mahesana,UNJHA,UNJHA,Dosaj,-,-,-,-,-,-,23.84166667,72.45000000,,10-01-2021 00:00,12.06
1654,1654,Dosaj,CGWB,24,Gujarat,451,Mahesana,UNJHA,UNJHA,Dosaj,-,-,-,-,-,-,23.84166667,72.45000000,,31-08-2021 06:00,12.97
1655,1655,Dosaj,CGWB,24,Gujarat,451,Mahesana,UNJHA,UNJHA,Dosaj,-,-,-,-,-,-,23.84166667,72.45000000,,30-11-2021 06:00,10.66
1656,1656,Dosaj,CGWB,24,Gujarat,451,Mahesana,UNJHA,UNJHA,Dosaj,-,-,-,-,-,-,23.84166667,72.45000000,,30-01-2022 07:00,13.96
1657,1657,Dosaj,CGWB,24,Gujarat,451,Mahesana,UNJHA,UNJHA,Dosaj,-,-,-,-,-,-,23.84166667,72.45000000,,30-05-2022 06:00,11.11
1658,1658,Dosaj,CGWB,24,Gujarat,451,Mahesana,UNJHA,UNJHA,Dosaj,-,-,-,-,-,-,23.84166667,72.45000000,,30-08-2022 06:00,9.81
1659,1659,Dosaj,CGWB,24,Gujarat,451,Mahesana,UNJHA,UNJHA,Dosaj,-,-,-,-,-,-,23.84166667,72.45000000,,10-11-2022 06:00,11.58
1660,1660,Dosaj,CGWB,24,Gujarat,451,Mahesana,UNJHA,UNJHA,Dosaj,-,-,-,-,-,-,23.84166667,72.45000000,,30-05-2023 10:00,15.19
1661,1661,Drafa,CGWB,24,Gujarat,447,Jamnagar,JAMJODHPUR,JAMJODHPUR,Drafa,-,-,-,-,-,-,21.95833333,70.07500000,,10-01-2021 00:00,2.77
1662,1662,Drafa,CGWB,24,Gujarat,447,Jamnagar,JAMJODHPUR,JAMJODHPUR,Drafa,-,-,-,-,-,-,21.95833333,70.07500000,,30-05-2022 06:00,6
1663,1663,Dudhai2,CGWB,24,Gujarat,447,Jamnagar,JODIYA,JODIYA,Dudhai,-,-,-,-,-,-,22.79166667,70.50416667,,10-01-2021 00:00,1.05
1664,1664,Dudhai2,CGWB,24,Gujarat,447,Jamnagar,JODIYA,JODIYA,Dudhai,-,-,-,-,-,-,22.79166667,70.50416667,,30-11-2021 06:00,0.6
1665,1665,Dudhai2,CGWB,24,Gujarat,447,Jamnagar,JODIYA,JODIYA,Dudhai,-,-,-,-,-,-,22.79166667,70.50416667,,30-01-2022 07:00,0.85
1666,1666,Dudhai2,CGWB,24,Gujarat,447,Jamnagar,JODIYA,JODIYA,Dudhai,-,-,-,-,-,-,22.79166667,70.50416667,,30-05-2022 06:00,2.34
1667,1667,Dudhai2,CGWB,24,Gujarat,447,Jamnagar,JODIYA,JODIYA,Dudhai,-,-,-,-,-,-,22.79166667,70.50416667,,30-08-2022 06:00,0.45
1668,1668,Dudhai2,CGWB,24,Gujarat,447,Jamnagar,JODIYA,JODIYA,Dudhai,-,-,-,-,-,-,22.79166667,70.50416667,,10-11-2022 06:00,0.7
1669,1669,Dudhai2,CGWB,24,Gujarat,447,Jamnagar,JODIYA,JODIYA,Dudhai,-,-,-,-,-,-,22.79166667,70.50416667,,30-05-2023 10:00,2.68
1670,1670,Dudhala,CGWB,24,Gujarat,443,Bhavnagar,MAHUVA,MAHUVA,Dudhala,-,-,-,-,-,-,21.13750000,71.65833333,,10-01-2021 00:00,5.25
1671,1671,Dudhala,CGWB,24,Gujarat,443,Bhavnagar,MAHUVA,MAHUVA,Dudhala,-,-,-,-,-,-,21.13750000,71.65833333,,30-01-2022 07:00,4.88
1672,1672,Dudhala,CGWB,24,Gujarat,443,Bhavnagar,MAHUVA,MAHUVA,Dudhala,-,-,-,-,-,-,21.13750000,71.65833333,,30-05-2022 06:00,9.9
1673,1673,Dudhala,CGWB,24,Gujarat,443,Bhavnagar,MAHUVA,MAHUVA,Dudhala,-,-,-,-,-,-,21.13750000,71.65833333,,10-11-2022 06:00,7.68
1674,1674,Dudhala,CGWB,24,Gujarat,443,Bhavnagar,MAHUVA,MAHUVA,Dudhala,-,-,-,-,-,-,21.13750000,71.65833333,,30-05-2023 10:00,13.7
1675,1675,Dunai,CGWB,24,Gujarat,449,Kachchh,MANDVI,MANDVI,Dunai,-,-,-,-,-,-,23.05000000,69.50000000,,10-01-2021 00:00,8.01
1676,1676,Dunai,CGWB,24,Gujarat,449,Kachchh,MANDVI,MANDVI,Dunai,-,-,-,-,-,-,23.05000000,69.50000000,,31-08-2021 06:00,8.94
1677,1677,Dunai,CGWB,24,Gujarat,449,Kachchh,MANDVI,MANDVI,Dunai,-,-,-,-,-,-,23.05000000,69.50000000,,30-11-2021 06:00,10.69
1678,1678,Dunai,CGWB,24,Gujarat,449,Kachchh,MANDVI,MANDVI,Dunai,-,-,-,-,-,-,23.05000000,69.50000000,,30-01-2022 07:00,8.53
1679,1679,Dunai,CGWB,24,Gujarat,449,Kachchh,MANDVI,MANDVI,Dunai,-,-,-,-,-,-,23.05000000,69.50000000,,30-05-2022 06:00,11.42
1680,1680,Dunai,CGWB,24,Gujarat,449,Kachchh,MANDVI,MANDVI,Dunai,-,-,-,-,-,-,23.05000000,69.50000000,,30-08-2022 06:00,6.53
1681,1681,Dunai,CGWB,24,Gujarat,449,Kachchh,MANDVI,MANDVI,Dunai,-,-,-,-,-,-,23.05000000,69.50000000,,10-11-2022 06:00,6.89
1682,1682,Dunai,CGWB,24,Gujarat,449,Kachchh,MANDVI,MANDVI,Dunai,-,-,-,-,-,-,23.05000000,69.50000000,,30-05-2023 10:00,9.87
1683,1683,Dungri,CGWB,24,Gujarat,459,Surat,MANGROL,MANGROL,Dungri,-,-,-,-,-,-,21.40833333,73.13333333,,10-01-2021 00:00,1.8
1684,1684,Dungri,CGWB,24,Gujarat,459,Surat,MANGROL,MANGROL,Dungri,-,-,-,-,-,-,21.40833333,73.13333333,,31-08-2021 06:00,3.85
1685,1685,Dungri,CGWB,24,Gujarat,459,Surat,MANGROL,MANGROL,Dungri,-,-,-,-,-,-,21.40833333,73.13333333,,30-11-2021 06:00,2.15
1686,1686,Dungri,CGWB,24,Gujarat,459,Surat,MANGROL,MANGROL,Dungri,-,-,-,-,-,-,21.40833333,73.13333333,,30-01-2022 07:00,2.8
1687,1687,Dungri,CGWB,24,Gujarat,459,Surat,MANGROL,MANGROL,Dungri,-,-,-,-,-,-,21.40833333,73.13333333,,30-05-2022 06:00,9.7
1688,1688,Dungri,CGWB,24,Gujarat,459,Surat,MANGROL,MANGROL,Dungri,-,-,-,-,-,-,21.40833333,73.13333333,,30-08-2022 06:00,1.05
1689,1689,Dungri,CGWB,24,Gujarat,459,Surat,MANGROL,MANGROL,Dungri,-,-,-,-,-,-,21.40833333,73.13333333,,10-11-2022 06:00,3.45
1690,1690,Dungri,CGWB,24,Gujarat,459,Surat,MANGROL,MANGROL,Dungri,-,-,-,-,-,-,21.40833333,73.13333333,,30-08-2023 18:00,3.75
1691,1691,Duvada,CGWB,24,Gujarat,453,Navsari,GANDEVI,GANDEVI,Duvada,-,-,-,-,-,-,20.82861111,73.05750000,,10-01-2021 00:00,5.14
1692,1692,Duvada,CGWB,24,Gujarat,453,Navsari,GANDEVI,GANDEVI,Duvada,-,-,-,-,-,-,20.82861111,73.05750000,,31-08-2021 06:00,3.1
1693,1693,Duvada,CGWB,24,Gujarat,453,Navsari,GANDEVI,GANDEVI,Duvada,-,-,-,-,-,-,20.82861111,73.05750000,,30-11-2021 06:00,1.95
1694,1694,Duvada,CGWB,24,Gujarat,453,Navsari,GANDEVI,GANDEVI,Duvada,-,-,-,-,-,-,20.82861111,73.05750000,,30-01-2022 07:00,2.5
1695,1695,Duvada,CGWB,24,Gujarat,453,Navsari,GANDEVI,GANDEVI,Duvada,-,-,-,-,-,-,20.82861111,73.05750000,,30-05-2022 06:00,5.8
1696,1696,Duvada,CGWB,24,Gujarat,453,Navsari,GANDEVI,GANDEVI,Duvada,-,-,-,-,-,-,20.82861111,73.05750000,,30-08-2022 06:00,0.2
1697,1697,Duvada,CGWB,24,Gujarat,453,Navsari,GANDEVI,GANDEVI,Duvada,-,-,-,-,-,-,20.82861111,73.05750000,,10-11-2022 06:00,2.77
1698,1698,Duvada,CGWB,24,Gujarat,453,Navsari,GANDEVI,GANDEVI,Duvada,-,-,-,-,-,-,20.82861111,73.05750000,,30-05-2023 10:00,6.2200003
1699,1699,Duvada,CGWB,24,Gujarat,453,Navsari,GANDEVI,GANDEVI,Duvada,-,-,-,-,-,-,20.82861111,73.05750000,,30-08-2023 18:00,1.85
1700,1700,Dwarka,CGWB,24,Gujarat,447,Jamnagar,OKHAMANDAL,OKHAMANDAL,Dwarka,-,-,-,-,-,-,22.24583333,68.95833333,,10-01-2021 00:00,7.5
1701,1701,Dwarka,CGWB,24,Gujarat,447,Jamnagar,OKHAMANDAL,OKHAMANDAL,Dwarka,-,-,-,-,-,-,22.24583333,68.95833333,,31-08-2021 06:00,6.3
1702,1702,Dwarka,CGWB,24,Gujarat,447,Jamnagar,OKHAMANDAL,OKHAMANDAL,Dwarka,-,-,-,-,-,-,22.24583333,68.95833333,,30-11-2021 06:00,7.3
1703,1703,Dwarka,CGWB,24,Gujarat,447,Jamnagar,OKHAMANDAL,OKHAMANDAL,Dwarka,-,-,-,-,-,-,22.24583333,68.95833333,,30-01-2022 07:00,7.42
1704,1704,Dwarka,CGWB,24,Gujarat,447,Jamnagar,OKHAMANDAL,OKHAMANDAL,Dwarka,-,-,-,-,-,-,22.24583333,68.95833333,,30-05-2022 06:00,7.68
1705,1705,Dwarka,CGWB,24,Gujarat,447,Jamnagar,OKHAMANDAL,OKHAMANDAL,Dwarka,-,-,-,-,-,-,22.24583333,68.95833333,,30-08-2022 06:00,7.26
1706,1706,Dwarka,CGWB,24,Gujarat,447,Jamnagar,OKHAMANDAL,OKHAMANDAL,Dwarka,-,-,-,-,-,-,22.24583333,68.95833333,,10-11-2022 06:00,8.09
1707,1707,Dwarka,CGWB,24,Gujarat,447,Jamnagar,OKHAMANDAL,OKHAMANDAL,Dwarka,-,-,-,-,-,-,22.24583333,68.95833333,,30-05-2023 10:00,7.97
1708,1708,Endla,CGWB,24,Gujarat,438,Ahmedabad,VIRAMGAM,VIRAMGAM,Endla,-,-,-,-,-,-,23.27222222,72.05833333,,10-01-2021 00:00,2.19
1709,1709,Endla,CGWB,24,Gujarat,438,Ahmedabad,VIRAMGAM,VIRAMGAM,Endla,-,-,-,-,-,-,23.27222222,72.05833333,,31-08-2021 06:00,1.9
1710,1710,Endla,CGWB,24,Gujarat,438,Ahmedabad,VIRAMGAM,VIRAMGAM,Endla,-,-,-,-,-,-,23.27222222,72.05833333,,30-11-2021 06:00,1.8
1711,1711,Endla,CGWB,24,Gujarat,438,Ahmedabad,VIRAMGAM,VIRAMGAM,Endla,-,-,-,-,-,-,23.27222222,72.05833333,,30-01-2022 07:00,0.36
1712,1712,Endla,CGWB,24,Gujarat,438,Ahmedabad,VIRAMGAM,VIRAMGAM,Endla,-,-,-,-,-,-,23.27222222,72.05833333,,30-05-2022 06:00,2.21
1713,1713,Endla,CGWB,24,Gujarat,438,Ahmedabad,VIRAMGAM,VIRAMGAM,Endla,-,-,-,-,-,-,23.27222222,72.05833333,,30-08-2022 06:00,0.81
1714,1714,Endla,CGWB,24,Gujarat,438,Ahmedabad,VIRAMGAM,VIRAMGAM,Endla,-,-,-,-,-,-,23.27222222,72.05833333,,10-11-2022 06:00,1.33
1715,1715,Endla,CGWB,24,Gujarat,438,Ahmedabad,VIRAMGAM,VIRAMGAM,Endla,-,-,-,-,-,-,23.27222222,72.05833333,,01-01-2023 00:00,3.22
1716,1716,Endla,CGWB,24,Gujarat,438,Ahmedabad,VIRAMGAM,VIRAMGAM,Endla,-,-,-,-,-,-,23.27222222,72.05833333,,10-01-2023 18:00,1.73
1717,1717,Endla,CGWB,24,Gujarat,438,Ahmedabad,VIRAMGAM,VIRAMGAM,Endla,-,-,-,-,-,-,23.27222222,72.05833333,,30-05-2023 10:00,2.6299999
1718,1718,Fagudara Pz,CGWB,24,Gujarat,441,Banaskantha,DEESA,-,-,-,-,-,-,-,-,24.43027778,72.23416667,,10-01-2021 06:00,73.58
1719,1719,Fagudara Pz,CGWB,24,Gujarat,441,Banaskantha,DEESA,-,-,-,-,-,-,-,-,24.43027778,72.23416667,,10-11-2021 06:00,91.49
1720,1720,Fagudara Pz,CGWB,24,Gujarat,441,Banaskantha,DEESA,-,-,-,-,-,-,-,-,24.43027778,72.23416667,,30-05-2022 06:00,93.22
1721,1721,Fagudara Pz,CGWB,24,Gujarat,441,Banaskantha,DEESA,-,-,-,-,-,-,-,-,24.43027778,72.23416667,,10-11-2022 06:00,89.93
1722,1722,Fali,CGWB,24,Gujarat,462,Valsad,KAPRADA,KAPRADA,Fali,-,-,-,-,-,-,20.31305556,73.37611111,,10-01-2021 00:00,2.7
1723,1723,Fali,CGWB,24,Gujarat,462,Valsad,KAPRADA,KAPRADA,Fali,-,-,-,-,-,-,20.31305556,73.37611111,,31-08-2021 06:00,0.35
1724,1724,Fali,CGWB,24,Gujarat,462,Valsad,KAPRADA,KAPRADA,Fali,-,-,-,-,-,-,20.31305556,73.37611111,,30-11-2021 06:00,0.4
1725,1725,Fali,CGWB,24,Gujarat,462,Valsad,KAPRADA,KAPRADA,Fali,-,-,-,-,-,-,20.31305556,73.37611111,,30-01-2022 07:00,2.15
1726,1726,Fali,CGWB,24,Gujarat,462,Valsad,KAPRADA,KAPRADA,Fali,-,-,-,-,-,-,20.31305556,73.37611111,,30-05-2022 06:00,10.77
1727,1727,Fali,CGWB,24,Gujarat,462,Valsad,KAPRADA,KAPRADA,Fali,-,-,-,-,-,-,20.31305556,73.37611111,,10-11-2022 06:00,0.8
1728,1728,Fali,CGWB,24,Gujarat,462,Valsad,KAPRADA,KAPRADA,Fali,-,-,-,-,-,-,20.31305556,73.37611111,,30-05-2023 10:00,4.7
1729,1729,Falla,CGWB,24,Gujarat,447,Jamnagar,JAMNAGAR,JAMNAGAR,Falla,-,-,-,-,-,-,22.52916667,70.30833333,,30-05-2023 10:00,4.55
1730,1730,Falla 1,CGWB,24,Gujarat,447,Jamnagar,JAMNAGAR,-,-,-,-,-,-,-,-,22.53361111,70.31416667,,10-01-2021 06:00,2.41
1731,1731,Falla 1,CGWB,24,Gujarat,447,Jamnagar,JAMNAGAR,-,-,-,-,-,-,-,-,22.53361111,70.31416667,,30-05-2021 06:00,3.14
1732,1732,Falla 1,CGWB,24,Gujarat,447,Jamnagar,JAMNAGAR,-,-,-,-,-,-,-,-,22.53361111,70.31416667,,10-11-2021 06:00,0.14
1733,1733,Falla 1,CGWB,24,Gujarat,447,Jamnagar,JAMNAGAR,-,-,-,-,-,-,-,-,22.53361111,70.31416667,,10-01-2022 06:00,0.84
1734,1734,Falla 1,CGWB,24,Gujarat,447,Jamnagar,JAMNAGAR,-,-,-,-,-,-,-,-,22.53361111,70.31416667,,30-05-2022 06:00,5.17
1735,1735,Falla 1,CGWB,24,Gujarat,447,Jamnagar,JAMNAGAR,-,-,-,-,-,-,-,-,22.53361111,70.31416667,,10-11-2022 06:00,0.88
1736,1736,Fatepura(Karodia),CGWB,24,Gujarat,445,Dohad,FATEPURA,FATEPURA,Fatepura,-,-,-,-,-,-,23.25416667,74.02916667,,10-01-2021 00:00,10.9
1737,1737,Fatepura(Karodia),CGWB,24,Gujarat,445,Dohad,FATEPURA,FATEPURA,Fatepura,-,-,-,-,-,-,23.25416667,74.02916667,,31-08-2021 06:00,11.98
1738,1738,Fatepura(Karodia),CGWB,24,Gujarat,445,Dohad,FATEPURA,FATEPURA,Fatepura,-,-,-,-,-,-,23.25416667,74.02916667,,30-01-2022 07:00,9.68
1739,1739,Fatepura(Karodia),CGWB,24,Gujarat,445,Dohad,FATEPURA,FATEPURA,Fatepura,-,-,-,-,-,-,23.25416667,74.02916667,,30-05-2022 06:00,13.59
1740,1740,Fatepura(Karodia),CGWB,24,Gujarat,445,Dohad,FATEPURA,FATEPURA,Fatepura,-,-,-,-,-,-,23.25416667,74.02916667,,30-08-2022 06:00,4.5
1741,1741,Fatepura(Karodia),CGWB,24,Gujarat,445,Dohad,FATEPURA,FATEPURA,Fatepura,-,-,-,-,-,-,23.25416667,74.02916667,,10-11-2022 06:00,9
1742,1742,Fatepura(Karodia),CGWB,24,Gujarat,445,Dohad,FATEPURA,FATEPURA,Fatepura,-,-,-,-,-,-,23.25416667,74.02916667,,10-01-2023 18:00,9.93
1743,1743,Ferkuva,CGWB,24,Gujarat,461,Vadodara,CHHOTA UDAIPUR,CHHOTA UDAIPUR,Ferkuva,-,-,-,-,-,-,22.36666667,74.20833333,,10-01-2021 00:00,4.1
1744,1744,Ferkuva,CGWB,24,Gujarat,461,Vadodara,CHHOTA UDAIPUR,CHHOTA UDAIPUR,Ferkuva,-,-,-,-,-,-,22.36666667,74.20833333,,31-08-2021 06:00,4.9
1745,1745,Ferkuva,CGWB,24,Gujarat,461,Vadodara,CHHOTA UDAIPUR,CHHOTA UDAIPUR,Ferkuva,-,-,-,-,-,-,22.36666667,74.20833333,,30-11-2021 06:00,3.1
1746,1746,Ferkuva,CGWB,24,Gujarat,461,Vadodara,CHHOTA UDAIPUR,CHHOTA UDAIPUR,Ferkuva,-,-,-,-,-,-,22.36666667,74.20833333,,30-01-2022 07:00,2.32
1747,1747,Ferkuva,CGWB,24,Gujarat,461,Vadodara,CHHOTA UDAIPUR,CHHOTA UDAIPUR,Ferkuva,-,-,-,-,-,-,22.36666667,74.20833333,,30-05-2022 06:00,6.8
1748,1748,Ferkuva,CGWB,24,Gujarat,461,Vadodara,CHHOTA UDAIPUR,CHHOTA UDAIPUR,Ferkuva,-,-,-,-,-,-,22.36666667,74.20833333,,30-08-2022 06:00,1.38
1749,1749,Ferkuva,CGWB,24,Gujarat,461,Vadodara,CHHOTA UDAIPUR,CHHOTA UDAIPUR,Ferkuva,-,-,-,-,-,-,22.36666667,74.20833333,,10-11-2022 06:00,1.45
1750,1750,Ferkuva,CGWB,24,Gujarat,461,Vadodara,CHHOTA UDAIPUR,CHHOTA UDAIPUR,Ferkuva,-,-,-,-,-,-,22.36666667,74.20833333,,30-05-2023 10:00,7.2
1751,1751,Fifad,CGWB,24,Gujarat,439,Amreli,KUNDLA-SAVAR,KUNDLA-SAVAR,Fifad,-,-,-,-,-,-,21.43611111,71.54027778,,10-01-2021 00:00,4.32
1752,1752,Fifad,CGWB,24,Gujarat,439,Amreli,KUNDLA-SAVAR,KUNDLA-SAVAR,Fifad,-,-,-,-,-,-,21.43611111,71.54027778,,31-08-2021 06:00,2.78
1753,1753,Fifad,CGWB,24,Gujarat,439,Amreli,KUNDLA-SAVAR,KUNDLA-SAVAR,Fifad,-,-,-,-,-,-,21.43611111,71.54027778,,30-11-2021 06:00,2.1
1754,1754,Fifad,CGWB,24,Gujarat,439,Amreli,KUNDLA-SAVAR,KUNDLA-SAVAR,Fifad,-,-,-,-,-,-,21.43611111,71.54027778,,30-01-2022 07:00,2.56
1755,1755,Fifad,CGWB,24,Gujarat,439,Amreli,KUNDLA-SAVAR,KUNDLA-SAVAR,Fifad,-,-,-,-,-,-,21.43611111,71.54027778,,30-05-2022 06:00,4.5
1756,1756,Fifad,CGWB,24,Gujarat,439,Amreli,KUNDLA-SAVAR,KUNDLA-SAVAR,Fifad,-,-,-,-,-,-,21.43611111,71.54027778,,30-08-2022 06:00,2.04
1757,1757,Fifad,CGWB,24,Gujarat,439,Amreli,KUNDLA-SAVAR,KUNDLA-SAVAR,Fifad,-,-,-,-,-,-,21.43611111,71.54027778,,10-11-2022 06:00,4.38
1758,1758,Fifad,CGWB,24,Gujarat,439,Amreli,KUNDLA-SAVAR,KUNDLA-SAVAR,Fifad,-,-,-,-,-,-,21.43611111,71.54027778,,30-05-2023 10:00,4.46
1759,1759,Gadad,CGWB,24,Gujarat,444,Dang,The dangs,The dangs,Gadad,-,-,-,-,-,-,20.63750000,73.77500000,,30-11-2021 06:00,3.75
1760,1760,Gadad,CGWB,24,Gujarat,444,Dang,The dangs,The dangs,Gadad,-,-,-,-,-,-,20.63750000,73.77500000,,30-01-2022 07:00,1.2
1761,1761,Gadad,CGWB,24,Gujarat,444,Dang,The dangs,The dangs,Gadad,-,-,-,-,-,-,20.63750000,73.77500000,,30-08-2022 06:00,1.25
1762,1762,Gadad,CGWB,24,Gujarat,444,Dang,The dangs,The dangs,Gadad,-,-,-,-,-,-,20.63750000,73.77500000,,10-11-2022 06:00,3.47
1763,1763,Gadad,CGWB,24,Gujarat,444,Dang,The dangs,The dangs,Gadad,-,-,-,-,-,-,20.63750000,73.77500000,,30-05-2023 10:00,
1764,1764,Gadad,CGWB,24,Gujarat,444,Dang,The dangs,The dangs,Gadad,-,-,-,-,-,-,20.63750000,73.77500000,,30-08-2023 18:00,2.65
1765,1765,Gadada,CGWB,24,Gujarat,458,Sabarkantha,MODASA,MODASA,Gadada,-,-,-,-,-,-,23.57527778,73.25305556,,10-01-2021 00:00,6.89
1766,1766,Gadada,CGWB,24,Gujarat,458,Sabarkantha,MODASA,MODASA,Gadada,-,-,-,-,-,-,23.57527778,73.25305556,,31-08-2021 06:00,10.16
1767,1767,Gadada,CGWB,24,Gujarat,458,Sabarkantha,MODASA,MODASA,Gadada,-,-,-,-,-,-,23.57527778,73.25305556,,30-11-2021 06:00,4.2
1768,1768,Gadada,CGWB,24,Gujarat,458,Sabarkantha,MODASA,MODASA,Gadada,-,-,-,-,-,-,23.57527778,73.25305556,,30-01-2022 07:00,10.15
1769,1769,Gadada,CGWB,24,Gujarat,458,Sabarkantha,MODASA,MODASA,Gadada,-,-,-,-,-,-,23.57527778,73.25305556,,30-05-2022 06:00,15.95
1770,1770,Gadada,CGWB,24,Gujarat,458,Sabarkantha,MODASA,MODASA,Gadada,-,-,-,-,-,-,23.57527778,73.25305556,,30-08-2022 06:00,1.46
1771,1771,Gadada,CGWB,24,Gujarat,458,Sabarkantha,MODASA,MODASA,Gadada,-,-,-,-,-,-,23.57527778,73.25305556,,30-05-2023 10:00,11.549999
1772,1772,Gadha,CGWB,24,Gujarat,458,Sabarkantha,HIMATNAGAR,HIMATNAGAR,Gadha,-,-,-,-,-,-,23.70833333,72.94166667,,10-01-2021 00:00,19.82
1773,1773,Gadha,CGWB,24,Gujarat,458,Sabarkantha,HIMATNAGAR,HIMATNAGAR,Gadha,-,-,-,-,-,-,23.70833333,72.94166667,,31-08-2021 06:00,18
1774,1774,Gadha,CGWB,24,Gujarat,458,Sabarkantha,HIMATNAGAR,HIMATNAGAR,Gadha,-,-,-,-,-,-,23.70833333,72.94166667,,30-11-2021 06:00,18.65
1775,1775,Gadha,CGWB,24,Gujarat,458,Sabarkantha,HIMATNAGAR,HIMATNAGAR,Gadha,-,-,-,-,-,-,23.70833333,72.94166667,,30-01-2022 07:00,18.1
1776,1776,Gadha,CGWB,24,Gujarat,458,Sabarkantha,HIMATNAGAR,HIMATNAGAR,Gadha,-,-,-,-,-,-,23.70833333,72.94166667,,30-05-2022 06:00,20.6
1777,1777,Gadha,CGWB,24,Gujarat,458,Sabarkantha,HIMATNAGAR,HIMATNAGAR,Gadha,-,-,-,-,-,-,23.70833333,72.94166667,,30-08-2022 06:00,1
1778,1778,Gadha,CGWB,24,Gujarat,458,Sabarkantha,HIMATNAGAR,HIMATNAGAR,Gadha,-,-,-,-,-,-,23.70833333,72.94166667,,10-11-2022 06:00,21.01
1779,1779,Gadha,CGWB,24,Gujarat,458,Sabarkantha,HIMATNAGAR,HIMATNAGAR,Gadha,-,-,-,-,-,-,23.70833333,72.94166667,,30-05-2023 10:00,12.88
1780,1780,Gadhada1,CGWB,24,Gujarat,443,Bhavnagar,GADHADA,GADHADA,Gadhada,-,-,-,-,-,-,21.96805556,71.58194444,,10-01-2021 00:00,6.25
1781,1781,Gadhada1,CGWB,24,Gujarat,443,Bhavnagar,GADHADA,GADHADA,Gadhada,-,-,-,-,-,-,21.96805556,71.58194444,,31-08-2021 06:00,5.04
1782,1782,Gadhada1,CGWB,24,Gujarat,443,Bhavnagar,GADHADA,GADHADA,Gadhada,-,-,-,-,-,-,21.96805556,71.58194444,,30-11-2021 06:00,4.77
1783,1783,Gadhada1,CGWB,24,Gujarat,443,Bhavnagar,GADHADA,GADHADA,Gadhada,-,-,-,-,-,-,21.96805556,71.58194444,,30-01-2022 07:00,5.27
1784,1784,Gadhada1,CGWB,24,Gujarat,443,Bhavnagar,GADHADA,GADHADA,Gadhada,-,-,-,-,-,-,21.96805556,71.58194444,,30-05-2022 06:00,7.09
1785,1785,Gadhada1,CGWB,24,Gujarat,443,Bhavnagar,GADHADA,GADHADA,Gadhada,-,-,-,-,-,-,21.96805556,71.58194444,,30-05-2023 10:00,7.37
1786,1786,Gadhada2,CGWB,24,Gujarat,443,Bhavnagar,GADHADA,GADHADA,Gadhada,-,-,-,-,-,-,21.96666667,71.57916667,,31-08-2021 06:00,2.92
1787,1787,Gadhada2,CGWB,24,Gujarat,443,Bhavnagar,GADHADA,GADHADA,Gadhada,-,-,-,-,-,-,21.96666667,71.57916667,,30-11-2021 06:00,2.5
1788,1788,Gadhada2,CGWB,24,Gujarat,443,Bhavnagar,GADHADA,GADHADA,Gadhada,-,-,-,-,-,-,21.96666667,71.57916667,,30-01-2022 07:00,2.98
1789,1789,Gadhar,CGWB,24,Gujarat,454,Panchmahals,SANTRAMPUR,SANTRAMPUR,Gadhar,-,-,-,-,-,-,23.15000000,73.77500000,,10-01-2021 00:00,7.6
1790,1790,Gadhar,CGWB,24,Gujarat,454,Panchmahals,SANTRAMPUR,SANTRAMPUR,Gadhar,-,-,-,-,-,-,23.15000000,73.77500000,,31-08-2021 06:00,13.54
1791,1791,Gadhar,CGWB,24,Gujarat,454,Panchmahals,SANTRAMPUR,SANTRAMPUR,Gadhar,-,-,-,-,-,-,23.15000000,73.77500000,,30-11-2021 06:00,6.4
1792,1792,Gadhar,CGWB,24,Gujarat,454,Panchmahals,SANTRAMPUR,SANTRAMPUR,Gadhar,-,-,-,-,-,-,23.15000000,73.77500000,,30-01-2022 07:00,9.4
1793,1793,Gadhar,CGWB,24,Gujarat,454,Panchmahals,SANTRAMPUR,SANTRAMPUR,Gadhar,-,-,-,-,-,-,23.15000000,73.77500000,,30-08-2022 06:00,4.5
1794,1794,Gadhar,CGWB,24,Gujarat,454,Panchmahals,SANTRAMPUR,SANTRAMPUR,Gadhar,-,-,-,-,-,-,23.15000000,73.77500000,,10-11-2022 06:00,4.8
1795,1795,Gadhar,CGWB,24,Gujarat,454,Panchmahals,SANTRAMPUR,SANTRAMPUR,Gadhar,-,-,-,-,-,-,23.15000000,73.77500000,,30-05-2023 10:00,17.949999
1796,1796,Gadhsisa,CGWB,24,Gujarat,449,Kachchh,MANDVI,MANDVI,Gadhsisa,-,-,-,-,-,-,23.10611111,69.34111111,,10-01-2021 00:00,67.01
1797,1797,Gadhsisa,CGWB,24,Gujarat,449,Kachchh,MANDVI,MANDVI,Gadhsisa,-,-,-,-,-,-,23.10611111,69.34111111,,30-05-2022 06:00,69.15
1798,1798,Gadu,CGWB,24,Gujarat,448,Junagadh,MALIA,MALIA,Gadu,-,-,-,-,-,-,21.05416667,70.27916667,,10-01-2021 00:00,25.53
1799,1799,Gadu,CGWB,24,Gujarat,448,Junagadh,MALIA,MALIA,Gadu,-,-,-,-,-,-,21.05416667,70.27916667,,31-08-2021 06:00,24.91
1800,1800,Gadu,CGWB,24,Gujarat,448,Junagadh,MALIA,MALIA,Gadu,-,-,-,-,-,-,21.05416667,70.27916667,,30-11-2021 06:00,18.2
1801,1801,Gadu,CGWB,24,Gujarat,448,Junagadh,MALIA,MALIA,Gadu,-,-,-,-,-,-,21.05416667,70.27916667,,30-01-2022 07:00,23.91
1802,1802,Gadu,CGWB,24,Gujarat,448,Junagadh,MALIA,MALIA,Gadu,-,-,-,-,-,-,21.05416667,70.27916667,,30-05-2022 06:00,35.97
1803,1803,Gadu,CGWB,24,Gujarat,448,Junagadh,MALIA,MALIA,Gadu,-,-,-,-,-,-,21.05416667,70.27916667,,30-08-2022 06:00,11.84
1804,1804,Gadu,CGWB,24,Gujarat,448,Junagadh,MALIA,MALIA,Gadu,-,-,-,-,-,-,21.05416667,70.27916667,,10-11-2022 06:00,21.76
1805,1805,Gadu,CGWB,24,Gujarat,448,Junagadh,MALIA,MALIA,Gadu,-,-,-,-,-,-,21.05416667,70.27916667,,30-05-2023 10:00,36.77
1806,1806,Gagodar,CGWB,24,Gujarat,449,Kachchh,RAPAR,RAPAR,Gagodar,-,-,-,-,-,-,23.41666667,70.80000000,,10-01-2021 00:00,25.78
1807,1807,Gagodar,CGWB,24,Gujarat,449,Kachchh,RAPAR,RAPAR,Gagodar,-,-,-,-,-,-,23.41666667,70.80000000,,31-08-2021 06:00,33
1808,1808,Gagodar,CGWB,24,Gujarat,449,Kachchh,RAPAR,RAPAR,Gagodar,-,-,-,-,-,-,23.41666667,70.80000000,,30-11-2021 06:00,33
1809,1809,Gagodar,CGWB,24,Gujarat,449,Kachchh,RAPAR,RAPAR,Gagodar,-,-,-,-,-,-,23.41666667,70.80000000,,30-01-2022 07:00,25.14
1810,1810,Gagodar,CGWB,24,Gujarat,449,Kachchh,RAPAR,RAPAR,Gagodar,-,-,-,-,-,-,23.41666667,70.80000000,,30-08-2022 06:00,24.56
1811,1811,Gagodar,CGWB,24,Gujarat,449,Kachchh,RAPAR,RAPAR,Gagodar,-,-,-,-,-,-,23.41666667,70.80000000,,10-11-2022 06:00,24.72
1812,1812,Galodar,CGWB,24,Gujarat,448,Junagadh,MALIA,MALIA,Galodar,-,-,-,-,-,-,21.14722222,70.27500000,,10-01-2021 00:00,12.18
1813,1813,Galodar,CGWB,24,Gujarat,448,Junagadh,MALIA,MALIA,Galodar,-,-,-,-,-,-,21.14722222,70.27500000,,31-08-2021 06:00,6.81
1814,1814,Galodar,CGWB,24,Gujarat,448,Junagadh,MALIA,MALIA,Galodar,-,-,-,-,-,-,21.14722222,70.27500000,,30-11-2021 06:00,7.06
1815,1815,Galodar,CGWB,24,Gujarat,448,Junagadh,MALIA,MALIA,Galodar,-,-,-,-,-,-,21.14722222,70.27500000,,30-01-2022 07:00,10.53
1816,1816,Galodar,CGWB,24,Gujarat,448,Junagadh,MALIA,MALIA,Galodar,-,-,-,-,-,-,21.14722222,70.27500000,,30-05-2022 06:00,10.96
1817,1817,Galodar,CGWB,24,Gujarat,448,Junagadh,MALIA,MALIA,Galodar,-,-,-,-,-,-,21.14722222,70.27500000,,30-08-2022 06:00,4.06
1818,1818,Galodar,CGWB,24,Gujarat,448,Junagadh,MALIA,MALIA,Galodar,-,-,-,-,-,-,21.14722222,70.27500000,,10-11-2022 06:00,9.26
1819,1819,Galodar,CGWB,24,Gujarat,448,Junagadh,MALIA,MALIA,Galodar,-,-,-,-,-,-,21.14722222,70.27500000,,30-05-2023 10:00,15.76
1820,1820,Gamda,CGWB,24,Gujarat,460,Surendranagar,DHRANGADHRA,DHRANGADHRA,Gamda,-,-,-,-,-,-,22.89833333,71.55694444,,10-01-2021 00:00,2.16
1821,1821,Gamda,CGWB,24,Gujarat,460,Surendranagar,DHRANGADHRA,DHRANGADHRA,Gamda,-,-,-,-,-,-,22.89833333,71.55694444,,31-08-2021 06:00,2.63
1822,1822,Gamda,CGWB,24,Gujarat,460,Surendranagar,DHRANGADHRA,DHRANGADHRA,Gamda,-,-,-,-,-,-,22.89833333,71.55694444,,30-11-2021 06:00,1.58
1823,1823,Gamda,CGWB,24,Gujarat,460,Surendranagar,DHRANGADHRA,DHRANGADHRA,Gamda,-,-,-,-,-,-,22.89833333,71.55694444,,30-01-2022 07:00,1.96
1824,1824,Gamda,CGWB,24,Gujarat,460,Surendranagar,DHRANGADHRA,DHRANGADHRA,Gamda,-,-,-,-,-,-,22.89833333,71.55694444,,30-05-2022 06:00,3.12
1825,1825,Gamda,CGWB,24,Gujarat,460,Surendranagar,DHRANGADHRA,DHRANGADHRA,Gamda,-,-,-,-,-,-,22.89833333,71.55694444,,10-11-2022 06:00,1.73
1826,1826,Gamda,CGWB,24,Gujarat,460,Surendranagar,DHRANGADHRA,DHRANGADHRA,Gamda,-,-,-,-,-,-,22.89833333,71.55694444,,30-05-2023 10:00,3.6599998
1827,1827,Gamph,CGWB,24,Gujarat,438,Ahmedabad,DHANDHUKA,DHANDHUKA,Gamph,-,-,-,-,-,-,22.35833333,72.16666667,,10-01-2021 00:00,1.3
1828,1828,Gamph,CGWB,24,Gujarat,438,Ahmedabad,DHANDHUKA,DHANDHUKA,Gamph,-,-,-,-,-,-,22.35833333,72.16666667,,31-08-2021 06:00,0.9
1829,1829,Gamph,CGWB,24,Gujarat,438,Ahmedabad,DHANDHUKA,DHANDHUKA,Gamph,-,-,-,-,-,-,22.35833333,72.16666667,,30-11-2021 06:00,0.62
1830,1830,Gamph,CGWB,24,Gujarat,438,Ahmedabad,DHANDHUKA,DHANDHUKA,Gamph,-,-,-,-,-,-,22.35833333,72.16666667,,30-01-2022 07:00,-0.3
1831,1831,Gamph,CGWB,24,Gujarat,438,Ahmedabad,DHANDHUKA,DHANDHUKA,Gamph,-,-,-,-,-,-,22.35833333,72.16666667,,30-05-2022 06:00,1.4
1832,1832,Gamph,CGWB,24,Gujarat,438,Ahmedabad,DHANDHUKA,DHANDHUKA,Gamph,-,-,-,-,-,-,22.35833333,72.16666667,,30-08-2022 06:00,0.92
1833,1833,Gamph,CGWB,24,Gujarat,438,Ahmedabad,DHANDHUKA,DHANDHUKA,Gamph,-,-,-,-,-,-,22.35833333,72.16666667,,10-11-2022 06:00,1.42
1834,1834,Gamph,CGWB,24,Gujarat,438,Ahmedabad,DHANDHUKA,DHANDHUKA,Gamph,-,-,-,-,-,-,22.35833333,72.16666667,,01-01-2023 00:00,2.98
1835,1835,Gamph,CGWB,24,Gujarat,438,Ahmedabad,DHANDHUKA,DHANDHUKA,Gamph,-,-,-,-,-,-,22.35833333,72.16666667,,10-01-2023 18:00,1.88
1836,1836,Ganapipli,CGWB,24,Gujarat,441,Banaskantha,DANTA,DANTA,Ganapipli,-,-,-,-,-,-,24.29722222,72.94722222,,10-01-2021 00:00,9.95
1837,1837,Ganapipli,CGWB,24,Gujarat,441,Banaskantha,DANTA,DANTA,Ganapipli,-,-,-,-,-,-,24.29722222,72.94722222,,31-08-2021 06:00,7.82
1838,1838,Ganapipli,CGWB,24,Gujarat,441,Banaskantha,DANTA,DANTA,Ganapipli,-,-,-,-,-,-,24.29722222,72.94722222,,30-11-2021 06:00,7.84
1839,1839,Ganapipli,CGWB,24,Gujarat,441,Banaskantha,DANTA,DANTA,Ganapipli,-,-,-,-,-,-,24.29722222,72.94722222,,30-01-2022 07:00,7.56
1840,1840,Ganapipli,CGWB,24,Gujarat,441,Banaskantha,DANTA,DANTA,Ganapipli,-,-,-,-,-,-,24.29722222,72.94722222,,30-05-2022 06:00,11.25
1841,1841,Ganapipli,CGWB,24,Gujarat,441,Banaskantha,DANTA,DANTA,Ganapipli,-,-,-,-,-,-,24.29722222,72.94722222,,30-08-2022 06:00,6.4
1842,1842,Ganapipli,CGWB,24,Gujarat,441,Banaskantha,DANTA,DANTA,Ganapipli,-,-,-,-,-,-,24.29722222,72.94722222,,10-11-2022 06:00,9.17
1843,1843,Ganapipli,CGWB,24,Gujarat,441,Banaskantha,DANTA,DANTA,Ganapipli,-,-,-,-,-,-,24.29722222,72.94722222,,01-01-2023 00:00,7.73
1844,1844,Ganapipli,CGWB,24,Gujarat,441,Banaskantha,DANTA,DANTA,Ganapipli,-,-,-,-,-,-,24.29722222,72.94722222,,30-05-2023 10:00,9.259999
1845,1845,Gandhinagar,CGWB,24,Gujarat,459,Surat,UCHCHHAL,UCHCHHAL,Gandhinagar,-,-,-,-,-,-,21.16416667,73.69555556,,10-01-2021 00:00,2.13
1846,1846,Gandhinagar,CGWB,24,Gujarat,459,Surat,UCHCHHAL,UCHCHHAL,Gandhinagar,-,-,-,-,-,-,21.16416667,73.69555556,,30-08-2023 18:00,2.81
1847,1847,Gandhinagar  II,CGWB,24,Gujarat,446,Gandhinagar,GANDHINAGAR,GANDHINAGAR,Gandhinagar  II,-,-,-,-,-,-,23.23472222,72.64166667,,31-08-2021 06:00,60.07
1848,1848,Gandhinagar  II,CGWB,24,Gujarat,446,Gandhinagar,GANDHINAGAR,GANDHINAGAR,Gandhinagar  II,-,-,-,-,-,-,23.23472222,72.64166667,,30-11-2021 06:00,60.37
1849,1849,Gandhinagar  II,CGWB,24,Gujarat,446,Gandhinagar,GANDHINAGAR,GANDHINAGAR,Gandhinagar  II,-,-,-,-,-,-,23.23472222,72.64166667,,30-01-2022 07:00,55.4
1850,1850,Gandhinagar  II,CGWB,24,Gujarat,446,Gandhinagar,GANDHINAGAR,GANDHINAGAR,Gandhinagar  II,-,-,-,-,-,-,23.23472222,72.64166667,,30-05-2022 06:00,42
1851,1851,Gandhinagar  II,CGWB,24,Gujarat,446,Gandhinagar,GANDHINAGAR,GANDHINAGAR,Gandhinagar  II,-,-,-,-,-,-,23.23472222,72.64166667,,30-08-2022 06:00,52.08
1852,1852,Gandhinagar  II,CGWB,24,Gujarat,446,Gandhinagar,GANDHINAGAR,GANDHINAGAR,Gandhinagar  II,-,-,-,-,-,-,23.23472222,72.64166667,,10-11-2022 06:00,52.43
1853,1853,Gandhinagar  II,CGWB,24,Gujarat,446,Gandhinagar,GANDHINAGAR,GANDHINAGAR,Gandhinagar  II,-,-,-,-,-,-,23.23472222,72.64166667,,10-01-2023 18:00,6.91
1854,1854,Gandhinagar  II,CGWB,24,Gujarat,446,Gandhinagar,GANDHINAGAR,GANDHINAGAR,Gandhinagar  II,-,-,-,-,-,-,23.23472222,72.64166667,,30-05-2023 10:00,64.88
1855,1855,Gangadhra,CGWB,24,Gujarat,459,Surat,PALSANA,PALSANA,Gangadhra,-,-,-,-,-,-,21.11861111,73.07527778,,10-01-2021 00:00,5.47
1856,1856,Gangadhra,CGWB,24,Gujarat,459,Surat,PALSANA,PALSANA,Gangadhra,-,-,-,-,-,-,21.11861111,73.07527778,,31-08-2021 06:00,5.31
1857,1857,Gangadhra,CGWB,24,Gujarat,459,Surat,PALSANA,PALSANA,Gangadhra,-,-,-,-,-,-,21.11861111,73.07527778,,30-11-2021 06:00,3.85
1858,1858,Gangadhra,CGWB,24,Gujarat,459,Surat,PALSANA,PALSANA,Gangadhra,-,-,-,-,-,-,21.11861111,73.07527778,,30-01-2022 07:00,5.75
1859,1859,Gangadhra,CGWB,24,Gujarat,459,Surat,PALSANA,PALSANA,Gangadhra,-,-,-,-,-,-,21.11861111,73.07527778,,30-08-2022 06:00,3.55
1860,1860,Gangadhra,CGWB,24,Gujarat,459,Surat,PALSANA,PALSANA,Gangadhra,-,-,-,-,-,-,21.11861111,73.07527778,,30-08-2023 18:00,5.6
1861,1861,Gangda_Pz,CGWB,24,Gujarat,448,Junagadh,UNA,UNA,Gangda,-,-,-,-,-,-,20.85833333,71.16666667,,10-01-2021 00:00,2.92
1862,1862,Gangda_Pz,CGWB,24,Gujarat,448,Junagadh,UNA,UNA,Gangda,-,-,-,-,-,-,20.85833333,71.16666667,,31-08-2021 06:00,1.56
1863,1863,Gangda_Pz,CGWB,24,Gujarat,448,Junagadh,UNA,UNA,Gangda,-,-,-,-,-,-,20.85833333,71.16666667,,30-11-2021 06:00,2.15
1864,1864,Gangda_Pz,CGWB,24,Gujarat,448,Junagadh,UNA,UNA,Gangda,-,-,-,-,-,-,20.85833333,71.16666667,,30-01-2022 07:00,2.53
1865,1865,Gangda_Pz,CGWB,24,Gujarat,448,Junagadh,UNA,UNA,Gangda,-,-,-,-,-,-,20.85833333,71.16666667,,30-05-2022 06:00,4.55
1866,1866,Gangda_Pz,CGWB,24,Gujarat,448,Junagadh,UNA,UNA,Gangda,-,-,-,-,-,-,20.85833333,71.16666667,,10-11-2022 06:00,2.35
1867,1867,Gangda_Pz,CGWB,24,Gujarat,448,Junagadh,UNA,UNA,Gangda,-,-,-,-,-,-,20.85833333,71.16666667,,30-05-2023 10:00,5.82
1868,1868,Gangodra,CGWB,24,Gujarat,441,Banaskantha,DANTIWADA,DANTIWADA,Gangodra,-,-,-,-,-,-,24.43611111,72.36527778,,10-01-2021 00:00,17.37
1869,1869,Gangodra,CGWB,24,Gujarat,441,Banaskantha,DANTIWADA,DANTIWADA,Gangodra,-,-,-,-,-,-,24.43611111,72.36527778,,31-08-2021 06:00,21.96
1870,1870,Gangodra,CGWB,24,Gujarat,441,Banaskantha,DANTIWADA,DANTIWADA,Gangodra,-,-,-,-,-,-,24.43611111,72.36527778,,30-11-2021 06:00,19.93
1871,1871,Gangodra,CGWB,24,Gujarat,441,Banaskantha,DANTIWADA,DANTIWADA,Gangodra,-,-,-,-,-,-,24.43611111,72.36527778,,30-01-2022 07:00,23.66
1872,1872,Gangodra,CGWB,24,Gujarat,441,Banaskantha,DANTIWADA,DANTIWADA,Gangodra,-,-,-,-,-,-,24.43611111,72.36527778,,30-05-2022 06:00,22.5
1873,1873,Gangodra,CGWB,24,Gujarat,441,Banaskantha,DANTIWADA,DANTIWADA,Gangodra,-,-,-,-,-,-,24.43611111,72.36527778,,30-08-2022 06:00,13.2
1874,1874,Gangodra,CGWB,24,Gujarat,441,Banaskantha,DANTIWADA,DANTIWADA,Gangodra,-,-,-,-,-,-,24.43611111,72.36527778,,10-11-2022 06:00,19.16
1875,1875,Gangodra,CGWB,24,Gujarat,441,Banaskantha,DANTIWADA,DANTIWADA,Gangodra,-,-,-,-,-,-,24.43611111,72.36527778,,01-01-2023 00:00,19.98
1876,1876,Gangodra,CGWB,24,Gujarat,441,Banaskantha,DANTIWADA,DANTIWADA,Gangodra,-,-,-,-,-,-,24.43611111,72.36527778,,30-05-2023 10:00,23.38
1877,1877,Gangtha,CGWB,24,Gujarat,459,Surat,MANGROL,MANGROL,Gangtha,-,-,-,-,-,-,21.52500000,74.00000000,,31-08-2021 06:00,4.76
1878,1878,Gangtha,CGWB,24,Gujarat,459,Surat,MANGROL,MANGROL,Gangtha,-,-,-,-,-,-,21.52500000,74.00000000,,30-11-2021 06:00,4.3
1879,1879,Gangtha,CGWB,24,Gujarat,459,Surat,MANGROL,MANGROL,Gangtha,-,-,-,-,-,-,21.52500000,74.00000000,,30-01-2022 07:00,4.6
1880,1880,Ganod,CGWB,24,Gujarat,457,Rajkot,UPLETA,UPLETA,Ganod,-,-,-,-,-,-,21.67500000,70.17916667,,10-01-2021 00:00,3.7
1881,1881,Ganod,CGWB,24,Gujarat,457,Rajkot,UPLETA,UPLETA,Ganod,-,-,-,-,-,-,21.67500000,70.17916667,,31-08-2021 06:00,0.36
1882,1882,Ganod,CGWB,24,Gujarat,457,Rajkot,UPLETA,UPLETA,Ganod,-,-,-,-,-,-,21.67500000,70.17916667,,30-11-2021 06:00,2.4
1883,1883,Ganod,CGWB,24,Gujarat,457,Rajkot,UPLETA,UPLETA,Ganod,-,-,-,-,-,-,21.67500000,70.17916667,,30-01-2022 07:00,12
1884,1884,Ganod,CGWB,24,Gujarat,457,Rajkot,UPLETA,UPLETA,Ganod,-,-,-,-,-,-,21.67500000,70.17916667,,30-05-2022 06:00,5.7
1885,1885,Ganod,CGWB,24,Gujarat,457,Rajkot,UPLETA,UPLETA,Ganod,-,-,-,-,-,-,21.67500000,70.17916667,,30-08-2022 06:00,1.12
1886,1886,Ganod,CGWB,24,Gujarat,457,Rajkot,UPLETA,UPLETA,Ganod,-,-,-,-,-,-,21.67500000,70.17916667,,10-11-2022 06:00,3.86
1887,1887,Ganod,CGWB,24,Gujarat,457,Rajkot,UPLETA,UPLETA,Ganod,-,-,-,-,-,-,21.67500000,70.17916667,,30-05-2023 10:00,4.86
1888,1888,Garada,CGWB,24,Gujarat,445,Dohad,JHALOD,JHALOD,Garada,-,-,-,-,-,-,23.16472222,74.12277778,,30-11-2021 06:00,4.6
1889,1889,Garada,CGWB,24,Gujarat,445,Dohad,JHALOD,JHALOD,Garada,-,-,-,-,-,-,23.16472222,74.12277778,,30-01-2022 07:00,2.15
1890,1890,Garada,CGWB,24,Gujarat,445,Dohad,JHALOD,JHALOD,Garada,-,-,-,-,-,-,23.16472222,74.12277778,,30-05-2022 06:00,8.13
1891,1891,Garada,CGWB,24,Gujarat,445,Dohad,JHALOD,JHALOD,Garada,-,-,-,-,-,-,23.16472222,74.12277778,,30-05-2023 10:00,
1892,1892,Garbara,CGWB,24,Gujarat,445,Dohad,GARBADA,GARBADA,Garbara,-,-,-,-,-,-,22.68055556,74.31250000,,10-01-2021 00:00,1.71
1893,1893,Garbara,CGWB,24,Gujarat,445,Dohad,GARBADA,GARBADA,Garbara,-,-,-,-,-,-,22.68055556,74.31250000,,31-08-2021 06:00,3.62
1894,1894,Garbara,CGWB,24,Gujarat,445,Dohad,GARBADA,GARBADA,Garbara,-,-,-,-,-,-,22.68055556,74.31250000,,30-11-2021 06:00,2
1895,1895,Garbara,CGWB,24,Gujarat,445,Dohad,GARBADA,GARBADA,Garbara,-,-,-,-,-,-,22.68055556,74.31250000,,30-01-2022 07:00,1.75
1896,1896,Garbara,CGWB,24,Gujarat,445,Dohad,GARBADA,GARBADA,Garbara,-,-,-,-,-,-,22.68055556,74.31250000,,30-05-2022 06:00,3.95
1897,1897,Garbara,CGWB,24,Gujarat,445,Dohad,GARBADA,GARBADA,Garbara,-,-,-,-,-,-,22.68055556,74.31250000,,30-08-2022 06:00,0.57
1898,1898,Garbara,CGWB,24,Gujarat,445,Dohad,GARBADA,GARBADA,Garbara,-,-,-,-,-,-,22.68055556,74.31250000,,10-11-2022 06:00,0.75
1899,1899,Garbara,CGWB,24,Gujarat,445,Dohad,GARBADA,GARBADA,Garbara,-,-,-,-,-,-,22.68055556,74.31250000,,10-01-2023 18:00,1.02
1900,1900,Gariyadhar,CGWB,24,Gujarat,443,Bhavnagar,GARIADHAR,GARIADHAR,Gariyadhar,-,-,-,-,-,-,21.54305556,71.56527778,,10-01-2021 00:00,6.85
1901,1901,Gariyadhar,CGWB,24,Gujarat,443,Bhavnagar,GARIADHAR,GARIADHAR,Gariyadhar,-,-,-,-,-,-,21.54305556,71.56527778,,31-08-2021 06:00,3.29
1902,1902,Gariyadhar,CGWB,24,Gujarat,443,Bhavnagar,GARIADHAR,GARIADHAR,Gariyadhar,-,-,-,-,-,-,21.54305556,71.56527778,,30-11-2021 06:00,5.2
1903,1903,Gariyadhar,CGWB,24,Gujarat,443,Bhavnagar,GARIADHAR,GARIADHAR,Gariyadhar,-,-,-,-,-,-,21.54305556,71.56527778,,30-01-2022 07:00,8.27
1904,1904,Gariyadhar,CGWB,24,Gujarat,443,Bhavnagar,GARIADHAR,GARIADHAR,Gariyadhar,-,-,-,-,-,-,21.54305556,71.56527778,,30-05-2022 06:00,11.3
1905,1905,Gariyadhar,CGWB,24,Gujarat,443,Bhavnagar,GARIADHAR,GARIADHAR,Gariyadhar,-,-,-,-,-,-,21.54305556,71.56527778,,30-08-2022 06:00,4.17
1906,1906,Gariyadhar,CGWB,24,Gujarat,443,Bhavnagar,GARIADHAR,GARIADHAR,Gariyadhar,-,-,-,-,-,-,21.54305556,71.56527778,,10-11-2022 06:00,9.5
1907,1907,Gariyadhar,CGWB,24,Gujarat,443,Bhavnagar,GARIADHAR,GARIADHAR,Gariyadhar,-,-,-,-,-,-,21.54305556,71.56527778,,30-05-2023 10:00,24.54
1908,1908,Garudeshwar,CGWB,24,Gujarat,452,Narmada,NANDOD,NANDOD,Garudeshwar,-,-,-,-,-,-,21.89166667,73.65000000,,10-01-2021 00:00,9.65
1909,1909,Garudeshwar,CGWB,24,Gujarat,452,Narmada,NANDOD,NANDOD,Garudeshwar,-,-,-,-,-,-,21.89166667,73.65000000,,31-08-2021 06:00,11.7
1910,1910,Garudeshwar,CGWB,24,Gujarat,452,Narmada,NANDOD,NANDOD,Garudeshwar,-,-,-,-,-,-,21.89166667,73.65000000,,30-11-2021 06:00,9.9
1911,1911,Garudeshwar,CGWB,24,Gujarat,452,Narmada,NANDOD,NANDOD,Garudeshwar,-,-,-,-,-,-,21.89166667,73.65000000,,30-01-2022 07:00,8.14
1912,1912,Garudeshwar,CGWB,24,Gujarat,452,Narmada,NANDOD,NANDOD,Garudeshwar,-,-,-,-,-,-,21.89166667,73.65000000,,30-05-2022 06:00,11.61
1913,1913,Garudeshwar,CGWB,24,Gujarat,452,Narmada,NANDOD,NANDOD,Garudeshwar,-,-,-,-,-,-,21.89166667,73.65000000,,30-08-2022 06:00,7.75
1914,1914,Garudeshwar,CGWB,24,Gujarat,452,Narmada,NANDOD,NANDOD,Garudeshwar,-,-,-,-,-,-,21.89166667,73.65000000,,10-11-2022 06:00,9.32
1915,1915,Garudeshwar,CGWB,24,Gujarat,452,Narmada,NANDOD,NANDOD,Garudeshwar,-,-,-,-,-,-,21.89166667,73.65000000,,30-05-2023 10:00,11.48
1916,1916,Ghamodi,CGWB,24,Gujarat,461,Vadodara,CHHOTA UDAIPUR,CHHOTA UDAIPUR,Ghamodi,-,-,-,-,-,-,22.36666667,74.07500000,,10-01-2021 00:00,5.65
1917,1917,Ghamodi,CGWB,24,Gujarat,461,Vadodara,CHHOTA UDAIPUR,CHHOTA UDAIPUR,Ghamodi,-,-,-,-,-,-,22.36666667,74.07500000,,31-08-2021 06:00,6.05
1918,1918,Ghamodi,CGWB,24,Gujarat,461,Vadodara,CHHOTA UDAIPUR,CHHOTA UDAIPUR,Ghamodi,-,-,-,-,-,-,22.36666667,74.07500000,,30-11-2021 06:00,8.95
1919,1919,Ghamodi,CGWB,24,Gujarat,461,Vadodara,CHHOTA UDAIPUR,CHHOTA UDAIPUR,Ghamodi,-,-,-,-,-,-,22.36666667,74.07500000,,30-01-2022 07:00,4.3
1920,1920,Ghamodi,CGWB,24,Gujarat,461,Vadodara,CHHOTA UDAIPUR,CHHOTA UDAIPUR,Ghamodi,-,-,-,-,-,-,22.36666667,74.07500000,,30-05-2022 06:00,8.72
1921,1921,Ghamodi,CGWB,24,Gujarat,461,Vadodara,CHHOTA UDAIPUR,CHHOTA UDAIPUR,Ghamodi,-,-,-,-,-,-,22.36666667,74.07500000,,30-08-2022 06:00,2.7
1922,1922,Ghamodi,CGWB,24,Gujarat,461,Vadodara,CHHOTA UDAIPUR,CHHOTA UDAIPUR,Ghamodi,-,-,-,-,-,-,22.36666667,74.07500000,,10-11-2022 06:00,4.23
1923,1923,Ghamodi,CGWB,24,Gujarat,461,Vadodara,CHHOTA UDAIPUR,CHHOTA UDAIPUR,Ghamodi,-,-,-,-,-,-,22.36666667,74.07500000,,30-05-2023 10:00,10.75
1924,1924,Ghansyam Gadh,CGWB,24,Gujarat,460,Surendranagar,DHRANGADHRA,DHRANGADHRA,Ghansyam Gadh,-,-,-,-,-,-,23.10666667,71.48416667,,30-11-2021 06:00,0.88
1925,1925,Ghansyam Gadh,CGWB,24,Gujarat,460,Surendranagar,DHRANGADHRA,DHRANGADHRA,Ghansyam Gadh,-,-,-,-,-,-,23.10666667,71.48416667,,30-01-2022 07:00,2
1926,1926,Ghayaj ii,CGWB,24,Gujarat,461,Vadodara,PADRA,PADRA,Ghayaj ii,-,-,-,-,-,-,22.23333333,73.05416667,,10-01-2021 00:00,22.4
1927,1927,Ghayaj ii,CGWB,24,Gujarat,461,Vadodara,PADRA,PADRA,Ghayaj ii,-,-,-,-,-,-,22.23333333,73.05416667,,31-08-2021 06:00,20.9
1928,1928,Ghayaj ii,CGWB,24,Gujarat,461,Vadodara,PADRA,PADRA,Ghayaj ii,-,-,-,-,-,-,22.23333333,73.05416667,,30-11-2021 06:00,21.35
1929,1929,Ghayaj ii,CGWB,24,Gujarat,461,Vadodara,PADRA,PADRA,Ghayaj ii,-,-,-,-,-,-,22.23333333,73.05416667,,30-01-2022 07:00,23.48
1930,1930,Ghayaj ii,CGWB,24,Gujarat,461,Vadodara,PADRA,PADRA,Ghayaj ii,-,-,-,-,-,-,22.23333333,73.05416667,,30-05-2022 06:00,24.13
1931,1931,Ghayaj ii,CGWB,24,Gujarat,461,Vadodara,PADRA,PADRA,Ghayaj ii,-,-,-,-,-,-,22.23333333,73.05416667,,30-08-2022 06:00,15.42
1932,1932,Ghayaj ii,CGWB,24,Gujarat,461,Vadodara,PADRA,PADRA,Ghayaj ii,-,-,-,-,-,-,22.23333333,73.05416667,,10-11-2022 06:00,22.4
1933,1933,Ghogha,CGWB,24,Gujarat,443,Bhavnagar,GHOGHA,GHOGHA,Ghogha,-,-,-,-,-,-,21.68138889,72.27694444,,30-08-2022 06:00,2.05
1934,1934,Ghogha,CGWB,24,Gujarat,443,Bhavnagar,GHOGHA,GHOGHA,Ghogha,-,-,-,-,-,-,21.68138889,72.27694444,,30-05-2023 10:00,3.83
1935,1935,Ghogha1,CGWB,24,Gujarat,443,Bhavnagar,GHOGHA,GHOGHA,Ghogha,-,-,-,-,-,-,21.68333333,72.27916667,,10-01-2021 00:00,2.12
1936,1936,Ghogha1,CGWB,24,Gujarat,443,Bhavnagar,GHOGHA,GHOGHA,Ghogha,-,-,-,-,-,-,21.68333333,72.27916667,,31-08-2021 06:00,1.2
1937,1937,Ghogha1,CGWB,24,Gujarat,443,Bhavnagar,GHOGHA,GHOGHA,Ghogha,-,-,-,-,-,-,21.68333333,72.27916667,,30-11-2021 06:00,0.6
1938,1938,Ghogha1,CGWB,24,Gujarat,443,Bhavnagar,GHOGHA,GHOGHA,Ghogha,-,-,-,-,-,-,21.68333333,72.27916667,,30-01-2022 07:00,1.73
1939,1939,Ghogha1,CGWB,24,Gujarat,443,Bhavnagar,GHOGHA,GHOGHA,Ghogha,-,-,-,-,-,-,21.68333333,72.27916667,,30-05-2022 06:00,1.8
1940,1940,Ghogha1,CGWB,24,Gujarat,443,Bhavnagar,GHOGHA,GHOGHA,Ghogha,-,-,-,-,-,-,21.68333333,72.27916667,,10-11-2022 06:00,2.74
1941,1941,Ghora,CGWB,24,Gujarat,440,Anand,UMRETH,UMRETH,Ghora,-,-,-,-,-,-,22.69166667,73.05416667,,10-01-2021 00:00,4.66
1942,1942,Ghora,CGWB,24,Gujarat,440,Anand,UMRETH,UMRETH,Ghora,-,-,-,-,-,-,22.69166667,73.05416667,,31-08-2021 06:00,4.26
1943,1943,Ghora,CGWB,24,Gujarat,440,Anand,UMRETH,UMRETH,Ghora,-,-,-,-,-,-,22.69166667,73.05416667,,30-11-2021 06:00,2.6
1944,1944,Ghora,CGWB,24,Gujarat,440,Anand,UMRETH,UMRETH,Ghora,-,-,-,-,-,-,22.69166667,73.05416667,,30-01-2022 07:00,3.01
1945,1945,Ghora,CGWB,24,Gujarat,440,Anand,UMRETH,UMRETH,Ghora,-,-,-,-,-,-,22.69166667,73.05416667,,30-05-2022 06:00,5.82
1946,1946,Ghora,CGWB,24,Gujarat,440,Anand,UMRETH,UMRETH,Ghora,-,-,-,-,-,-,22.69166667,73.05416667,,30-08-2022 06:00,1.73
1947,1947,Ghora,CGWB,24,Gujarat,440,Anand,UMRETH,UMRETH,Ghora,-,-,-,-,-,-,22.69166667,73.05416667,,10-11-2022 06:00,2.93
1948,1948,Ghora,CGWB,24,Gujarat,440,Anand,UMRETH,UMRETH,Ghora,-,-,-,-,-,-,22.69166667,73.05416667,,01-01-2023 00:00,4.08
1949,1949,Ghora,CGWB,24,Gujarat,440,Anand,UMRETH,UMRETH,Ghora,-,-,-,-,-,-,22.69166667,73.05416667,,30-05-2023 10:00,5.2599998
1950,1950,Ghubita,CGWB,24,Gujarat,444,Dang,The dangs,The dangs,Ghubita,-,-,-,-,-,-,20.80000000,73.73750000,,10-01-2021 00:00,0.66
1951,1951,Ghubita,CGWB,24,Gujarat,444,Dang,The dangs,The dangs,Ghubita,-,-,-,-,-,-,20.80000000,73.73750000,,31-08-2021 06:00,1.6
1952,1952,Ghubita,CGWB,24,Gujarat,444,Dang,The dangs,The dangs,Ghubita,-,-,-,-,-,-,20.80000000,73.73750000,,30-11-2021 06:00,0.55
1953,1953,Ghubita,CGWB,24,Gujarat,444,Dang,The dangs,The dangs,Ghubita,-,-,-,-,-,-,20.80000000,73.73750000,,30-01-2022 07:00,0.65
1954,1954,Ghubita,CGWB,24,Gujarat,444,Dang,The dangs,The dangs,Ghubita,-,-,-,-,-,-,20.80000000,73.73750000,,30-05-2022 06:00,1.91
1955,1955,Ghubita,CGWB,24,Gujarat,444,Dang,The dangs,The dangs,Ghubita,-,-,-,-,-,-,20.80000000,73.73750000,,30-08-2022 06:00,0.4
1956,1956,Ghubita,CGWB,24,Gujarat,444,Dang,The dangs,The dangs,Ghubita,-,-,-,-,-,-,20.80000000,73.73750000,,10-11-2022 06:00,0.5
1957,1957,Ghubita,CGWB,24,Gujarat,444,Dang,The dangs,The dangs,Ghubita,-,-,-,-,-,-,20.80000000,73.73750000,,30-05-2023 10:00,3.06
1958,1958,Ghubita,CGWB,24,Gujarat,444,Dang,The dangs,The dangs,Ghubita,-,-,-,-,-,-,20.80000000,73.73750000,,30-08-2023 18:00,0.85
1959,1959,Ghuma,CGWB,24,Gujarat,438,Ahmedabad,DASKROI,DASKROI,Ghuma,-,-,-,-,-,-,23.03333333,72.44583333,,31-08-2021 06:00,2.7
1960,1960,Ghuma,CGWB,24,Gujarat,438,Ahmedabad,DASKROI,DASKROI,Ghuma,-,-,-,-,-,-,23.03333333,72.44583333,,30-11-2021 06:00,3.3
1961,1961,Ghuma,CGWB,24,Gujarat,438,Ahmedabad,DASKROI,DASKROI,Ghuma,-,-,-,-,-,-,23.03333333,72.44583333,,30-01-2022 07:00,2.45
1962,1962,Ghuma,CGWB,24,Gujarat,438,Ahmedabad,DASKROI,DASKROI,Ghuma,-,-,-,-,-,-,23.03333333,72.44583333,,30-05-2022 06:00,3.99
1963,1963,Ghuma,CGWB,24,Gujarat,438,Ahmedabad,DASKROI,DASKROI,Ghuma,-,-,-,-,-,-,23.03333333,72.44583333,,30-08-2022 06:00,2.55
1964,1964,Ghuma,CGWB,24,Gujarat,438,Ahmedabad,DASKROI,DASKROI,Ghuma,-,-,-,-,-,-,23.03333333,72.44583333,,10-11-2022 06:00,2.76
1965,1965,Ghuma_Pz_II,CGWB,24,Gujarat,438,Ahmedabad,DASKROI,DASKROI,Ghuma,-,-,-,-,-,-,23.03388889,72.44972222,,01-01-2023 00:00,3.43
1966,1966,Ghuma_Pz_II,CGWB,24,Gujarat,438,Ahmedabad,DASKROI,DASKROI,Ghuma,-,-,-,-,-,-,23.03388889,72.44972222,,10-01-2023 18:00,2.67
1967,1967,Girgadhada,CGWB,24,Gujarat,448,Junagadh,UNA,UNA,Girgadhada,-,-,-,-,-,-,20.92500000,70.91666667,,10-01-2021 00:00,17.82
1968,1968,Girgadhada,CGWB,24,Gujarat,448,Junagadh,UNA,UNA,Girgadhada,-,-,-,-,-,-,20.92500000,70.91666667,,31-08-2021 06:00,0.96
1969,1969,Girgadhada,CGWB,24,Gujarat,448,Junagadh,UNA,UNA,Girgadhada,-,-,-,-,-,-,20.92500000,70.91666667,,30-11-2021 06:00,3
1970,1970,Girgadhada,CGWB,24,Gujarat,448,Junagadh,UNA,UNA,Girgadhada,-,-,-,-,-,-,20.92500000,70.91666667,,30-01-2022 07:00,4.33
1971,1971,Girgadhada,CGWB,24,Gujarat,448,Junagadh,UNA,UNA,Girgadhada,-,-,-,-,-,-,20.92500000,70.91666667,,30-05-2022 06:00,8.4
1972,1972,Girgadhada,CGWB,24,Gujarat,448,Junagadh,UNA,UNA,Girgadhada,-,-,-,-,-,-,20.92500000,70.91666667,,30-08-2022 06:00,1.82
1973,1973,Girgadhada,CGWB,24,Gujarat,448,Junagadh,UNA,UNA,Girgadhada,-,-,-,-,-,-,20.92500000,70.91666667,,30-05-2023 10:00,9.73
1974,1974,Godhra2,CGWB,24,Gujarat,454,Panchmahals,GODHRA,GODHRA,Godhra,-,-,-,-,-,-,22.77083333,73.63333333,,31-08-2021 06:00,9.74
1975,1975,Godhra2,CGWB,24,Gujarat,454,Panchmahals,GODHRA,GODHRA,Godhra,-,-,-,-,-,-,22.77083333,73.63333333,,30-11-2021 06:00,7.04
1976,1976,Godhra2,CGWB,24,Gujarat,454,Panchmahals,GODHRA,GODHRA,Godhra,-,-,-,-,-,-,22.77083333,73.63333333,,30-01-2022 07:00,8.14
1977,1977,Godhra2,CGWB,24,Gujarat,454,Panchmahals,GODHRA,GODHRA,Godhra,-,-,-,-,-,-,22.77083333,73.63333333,,30-05-2022 06:00,7.34
1978,1978,Godhra2,CGWB,24,Gujarat,454,Panchmahals,GODHRA,GODHRA,Godhra,-,-,-,-,-,-,22.77083333,73.63333333,,30-08-2022 06:00,8.01
1979,1979,Godhra2,CGWB,24,Gujarat,454,Panchmahals,GODHRA,GODHRA,Godhra,-,-,-,-,-,-,22.77083333,73.63333333,,10-11-2022 06:00,1.84
1980,1980,Godhra2,CGWB,24,Gujarat,454,Panchmahals,GODHRA,GODHRA,Godhra,-,-,-,-,-,-,22.77083333,73.63333333,,10-01-2023 18:00,2.06
1981,1981,Godhra2,CGWB,24,Gujarat,454,Panchmahals,GODHRA,GODHRA,Godhra,-,-,-,-,-,-,22.77083333,73.63333333,,30-05-2023 10:00,10.44
1982,1982,Godhra_UR1,CGWB,24,Gujarat,454,Panchmahals,GODHRA,GODHRA,Godhra,-,-,-,-,-,-,22.79277778,73.60666667,,10-01-2021 00:00,2.73
1983,1983,Godhra_UR1,CGWB,24,Gujarat,454,Panchmahals,GODHRA,GODHRA,Godhra,-,-,-,-,-,-,22.79277778,73.60666667,,31-08-2021 06:00,5.2
1984,1984,Godhra_UR1,CGWB,24,Gujarat,454,Panchmahals,GODHRA,GODHRA,Godhra,-,-,-,-,-,-,22.79277778,73.60666667,,30-11-2021 06:00,3.48
1985,1985,Godhra_UR1,CGWB,24,Gujarat,454,Panchmahals,GODHRA,GODHRA,Godhra,-,-,-,-,-,-,22.79277778,73.60666667,,30-01-2022 07:00,4.13
1986,1986,Godhra_UR1,CGWB,24,Gujarat,454,Panchmahals,GODHRA,GODHRA,Godhra,-,-,-,-,-,-,22.79277778,73.60666667,,30-08-2022 06:00,2.33
1987,1987,Godhra_UR1,CGWB,24,Gujarat,454,Panchmahals,GODHRA,GODHRA,Godhra,-,-,-,-,-,-,22.79277778,73.60666667,,10-11-2022 06:00,5.93
1988,1988,Godhra_UR1,CGWB,24,Gujarat,454,Panchmahals,GODHRA,GODHRA,Godhra,-,-,-,-,-,-,22.79277778,73.60666667,,10-01-2023 18:00,6.77
1989,1989,Godhra_UR1,CGWB,24,Gujarat,454,Panchmahals,GODHRA,GODHRA,Godhra,-,-,-,-,-,-,22.79277778,73.60666667,,30-05-2023 10:00,5.48
1990,1990,Godhra_UR2,CGWB,24,Gujarat,454,Panchmahals,GODHRA,GODHRA,Godhra,-,-,-,-,-,-,22.76916667,73.59111111,,10-01-2021 00:00,4.05
1991,1991,Godhra_UR2,CGWB,24,Gujarat,454,Panchmahals,GODHRA,GODHRA,Godhra,-,-,-,-,-,-,22.76916667,73.59111111,,30-11-2021 06:00,4.9
1992,1992,Godhra_UR2,CGWB,24,Gujarat,454,Panchmahals,GODHRA,GODHRA,Godhra,-,-,-,-,-,-,22.76916667,73.59111111,,30-05-2022 06:00,9.75
1993,1993,Godhra_UR2,CGWB,24,Gujarat,454,Panchmahals,GODHRA,GODHRA,Godhra,-,-,-,-,-,-,22.76916667,73.59111111,,30-08-2022 06:00,2.55
1994,1994,Godhra_UR2,CGWB,24,Gujarat,454,Panchmahals,GODHRA,GODHRA,Godhra,-,-,-,-,-,-,22.76916667,73.59111111,,10-11-2022 06:00,3.15
1995,1995,Godhra_UR3,CGWB,24,Gujarat,454,Panchmahals,GODHRA,GODHRA,Godhra,-,-,-,-,-,-,22.78000000,73.60694444,,10-01-2021 00:00,5.88
1996,1996,Godhra_UR3,CGWB,24,Gujarat,454,Panchmahals,GODHRA,GODHRA,Godhra,-,-,-,-,-,-,22.78000000,73.60694444,,31-08-2021 06:00,0.88
1997,1997,Godhra_UR3,CGWB,24,Gujarat,454,Panchmahals,GODHRA,GODHRA,Godhra,-,-,-,-,-,-,22.78000000,73.60694444,,30-11-2021 06:00,1.13
1998,1998,Godhra_UR3,CGWB,24,Gujarat,454,Panchmahals,GODHRA,GODHRA,Godhra,-,-,-,-,-,-,22.78000000,73.60694444,,30-01-2022 07:00,1.05
1999,1999,Godhra_UR3,CGWB,24,Gujarat,454,Panchmahals,GODHRA,GODHRA,Godhra,-,-,-,-,-,-,22.78000000,73.60694444,,30-05-2022 06:00,2.36
2000,2000,Godhra_UR3,CGWB,24,Gujarat,454,Panchmahals,GODHRA,GODHRA,Godhra,-,-,-,-,-,-,22.78000000,73.60694444,,30-08-2022 06:00,1.32
2001,2001,Godhra_UR3,CGWB,24,Gujarat,454,Panchmahals,GODHRA,GODHRA,Godhra,-,-,-,-,-,-,22.78000000,73.60694444,,10-11-2022 06:00,1
2002,2002,Godhra_UR3,CGWB,24,Gujarat,454,Panchmahals,GODHRA,GODHRA,Godhra,-,-,-,-,-,-,22.78000000,73.60694444,,10-01-2023 18:00,1.3
2003,2003,Godhra_UR3,CGWB,24,Gujarat,454,Panchmahals,GODHRA,GODHRA,Godhra,-,-,-,-,-,-,22.78000000,73.60694444,,30-05-2023 10:00,2.23
2004,2004,Gogavadar,CGWB,24,Gujarat,457,Rajkot,GONDAL,GONDAL,Gogavadar,-,-,-,-,-,-,21.96666667,70.87500000,,10-01-2021 00:00,8.13
2005,2005,Gogavadar,CGWB,24,Gujarat,457,Rajkot,GONDAL,GONDAL,Gogavadar,-,-,-,-,-,-,21.96666667,70.87500000,,31-08-2021 06:00,1.73
2006,2006,Gogavadar,CGWB,24,Gujarat,457,Rajkot,GONDAL,GONDAL,Gogavadar,-,-,-,-,-,-,21.96666667,70.87500000,,30-11-2021 06:00,3.83
2007,2007,Gogavadar,CGWB,24,Gujarat,457,Rajkot,GONDAL,GONDAL,Gogavadar,-,-,-,-,-,-,21.96666667,70.87500000,,30-01-2022 07:00,6.3
2008,2008,Gogavadar,CGWB,24,Gujarat,457,Rajkot,GONDAL,GONDAL,Gogavadar,-,-,-,-,-,-,21.96666667,70.87500000,,30-05-2022 06:00,17.35
2009,2009,Gogavadar,CGWB,24,Gujarat,457,Rajkot,GONDAL,GONDAL,Gogavadar,-,-,-,-,-,-,21.96666667,70.87500000,,30-08-2022 06:00,2.2
2010,2010,Gogavadar,CGWB,24,Gujarat,457,Rajkot,GONDAL,GONDAL,Gogavadar,-,-,-,-,-,-,21.96666667,70.87500000,,10-11-2022 06:00,7.94
2011,2011,Gogavadar,CGWB,24,Gujarat,457,Rajkot,GONDAL,GONDAL,Gogavadar,-,-,-,-,-,-,21.96666667,70.87500000,,30-05-2023 10:00,15.55
2012,2012,Gomtimata,CGWB,24,Gujarat,464,DIU,DUI,DUI,Gomtimata,-,-,-,-,-,-,20.70833333,70.87638889,,10-01-2021 00:00,4.5
2013,2013,Gopalpura Vanda Pz,CGWB,24,Gujarat,439,Amreli,KUNDLA-SAVAR,KUNDLA-SAVAR,Gopalpura Vanda Pz,-,-,-,-,-,-,21.37500000,71.49166667,,10-01-2021 00:00,15.81
2014,2014,Gopalpura Vanda Pz,CGWB,24,Gujarat,439,Amreli,KUNDLA-SAVAR,KUNDLA-SAVAR,Gopalpura Vanda Pz,-,-,-,-,-,-,21.37500000,71.49166667,,31-08-2021 06:00,15.06
2015,2015,Gopalpura Vanda Pz,CGWB,24,Gujarat,439,Amreli,KUNDLA-SAVAR,KUNDLA-SAVAR,Gopalpura Vanda Pz,-,-,-,-,-,-,21.37500000,71.49166667,,30-11-2021 06:00,8.8
2016,2016,Gopalpura Vanda Pz,CGWB,24,Gujarat,439,Amreli,KUNDLA-SAVAR,KUNDLA-SAVAR,Gopalpura Vanda Pz,-,-,-,-,-,-,21.37500000,71.49166667,,30-01-2022 07:00,10
2017,2017,Gopalpura Vanda Pz,CGWB,24,Gujarat,439,Amreli,KUNDLA-SAVAR,KUNDLA-SAVAR,Gopalpura Vanda Pz,-,-,-,-,-,-,21.37500000,71.49166667,,30-05-2022 06:00,19.45
2018,2018,Gopalpura Vanda Pz,CGWB,24,Gujarat,439,Amreli,KUNDLA-SAVAR,KUNDLA-SAVAR,Gopalpura Vanda Pz,-,-,-,-,-,-,21.37500000,71.49166667,,30-08-2022 06:00,3.64
2019,2019,Gopalpura Vanda Pz,CGWB,24,Gujarat,439,Amreli,KUNDLA-SAVAR,KUNDLA-SAVAR,Gopalpura Vanda Pz,-,-,-,-,-,-,21.37500000,71.49166667,,10-11-2022 06:00,10.46
2020,2020,Goradka,CGWB,24,Gujarat,439,Amreli,KUNDLA-SAVAR,KUNDLA-SAVAR,Goradka,-,-,-,-,-,-,21.22500000,71.41111111,,10-01-2021 00:00,4.7
2021,2021,Goradka,CGWB,24,Gujarat,439,Amreli,KUNDLA-SAVAR,KUNDLA-SAVAR,Goradka,-,-,-,-,-,-,21.22500000,71.41111111,,31-08-2021 06:00,0.7
2022,2022,Goradka,CGWB,24,Gujarat,439,Amreli,KUNDLA-SAVAR,KUNDLA-SAVAR,Goradka,-,-,-,-,-,-,21.22500000,71.41111111,,30-11-2021 06:00,1.8
2023,2023,Goradka,CGWB,24,Gujarat,439,Amreli,KUNDLA-SAVAR,KUNDLA-SAVAR,Goradka,-,-,-,-,-,-,21.22500000,71.41111111,,30-01-2022 07:00,3.37
2024,2024,Goradka,CGWB,24,Gujarat,439,Amreli,KUNDLA-SAVAR,KUNDLA-SAVAR,Goradka,-,-,-,-,-,-,21.22500000,71.41111111,,30-05-2022 06:00,8.6
2025,2025,Goradka,CGWB,24,Gujarat,439,Amreli,KUNDLA-SAVAR,KUNDLA-SAVAR,Goradka,-,-,-,-,-,-,21.22500000,71.41111111,,30-08-2022 06:00,4.89
2026,2026,Goradka,CGWB,24,Gujarat,439,Amreli,KUNDLA-SAVAR,KUNDLA-SAVAR,Goradka,-,-,-,-,-,-,21.22500000,71.41111111,,10-11-2022 06:00,5.33
2027,2027,Goradka,CGWB,24,Gujarat,439,Amreli,KUNDLA-SAVAR,KUNDLA-SAVAR,Goradka,-,-,-,-,-,-,21.22500000,71.41111111,,30-05-2023 10:00,6.45
2028,2028,Goraj,CGWB,24,Gujarat,448,Junagadh,MANGROL,MANGROL,Goraj,-,-,-,-,-,-,21.18333333,70.15416667,,30-05-2023 10:00,39.4
2029,2029,Goraj1,CGWB,24,Gujarat,448,Junagadh,MANGROL,MANGROL,Goraj,-,-,-,-,-,-,21.18333333,70.15416667,,10-01-2021 00:00,16
2030,2030,Goraj1,CGWB,24,Gujarat,448,Junagadh,MANGROL,MANGROL,Goraj,-,-,-,-,-,-,21.18333333,70.15416667,,31-08-2021 06:00,24.9
2031,2031,Goraj1,CGWB,24,Gujarat,448,Junagadh,MANGROL,MANGROL,Goraj,-,-,-,-,-,-,21.18333333,70.15416667,,30-11-2021 06:00,3.65
2032,2032,Goraj1,CGWB,24,Gujarat,448,Junagadh,MANGROL,MANGROL,Goraj,-,-,-,-,-,-,21.18333333,70.15416667,,30-01-2022 07:00,10.52
2033,2033,Goraj1,CGWB,24,Gujarat,448,Junagadh,MANGROL,MANGROL,Goraj,-,-,-,-,-,-,21.18333333,70.15416667,,30-05-2022 06:00,44.6
2034,2034,Goraj1,CGWB,24,Gujarat,448,Junagadh,MANGROL,MANGROL,Goraj,-,-,-,-,-,-,21.18333333,70.15416667,,30-08-2022 06:00,3.17
2035,2035,Goraj1,CGWB,24,Gujarat,448,Junagadh,MANGROL,MANGROL,Goraj,-,-,-,-,-,-,21.18333333,70.15416667,,10-11-2022 06:00,4.8
2036,2036,Gordhanpur,CGWB,24,Gujarat,447,Jamnagar,JAMNAGAR,JAMNAGAR,Gordhanpur,-,-,-,-,-,-,22.45000000,70.00138889,,10-01-2021 00:00,3.55
2037,2037,Gordhanpur,CGWB,24,Gujarat,447,Jamnagar,JAMNAGAR,JAMNAGAR,Gordhanpur,-,-,-,-,-,-,22.45000000,70.00138889,,31-08-2021 06:00,2.6
2038,2038,Gordhanpur,CGWB,24,Gujarat,447,Jamnagar,JAMNAGAR,JAMNAGAR,Gordhanpur,-,-,-,-,-,-,22.45000000,70.00138889,,30-11-2021 06:00,2.55
2039,2039,Gordhanpur,CGWB,24,Gujarat,447,Jamnagar,JAMNAGAR,JAMNAGAR,Gordhanpur,-,-,-,-,-,-,22.45000000,70.00138889,,30-01-2022 07:00,2.86
2040,2040,Gordhanpur,CGWB,24,Gujarat,447,Jamnagar,JAMNAGAR,JAMNAGAR,Gordhanpur,-,-,-,-,-,-,22.45000000,70.00138889,,30-05-2022 06:00,3.71
2041,2041,Gordhanpur,CGWB,24,Gujarat,447,Jamnagar,JAMNAGAR,JAMNAGAR,Gordhanpur,-,-,-,-,-,-,22.45000000,70.00138889,,30-08-2022 06:00,1.26
2042,2042,Gordhanpur,CGWB,24,Gujarat,447,Jamnagar,JAMNAGAR,JAMNAGAR,Gordhanpur,-,-,-,-,-,-,22.45000000,70.00138889,,10-11-2022 06:00,2.56
2043,2043,Gordhanpur,CGWB,24,Gujarat,447,Jamnagar,JAMNAGAR,JAMNAGAR,Gordhanpur,-,-,-,-,-,-,22.45000000,70.00138889,,30-05-2023 10:00,4.4
2044,2044,Govadka,CGWB,24,Gujarat,439,Amreli,AMRELI,AMRELI,Govadka,-,-,-,-,-,-,21.54166667,71.15833333,,10-01-2021 00:00,2.82
2045,2045,Govadka,CGWB,24,Gujarat,439,Amreli,AMRELI,AMRELI,Govadka,-,-,-,-,-,-,21.54166667,71.15833333,,31-08-2021 06:00,-0.06
2046,2046,Govadka,CGWB,24,Gujarat,439,Amreli,AMRELI,AMRELI,Govadka,-,-,-,-,-,-,21.54166667,71.15833333,,30-11-2021 06:00,0.05
2047,2047,Govadka,CGWB,24,Gujarat,439,Amreli,AMRELI,AMRELI,Govadka,-,-,-,-,-,-,21.54166667,71.15833333,,30-01-2022 07:00,2.19
2048,2048,Govadka,CGWB,24,Gujarat,439,Amreli,AMRELI,AMRELI,Govadka,-,-,-,-,-,-,21.54166667,71.15833333,,30-05-2022 06:00,2.5
2049,2049,Govadka,CGWB,24,Gujarat,439,Amreli,AMRELI,AMRELI,Govadka,-,-,-,-,-,-,21.54166667,71.15833333,,30-08-2022 06:00,0.94
2050,2050,Govadka,CGWB,24,Gujarat,439,Amreli,AMRELI,AMRELI,Govadka,-,-,-,-,-,-,21.54166667,71.15833333,,10-11-2022 06:00,3.19
2051,2051,Govindpura,CGWB,24,Gujarat,461,Vadodara,SANKHEDA,SANKHEDA,Govindpura,-,-,-,-,-,-,22.21111111,73.74138889,,10-01-2021 00:00,4.7
2052,2052,Govindpura,CGWB,24,Gujarat,461,Vadodara,SANKHEDA,SANKHEDA,Govindpura,-,-,-,-,-,-,22.21111111,73.74138889,,31-08-2021 06:00,4.45
2053,2053,Govindpura,CGWB,24,Gujarat,461,Vadodara,SANKHEDA,SANKHEDA,Govindpura,-,-,-,-,-,-,22.21111111,73.74138889,,30-11-2021 06:00,3.6
2054,2054,Govindpura,CGWB,24,Gujarat,461,Vadodara,SANKHEDA,SANKHEDA,Govindpura,-,-,-,-,-,-,22.21111111,73.74138889,,30-01-2022 07:00,2.88
2055,2055,Govindpura,CGWB,24,Gujarat,461,Vadodara,SANKHEDA,SANKHEDA,Govindpura,-,-,-,-,-,-,22.21111111,73.74138889,,30-05-2022 06:00,5.86
2056,2056,Govindpura,CGWB,24,Gujarat,461,Vadodara,SANKHEDA,SANKHEDA,Govindpura,-,-,-,-,-,-,22.21111111,73.74138889,,30-08-2022 06:00,1.53
2057,2057,Govindpura,CGWB,24,Gujarat,461,Vadodara,SANKHEDA,SANKHEDA,Govindpura,-,-,-,-,-,-,22.21111111,73.74138889,,10-11-2022 06:00,3.25
2058,2058,Govindpura,CGWB,24,Gujarat,461,Vadodara,SANKHEDA,SANKHEDA,Govindpura,-,-,-,-,-,-,22.21111111,73.74138889,,30-05-2023 10:00,5.7
2059,2059,Govindpura2,CGWB,24,Gujarat,448,Junagadh,VERAVAL,VERAVAL,Govindpura,-,-,-,-,-,-,20.94583333,70.39583333,,10-01-2021 00:00,8.09
2060,2060,Govindpura2,CGWB,24,Gujarat,448,Junagadh,VERAVAL,VERAVAL,Govindpura,-,-,-,-,-,-,20.94583333,70.39583333,,31-08-2021 06:00,2.42
2061,2061,Govindpura2,CGWB,24,Gujarat,448,Junagadh,VERAVAL,VERAVAL,Govindpura,-,-,-,-,-,-,20.94583333,70.39583333,,30-11-2021 06:00,5.3
2062,2062,Govindpura2,CGWB,24,Gujarat,448,Junagadh,VERAVAL,VERAVAL,Govindpura,-,-,-,-,-,-,20.94583333,70.39583333,,30-01-2022 07:00,7
2063,2063,Govindpura2,CGWB,24,Gujarat,448,Junagadh,VERAVAL,VERAVAL,Govindpura,-,-,-,-,-,-,20.94583333,70.39583333,,30-05-2022 06:00,28.35
2064,2064,Govindpura2,CGWB,24,Gujarat,448,Junagadh,VERAVAL,VERAVAL,Govindpura,-,-,-,-,-,-,20.94583333,70.39583333,,30-08-2022 06:00,4.86
2065,2065,Govindpura2,CGWB,24,Gujarat,448,Junagadh,VERAVAL,VERAVAL,Govindpura,-,-,-,-,-,-,20.94583333,70.39583333,,30-05-2023 10:00,27.17
2066,2066,Haboi,CGWB,24,Gujarat,449,Kachchh,BHUJ,BHUJ,Haboi,-,-,-,-,-,-,23.35833333,69.86666667,,10-01-2021 00:00,0.44
2067,2067,Haboi,CGWB,24,Gujarat,449,Kachchh,BHUJ,BHUJ,Haboi,-,-,-,-,-,-,23.35833333,69.86666667,,31-08-2021 06:00,0.29
2068,2068,Haboi,CGWB,24,Gujarat,449,Kachchh,BHUJ,BHUJ,Haboi,-,-,-,-,-,-,23.35833333,69.86666667,,30-11-2021 06:00,0.39
2069,2069,Haboi,CGWB,24,Gujarat,449,Kachchh,BHUJ,BHUJ,Haboi,-,-,-,-,-,-,23.35833333,69.86666667,,30-01-2022 07:00,0.49
2070,2070,Haboi,CGWB,24,Gujarat,449,Kachchh,BHUJ,BHUJ,Haboi,-,-,-,-,-,-,23.35833333,69.86666667,,30-05-2022 06:00,1.09
2071,2071,Haboi,CGWB,24,Gujarat,449,Kachchh,BHUJ,BHUJ,Haboi,-,-,-,-,-,-,23.35833333,69.86666667,,30-08-2022 06:00,0.43
2072,2072,Haboi,CGWB,24,Gujarat,449,Kachchh,BHUJ,BHUJ,Haboi,-,-,-,-,-,-,23.35833333,69.86666667,,10-11-2022 06:00,0.44
2073,2073,Haboi,CGWB,24,Gujarat,449,Kachchh,BHUJ,BHUJ,Haboi,-,-,-,-,-,-,23.35833333,69.86666667,,30-05-2023 10:00,0.66
2074,2074,Hadmadiya,CGWB,24,Gujarat,457,Rajkot,GONDAL,GONDAL,Hadmadiya,-,-,-,-,-,-,21.97805556,70.62305556,,31-08-2021 06:00,0.5
2075,2075,Hadmadiya,CGWB,24,Gujarat,457,Rajkot,GONDAL,GONDAL,Hadmadiya,-,-,-,-,-,-,21.97805556,70.62305556,,30-11-2021 06:00,1.15
2076,2076,Hadmadiya,CGWB,24,Gujarat,457,Rajkot,GONDAL,GONDAL,Hadmadiya,-,-,-,-,-,-,21.97805556,70.62305556,,30-01-2022 07:00,2.32
2077,2077,Hadmadiya,CGWB,24,Gujarat,457,Rajkot,GONDAL,GONDAL,Hadmadiya,-,-,-,-,-,-,21.97805556,70.62305556,,30-08-2022 06:00,5.4
2078,2078,Hadmadiya,CGWB,24,Gujarat,457,Rajkot,GONDAL,GONDAL,Hadmadiya,-,-,-,-,-,-,21.97805556,70.62305556,,10-11-2022 06:00,2.66
2079,2079,Hadmatia,CGWB,24,Gujarat,457,Rajkot,TANKARA,TANKARA,Hadmatia,-,-,-,-,-,-,22.68333333,70.80833333,,10-01-2021 00:00,9.32
2080,2080,Hadmatia,CGWB,24,Gujarat,457,Rajkot,TANKARA,TANKARA,Hadmatia,-,-,-,-,-,-,22.68333333,70.80833333,,31-08-2021 06:00,1
2081,2081,Hadmatia,CGWB,24,Gujarat,457,Rajkot,TANKARA,TANKARA,Hadmatia,-,-,-,-,-,-,22.68333333,70.80833333,,30-11-2021 06:00,1.35
2082,2082,Hadmatia,CGWB,24,Gujarat,457,Rajkot,TANKARA,TANKARA,Hadmatia,-,-,-,-,-,-,22.68333333,70.80833333,,30-01-2022 07:00,9.72
2083,2083,Hadmatia,CGWB,24,Gujarat,457,Rajkot,TANKARA,TANKARA,Hadmatia,-,-,-,-,-,-,22.68333333,70.80833333,,30-05-2022 06:00,6
2084,2084,Hadmatia,CGWB,24,Gujarat,457,Rajkot,TANKARA,TANKARA,Hadmatia,-,-,-,-,-,-,22.68333333,70.80833333,,30-08-2022 06:00,5.9
2085,2085,Hadmatia,CGWB,24,Gujarat,457,Rajkot,TANKARA,TANKARA,Hadmatia,-,-,-,-,-,-,22.68333333,70.80833333,,10-11-2022 06:00,9.2
2086,2086,Hadmatia,CGWB,24,Gujarat,457,Rajkot,TANKARA,TANKARA,Hadmatia,-,-,-,-,-,-,22.68333333,70.80833333,,30-05-2023 10:00,2.45
2087,2087,Halenda,CGWB,24,Gujarat,457,Rajkot,RAJKOT,RAJKOT,Halenda,-,-,-,-,-,-,22.09166667,71.05000000,,10-01-2021 00:00,1.23
2088,2088,Halenda,CGWB,24,Gujarat,457,Rajkot,RAJKOT,RAJKOT,Halenda,-,-,-,-,-,-,22.09166667,71.05000000,,31-08-2021 06:00,0.46
2089,2089,Halenda,CGWB,24,Gujarat,457,Rajkot,RAJKOT,RAJKOT,Halenda,-,-,-,-,-,-,22.09166667,71.05000000,,30-11-2021 06:00,0.53
2090,2090,Halenda,CGWB,24,Gujarat,457,Rajkot,RAJKOT,RAJKOT,Halenda,-,-,-,-,-,-,22.09166667,71.05000000,,30-01-2022 07:00,1.09
2091,2091,Halenda,CGWB,24,Gujarat,457,Rajkot,RAJKOT,RAJKOT,Halenda,-,-,-,-,-,-,22.09166667,71.05000000,,30-05-2022 06:00,6.43
2092,2092,Halenda,CGWB,24,Gujarat,457,Rajkot,RAJKOT,RAJKOT,Halenda,-,-,-,-,-,-,22.09166667,71.05000000,,30-08-2022 06:00,0.31
2093,2093,Halenda,CGWB,24,Gujarat,457,Rajkot,RAJKOT,RAJKOT,Halenda,-,-,-,-,-,-,22.09166667,71.05000000,,10-11-2022 06:00,0.63
2094,2094,Halenda,CGWB,24,Gujarat,457,Rajkot,RAJKOT,RAJKOT,Halenda,-,-,-,-,-,-,22.09166667,71.05000000,,30-05-2023 10:00,6.79
2095,2095,Halvad1,CGWB,24,Gujarat,460,Surendranagar,HALVAD,HALVAD,Halvad,-,-,-,-,-,-,23.02361111,71.18750000,,10-11-2022 06:00,3.7
2096,2096,Halvad2,CGWB,24,Gujarat,460,Surendranagar,HALVAD,HALVAD,Halvad,-,-,-,-,-,-,23.02083333,71.18750000,,10-01-2021 00:00,3.64
2097,2097,Halvad2,CGWB,24,Gujarat,460,Surendranagar,HALVAD,HALVAD,Halvad,-,-,-,-,-,-,23.02083333,71.18750000,,31-08-2021 06:00,2.73
2098,2098,Halvad2,CGWB,24,Gujarat,460,Surendranagar,HALVAD,HALVAD,Halvad,-,-,-,-,-,-,23.02083333,71.18750000,,30-11-2021 06:00,3.81
2099,2099,Halvad2,CGWB,24,Gujarat,460,Surendranagar,HALVAD,HALVAD,Halvad,-,-,-,-,-,-,23.02083333,71.18750000,,30-08-2022 06:00,2.16
2100,2100,Hamirpur,CGWB,24,Gujarat,458,Sabarkantha,MALPUR,MALPUR,Hamirpur,-,-,-,-,-,-,23.40833333,73.45833333,,10-01-2021 00:00,18
2101,2101,Hamirpur,CGWB,24,Gujarat,458,Sabarkantha,MALPUR,MALPUR,Hamirpur,-,-,-,-,-,-,23.40833333,73.45833333,,31-08-2021 06:00,8.9
2102,2102,Hamirpur,CGWB,24,Gujarat,458,Sabarkantha,MALPUR,MALPUR,Hamirpur,-,-,-,-,-,-,23.40833333,73.45833333,,30-11-2021 06:00,10.5
2103,2103,Hamirpur,CGWB,24,Gujarat,458,Sabarkantha,MALPUR,MALPUR,Hamirpur,-,-,-,-,-,-,23.40833333,73.45833333,,30-01-2022 07:00,19.4
2104,2104,Hamirpur,CGWB,24,Gujarat,458,Sabarkantha,MALPUR,MALPUR,Hamirpur,-,-,-,-,-,-,23.40833333,73.45833333,,30-05-2022 06:00,16.5
2105,2105,Hamirpur,CGWB,24,Gujarat,458,Sabarkantha,MALPUR,MALPUR,Hamirpur,-,-,-,-,-,-,23.40833333,73.45833333,,10-11-2022 06:00,2.6
2106,2106,Hamirpur,CGWB,24,Gujarat,458,Sabarkantha,MALPUR,MALPUR,Hamirpur,-,-,-,-,-,-,23.40833333,73.45833333,,10-01-2023 18:00,3.3
2107,2107,Hamirpur,CGWB,24,Gujarat,458,Sabarkantha,MALPUR,MALPUR,Hamirpur,-,-,-,-,-,-,23.40833333,73.45833333,,30-05-2023 10:00,17.35
2108,2108,Hamusar,CGWB,24,Gujarat,674,Devbhumi Dwarka,-,-,-,-,-,-,-,-,-,22.38361100,69.05416700,,10-01-2023 18:00,1
2109,2109,Handod1,CGWB,24,Gujarat,461,Vadodara,KARJAN,KARJAN,Handod,-,-,-,-,-,-,22.07361111,73.04583333,,10-01-2021 00:00,29.05
2110,2110,Hansalpur_Pz-I,CGWB,24,Gujarat,438,Ahmedabad,VIRAMGAM,VIRAMGAM,Hansalpur,-,-,-,-,-,-,23.08888889,72.01666667,,10-01-2021 00:00,22.76
2111,2111,Hansalpur_Pz-I,CGWB,24,Gujarat,438,Ahmedabad,VIRAMGAM,VIRAMGAM,Hansalpur,-,-,-,-,-,-,23.08888889,72.01666667,,31-08-2021 06:00,20.33
2112,2112,Hansalpur_Pz-I,CGWB,24,Gujarat,438,Ahmedabad,VIRAMGAM,VIRAMGAM,Hansalpur,-,-,-,-,-,-,23.08888889,72.01666667,,30-11-2021 06:00,19
2113,2113,Hansalpur_Pz-I,CGWB,24,Gujarat,438,Ahmedabad,VIRAMGAM,VIRAMGAM,Hansalpur,-,-,-,-,-,-,23.08888889,72.01666667,,30-01-2022 07:00,24.21
2114,2114,Hansalpur_Pz-I,CGWB,24,Gujarat,438,Ahmedabad,VIRAMGAM,VIRAMGAM,Hansalpur,-,-,-,-,-,-,23.08888889,72.01666667,,30-05-2022 06:00,25.33
2115,2115,Hansalpur_Pz-I,CGWB,24,Gujarat,438,Ahmedabad,VIRAMGAM,VIRAMGAM,Hansalpur,-,-,-,-,-,-,23.08888889,72.01666667,,30-08-2022 06:00,19.85
2116,2116,Hansalpur_Pz-I,CGWB,24,Gujarat,438,Ahmedabad,VIRAMGAM,VIRAMGAM,Hansalpur,-,-,-,-,-,-,23.08888889,72.01666667,,10-11-2022 06:00,20.68
2117,2117,Hansalpur_Pz-I,CGWB,24,Gujarat,438,Ahmedabad,VIRAMGAM,VIRAMGAM,Hansalpur,-,-,-,-,-,-,23.08888889,72.01666667,,01-01-2023 00:00,4.52
2118,2118,Hansalpur_Pz-I,CGWB,24,Gujarat,438,Ahmedabad,VIRAMGAM,VIRAMGAM,Hansalpur,-,-,-,-,-,-,23.08888889,72.01666667,,10-01-2023 18:00,27.28
2119,2119,Hansalpur_Pz-II,CGWB,24,Gujarat,438,Ahmedabad,VIRAMGAM,VIRAMGAM,Hansalpur,-,-,-,-,-,-,23.08888889,72.01666667,,10-01-2021 00:00,26.77
2120,2120,Hansalpur_Pz-II,CGWB,24,Gujarat,438,Ahmedabad,VIRAMGAM,VIRAMGAM,Hansalpur,-,-,-,-,-,-,23.08888889,72.01666667,,30-11-2021 06:00,25.76
2121,2121,Hansalpur_Pz-II,CGWB,24,Gujarat,438,Ahmedabad,VIRAMGAM,VIRAMGAM,Hansalpur,-,-,-,-,-,-,23.08888889,72.01666667,,30-05-2023 10:00,25.1
2122,2122,Hansalpur_Pz-III,CGWB,24,Gujarat,438,Ahmedabad,VIRAMGAM,VIRAMGAM,Hansalpur,-,-,-,-,-,-,23.08888889,72.01666667,,10-01-2021 00:00,3.54
2123,2123,Hansalpur_Pz-III,CGWB,24,Gujarat,438,Ahmedabad,VIRAMGAM,VIRAMGAM,Hansalpur,-,-,-,-,-,-,23.08888889,72.01666667,,31-08-2021 06:00,3.85
2124,2124,Hansalpur_Pz-III,CGWB,24,Gujarat,438,Ahmedabad,VIRAMGAM,VIRAMGAM,Hansalpur,-,-,-,-,-,-,23.08888889,72.01666667,,30-11-2021 06:00,3.22
2125,2125,Hansalpur_Pz-III,CGWB,24,Gujarat,438,Ahmedabad,VIRAMGAM,VIRAMGAM,Hansalpur,-,-,-,-,-,-,23.08888889,72.01666667,,30-01-2022 07:00,3.2
2126,2126,Hansalpur_Pz-III,CGWB,24,Gujarat,438,Ahmedabad,VIRAMGAM,VIRAMGAM,Hansalpur,-,-,-,-,-,-,23.08888889,72.01666667,,30-05-2022 06:00,4.25
2127,2127,Hansalpur_Pz-III,CGWB,24,Gujarat,438,Ahmedabad,VIRAMGAM,VIRAMGAM,Hansalpur,-,-,-,-,-,-,23.08888889,72.01666667,,10-11-2022 06:00,3.17
2128,2128,Hansalpur_Pz-III,CGWB,24,Gujarat,438,Ahmedabad,VIRAMGAM,VIRAMGAM,Hansalpur,-,-,-,-,-,-,23.08888889,72.01666667,,01-01-2023 00:00,28.18
2129,2129,Hansalpur_Pz-III,CGWB,24,Gujarat,438,Ahmedabad,VIRAMGAM,VIRAMGAM,Hansalpur,-,-,-,-,-,-,23.08888889,72.01666667,,10-01-2023 18:00,3.62
2130,2130,Hansalpur_Pz-III,CGWB,24,Gujarat,438,Ahmedabad,VIRAMGAM,VIRAMGAM,Hansalpur,-,-,-,-,-,-,23.08888889,72.01666667,,30-05-2023 10:00,3.02
2131,2131,Hansot,CGWB,24,Gujarat,442,Bharuch,HANSOT,HANSOT,Hansot,-,-,-,-,-,-,21.58333333,72.80833333,,10-01-2021 00:00,3.45
2132,2132,Hansot,CGWB,24,Gujarat,442,Bharuch,HANSOT,HANSOT,Hansot,-,-,-,-,-,-,21.58333333,72.80833333,,31-08-2021 06:00,2.6
2133,2133,Hansot,CGWB,24,Gujarat,442,Bharuch,HANSOT,HANSOT,Hansot,-,-,-,-,-,-,21.58333333,72.80833333,,30-11-2021 06:00,2.7
2134,2134,Hansot,CGWB,24,Gujarat,442,Bharuch,HANSOT,HANSOT,Hansot,-,-,-,-,-,-,21.58333333,72.80833333,,30-01-2022 07:00,2.51
2135,2135,Hansot,CGWB,24,Gujarat,442,Bharuch,HANSOT,HANSOT,Hansot,-,-,-,-,-,-,21.58333333,72.80833333,,30-05-2022 06:00,3.66
2136,2136,Hansot,CGWB,24,Gujarat,442,Bharuch,HANSOT,HANSOT,Hansot,-,-,-,-,-,-,21.58333333,72.80833333,,30-08-2022 06:00,2.3
2137,2137,Hansot,CGWB,24,Gujarat,442,Bharuch,HANSOT,HANSOT,Hansot,-,-,-,-,-,-,21.58333333,72.80833333,,10-11-2022 06:00,3.25
2138,2138,Hansot,CGWB,24,Gujarat,442,Bharuch,HANSOT,HANSOT,Hansot,-,-,-,-,-,-,21.58333333,72.80833333,,30-05-2023 10:00,3.65
2139,2139,Hanumangadh1,CGWB,24,Gujarat,456,Porbandar,RANAVAV,RANAVAV,Hanumangadh,-,-,-,-,-,-,21.79305556,69.80277778,,10-01-2021 00:00,3.22
2140,2140,Hanumangadh1,CGWB,24,Gujarat,456,Porbandar,RANAVAV,RANAVAV,Hanumangadh,-,-,-,-,-,-,21.79305556,69.80277778,,31-08-2021 06:00,8.88
2141,2141,Hanumangadh1,CGWB,24,Gujarat,456,Porbandar,RANAVAV,RANAVAV,Hanumangadh,-,-,-,-,-,-,21.79305556,69.80277778,,30-11-2021 06:00,2.8
2142,2142,Hanumangadh1,CGWB,24,Gujarat,456,Porbandar,RANAVAV,RANAVAV,Hanumangadh,-,-,-,-,-,-,21.79305556,69.80277778,,30-01-2022 07:00,3.4
2143,2143,Hanumangadh1,CGWB,24,Gujarat,456,Porbandar,RANAVAV,RANAVAV,Hanumangadh,-,-,-,-,-,-,21.79305556,69.80277778,,30-05-2022 06:00,8.86
2144,2144,Hanumangadh1,CGWB,24,Gujarat,456,Porbandar,RANAVAV,RANAVAV,Hanumangadh,-,-,-,-,-,-,21.79305556,69.80277778,,30-08-2022 06:00,2.5
2145,2145,Hanumangadh1,CGWB,24,Gujarat,456,Porbandar,RANAVAV,RANAVAV,Hanumangadh,-,-,-,-,-,-,21.79305556,69.80277778,,10-11-2022 06:00,3.19
2146,2146,Hanumangadh1,CGWB,24,Gujarat,456,Porbandar,RANAVAV,RANAVAV,Hanumangadh,-,-,-,-,-,-,21.79305556,69.80277778,,30-05-2023 10:00,8.5
2147,2147,Hanzdapur,CGWB,24,Gujarat,674,Devbhumi Dwarka,-,-,-,-,-,-,-,-,-,22.19000000,69.44000000,,10-01-2023 18:00,7.8
2148,2148,Haripur2,CGWB,24,Gujarat,447,Jamnagar,KALAVAD,KALAVAD,Haripur,-,-,-,-,-,-,22.27083333,70.33333333,,10-01-2021 00:00,5.88
2149,2149,Haripur2,CGWB,24,Gujarat,447,Jamnagar,KALAVAD,KALAVAD,Haripur,-,-,-,-,-,-,22.27083333,70.33333333,,30-11-2021 06:00,1.19
2150,2150,Haripur2,CGWB,24,Gujarat,447,Jamnagar,KALAVAD,KALAVAD,Haripur,-,-,-,-,-,-,22.27083333,70.33333333,,10-11-2022 06:00,5.78
2151,2151,Haripur2,CGWB,24,Gujarat,447,Jamnagar,KALAVAD,KALAVAD,Haripur,-,-,-,-,-,-,22.27083333,70.33333333,,30-05-2023 10:00,17.2
2152,2152,Haripur_Pz_I,CGWB,24,Gujarat,439,Amreli,LILIA,LILIA,Haripur,-,-,-,-,-,-,21.60972222,71.44305556,,10-01-2021 00:00,4.54
2153,2153,Haripur_Pz_I,CGWB,24,Gujarat,439,Amreli,LILIA,LILIA,Haripur,-,-,-,-,-,-,21.60972222,71.44305556,,31-08-2021 06:00,1.35
2154,2154,Haripur_Pz_I,CGWB,24,Gujarat,439,Amreli,LILIA,LILIA,Haripur,-,-,-,-,-,-,21.60972222,71.44305556,,30-11-2021 06:00,1.58
2155,2155,Haripur_Pz_I,CGWB,24,Gujarat,439,Amreli,LILIA,LILIA,Haripur,-,-,-,-,-,-,21.60972222,71.44305556,,30-01-2022 07:00,3.63
2156,2156,Haripur_Pz_I,CGWB,24,Gujarat,439,Amreli,LILIA,LILIA,Haripur,-,-,-,-,-,-,21.60972222,71.44305556,,30-05-2022 06:00,7.8
2157,2157,Haripur_Pz_I,CGWB,24,Gujarat,439,Amreli,LILIA,LILIA,Haripur,-,-,-,-,-,-,21.60972222,71.44305556,,10-11-2022 06:00,2.48
2158,2158,Haripur_Pz_II,CGWB,24,Gujarat,439,Amreli,LILIA,LILIA,Haripur,-,-,-,-,-,-,21.61527778,71.44305556,,30-05-2023 10:00,7.1000004
2159,2159,Hariyan_Pz,CGWB,24,Gujarat,440,Anand,CAMBAY,CAMBAY,Hariyan,-,-,-,-,-,-,22.40416667,72.67222222,,10-01-2021 00:00,3.5
2160,2160,Hariyan_Pz,CGWB,24,Gujarat,440,Anand,CAMBAY,CAMBAY,Hariyan,-,-,-,-,-,-,22.40416667,72.67222222,,31-08-2021 06:00,6
2161,2161,Hariyan_Pz,CGWB,24,Gujarat,440,Anand,CAMBAY,CAMBAY,Hariyan,-,-,-,-,-,-,22.40416667,72.67222222,,30-11-2021 06:00,2.8
2162,2162,Hariyan_Pz,CGWB,24,Gujarat,440,Anand,CAMBAY,CAMBAY,Hariyan,-,-,-,-,-,-,22.40416667,72.67222222,,30-01-2022 07:00,3.32
2163,2163,Hariyan_Pz,CGWB,24,Gujarat,440,Anand,CAMBAY,CAMBAY,Hariyan,-,-,-,-,-,-,22.40416667,72.67222222,,30-05-2022 06:00,4.92
2164,2164,Hariyan_Pz,CGWB,24,Gujarat,440,Anand,CAMBAY,CAMBAY,Hariyan,-,-,-,-,-,-,22.40416667,72.67222222,,10-11-2022 06:00,3.56
2165,2165,Hariyan_Pz,CGWB,24,Gujarat,440,Anand,CAMBAY,CAMBAY,Hariyan,-,-,-,-,-,-,22.40416667,72.67222222,,01-01-2023 00:00,3.83
2166,2166,Hariyan_Pz,CGWB,24,Gujarat,440,Anand,CAMBAY,CAMBAY,Hariyan,-,-,-,-,-,-,22.40416667,72.67222222,,30-05-2023 10:00,4.42
2167,2167,Harsol1,CGWB,24,Gujarat,458,Sabarkantha,TALOD,TALOD,Harsol,-,-,-,-,-,-,23.37777778,73.01666667,,10-01-2021 00:00,14.65
2168,2168,Harsol1,CGWB,24,Gujarat,458,Sabarkantha,TALOD,TALOD,Harsol,-,-,-,-,-,-,23.37777778,73.01666667,,31-08-2021 06:00,11.17
2169,2169,Harsol1,CGWB,24,Gujarat,458,Sabarkantha,TALOD,TALOD,Harsol,-,-,-,-,-,-,23.37777778,73.01666667,,30-11-2021 06:00,12.65
2170,2170,Harsol1,CGWB,24,Gujarat,458,Sabarkantha,TALOD,TALOD,Harsol,-,-,-,-,-,-,23.37777778,73.01666667,,30-01-2022 07:00,12.25
2171,2171,Harsol1,CGWB,24,Gujarat,458,Sabarkantha,TALOD,TALOD,Harsol,-,-,-,-,-,-,23.37777778,73.01666667,,30-05-2022 06:00,16.35
2172,2172,Harsol1,CGWB,24,Gujarat,458,Sabarkantha,TALOD,TALOD,Harsol,-,-,-,-,-,-,23.37777778,73.01666667,,10-11-2022 06:00,6.04
2173,2173,Harsol1,CGWB,24,Gujarat,458,Sabarkantha,TALOD,TALOD,Harsol,-,-,-,-,-,-,23.37777778,73.01666667,,10-01-2023 18:00,6.48
2174,2174,Harsol1,CGWB,24,Gujarat,458,Sabarkantha,TALOD,TALOD,Harsol,-,-,-,-,-,-,23.37777778,73.01666667,,30-05-2023 10:00,17.92
2175,2175,Haryana,CGWB,24,Gujarat,447,Jamnagar,JODIYA,JODIYA,Haryana,-,-,-,-,-,-,22.60833333,70.26250000,,10-01-2021 00:00,4.28
2176,2176,Haryana,CGWB,24,Gujarat,447,Jamnagar,JODIYA,JODIYA,Haryana,-,-,-,-,-,-,22.60833333,70.26250000,,30-05-2022 06:00,4.96
2177,2177,Himmatnagar,CGWB,24,Gujarat,458,Sabarkantha,HIMATNAGAR,HIMATNAGAR,Himmatnagar,-,-,-,-,-,-,23.60833333,72.95833333,,30-08-2022 06:00,4.8
2178,2178,Himmatnagar,CGWB,24,Gujarat,458,Sabarkantha,HIMATNAGAR,HIMATNAGAR,Himmatnagar,-,-,-,-,-,-,23.60833333,72.95833333,,30-05-2023 10:00,8.68
2179,2179,Himmatnagar_Pz,CGWB,24,Gujarat,458,Sabarkantha,HIMATNAGAR,HIMATNAGAR,Himmatnagar,-,-,-,-,-,-,23.60833333,72.97083333,,10-01-2021 00:00,6.05
2180,2180,Himmatnagar_Pz,CGWB,24,Gujarat,458,Sabarkantha,HIMATNAGAR,HIMATNAGAR,Himmatnagar,-,-,-,-,-,-,23.60833333,72.97083333,,31-08-2021 06:00,6.9
2181,2181,Himmatnagar_Pz,CGWB,24,Gujarat,458,Sabarkantha,HIMATNAGAR,HIMATNAGAR,Himmatnagar,-,-,-,-,-,-,23.60833333,72.97083333,,30-11-2021 06:00,8.55
2182,2182,Himmatnagar_Pz,CGWB,24,Gujarat,458,Sabarkantha,HIMATNAGAR,HIMATNAGAR,Himmatnagar,-,-,-,-,-,-,23.60833333,72.97083333,,30-01-2022 07:00,8.54
2183,2183,Himmatnagar_Pz,CGWB,24,Gujarat,458,Sabarkantha,HIMATNAGAR,HIMATNAGAR,Himmatnagar,-,-,-,-,-,-,23.60833333,72.97083333,,30-05-2022 06:00,9.63
2184,2184,Himmatnagar_Pz,CGWB,24,Gujarat,458,Sabarkantha,HIMATNAGAR,HIMATNAGAR,Himmatnagar,-,-,-,-,-,-,23.60833333,72.97083333,,30-08-2022 06:00,5.05
2185,2185,Himmatnagar_Pz,CGWB,24,Gujarat,458,Sabarkantha,HIMATNAGAR,HIMATNAGAR,Himmatnagar,-,-,-,-,-,-,23.60833333,72.97083333,,10-11-2022 06:00,6.02
2186,2186,Himmatnagar_Pz,CGWB,24,Gujarat,458,Sabarkantha,HIMATNAGAR,HIMATNAGAR,Himmatnagar,-,-,-,-,-,-,23.60833333,72.97083333,,10-01-2023 18:00,6.61
2187,2187,Hirapura,CGWB,24,Gujarat,452,Narmada,NANDOD,NANDOD,Hirapura,-,-,-,-,-,-,21.86805556,73.60000000,,31-08-2021 06:00,10.4
2188,2188,Hirapura,CGWB,24,Gujarat,452,Narmada,NANDOD,NANDOD,Hirapura,-,-,-,-,-,-,21.86805556,73.60000000,,30-11-2021 06:00,10.18
2189,2189,Hirapura,CGWB,24,Gujarat,452,Narmada,NANDOD,NANDOD,Hirapura,-,-,-,-,-,-,21.86805556,73.60000000,,10-11-2022 06:00,3.6
2190,2190,Hirapura,CGWB,24,Gujarat,452,Narmada,NANDOD,NANDOD,Hirapura,-,-,-,-,-,-,21.86805556,73.60000000,,30-05-2023 10:00,5.4500003
2191,2191,Hond,CGWB,24,Gujarat,453,Navsari,CHIKHLI,CHIKHLI,Hond,-,-,-,-,-,-,20.73888889,73.04583333,,10-01-2021 00:00,3.42
2192,2192,Hond,CGWB,24,Gujarat,453,Navsari,CHIKHLI,CHIKHLI,Hond,-,-,-,-,-,-,20.73888889,73.04583333,,31-08-2021 06:00,7.26
2193,2193,Hond,CGWB,24,Gujarat,453,Navsari,CHIKHLI,CHIKHLI,Hond,-,-,-,-,-,-,20.73888889,73.04583333,,30-11-2021 06:00,4.7
2194,2194,Hond,CGWB,24,Gujarat,453,Navsari,CHIKHLI,CHIKHLI,Hond,-,-,-,-,-,-,20.73888889,73.04583333,,30-01-2022 07:00,5.6
2195,2195,Hond,CGWB,24,Gujarat,453,Navsari,CHIKHLI,CHIKHLI,Hond,-,-,-,-,-,-,20.73888889,73.04583333,,30-08-2023 18:00,3.3999999
2196,2196,Idar,CGWB,24,Gujarat,458,Sabarkantha,IDAR,IDAR,Idar,-,-,-,-,-,-,23.84166667,73.03750000,,10-01-2021 00:00,6
2197,2197,Idar,CGWB,24,Gujarat,458,Sabarkantha,IDAR,IDAR,Idar,-,-,-,-,-,-,23.84166667,73.03750000,,31-08-2021 06:00,8.7
2198,2198,Idar,CGWB,24,Gujarat,458,Sabarkantha,IDAR,IDAR,Idar,-,-,-,-,-,-,23.84166667,73.03750000,,30-11-2021 06:00,7.22
2199,2199,Idar,CGWB,24,Gujarat,458,Sabarkantha,IDAR,IDAR,Idar,-,-,-,-,-,-,23.84166667,73.03750000,,30-01-2022 07:00,7.3
2200,2200,Idar,CGWB,24,Gujarat,458,Sabarkantha,IDAR,IDAR,Idar,-,-,-,-,-,-,23.84166667,73.03750000,,30-05-2022 06:00,10.4
2201,2201,Idar,CGWB,24,Gujarat,458,Sabarkantha,IDAR,IDAR,Idar,-,-,-,-,-,-,23.84166667,73.03750000,,30-08-2022 06:00,4.96
2202,2202,Idar,CGWB,24,Gujarat,458,Sabarkantha,IDAR,IDAR,Idar,-,-,-,-,-,-,23.84166667,73.03750000,,10-11-2022 06:00,4.72
2203,2203,Idar,CGWB,24,Gujarat,458,Sabarkantha,IDAR,IDAR,Idar,-,-,-,-,-,-,23.84166667,73.03750000,,10-01-2023 18:00,5.73
2204,2204,Idar,CGWB,24,Gujarat,458,Sabarkantha,IDAR,IDAR,Idar,-,-,-,-,-,-,23.84166667,73.03750000,,30-05-2023 10:00,18.5
2205,2205,Ilav,CGWB,24,Gujarat,442,Bharuch,HANSOT,HANSOT,Ilav,-,-,-,-,-,-,21.45000000,72.80000000,,10-01-2021 00:00,3.85
2206,2206,Ilav,CGWB,24,Gujarat,442,Bharuch,HANSOT,HANSOT,Ilav,-,-,-,-,-,-,21.45000000,72.80000000,,31-08-2021 06:00,4.55
2207,2207,Ilav,CGWB,24,Gujarat,442,Bharuch,HANSOT,HANSOT,Ilav,-,-,-,-,-,-,21.45000000,72.80000000,,30-11-2021 06:00,3.05
2208,2208,Ilav,CGWB,24,Gujarat,442,Bharuch,HANSOT,HANSOT,Ilav,-,-,-,-,-,-,21.45000000,72.80000000,,30-01-2022 07:00,3.18
2209,2209,Ilav,CGWB,24,Gujarat,442,Bharuch,HANSOT,HANSOT,Ilav,-,-,-,-,-,-,21.45000000,72.80000000,,30-08-2022 06:00,2.86
2210,2210,Ilav,CGWB,24,Gujarat,442,Bharuch,HANSOT,HANSOT,Ilav,-,-,-,-,-,-,21.45000000,72.80000000,,10-11-2022 06:00,2.75
2211,2211,Ilav,CGWB,24,Gujarat,442,Bharuch,HANSOT,HANSOT,Ilav,-,-,-,-,-,-,21.45000000,72.80000000,,30-05-2023 10:00,5.68
2212,2212,Ingorala,CGWB,24,Gujarat,439,Amreli,KHAMBHA,KHAMBHA,Ingorala,-,-,-,-,-,-,21.23333333,71.20000000,,10-01-2021 00:00,10.07
2213,2213,Ingorala,CGWB,24,Gujarat,439,Amreli,KHAMBHA,KHAMBHA,Ingorala,-,-,-,-,-,-,21.23333333,71.20000000,,31-08-2021 06:00,8.35
2214,2214,Ingorala,CGWB,24,Gujarat,439,Amreli,KHAMBHA,KHAMBHA,Ingorala,-,-,-,-,-,-,21.23333333,71.20000000,,30-11-2021 06:00,9.2
2215,2215,Ingorala,CGWB,24,Gujarat,439,Amreli,KHAMBHA,KHAMBHA,Ingorala,-,-,-,-,-,-,21.23333333,71.20000000,,30-01-2022 07:00,12.44
2216,2216,Ingorala,CGWB,24,Gujarat,439,Amreli,KHAMBHA,KHAMBHA,Ingorala,-,-,-,-,-,-,21.23333333,71.20000000,,30-05-2022 06:00,12.45
2217,2217,Ingorala,CGWB,24,Gujarat,439,Amreli,KHAMBHA,KHAMBHA,Ingorala,-,-,-,-,-,-,21.23333333,71.20000000,,30-08-2022 06:00,8.14
2218,2218,Ingorala,CGWB,24,Gujarat,439,Amreli,KHAMBHA,KHAMBHA,Ingorala,-,-,-,-,-,-,21.23333333,71.20000000,,10-11-2022 06:00,9.9
2219,2219,Ingorala,CGWB,24,Gujarat,439,Amreli,KHAMBHA,KHAMBHA,Ingorala,-,-,-,-,-,-,21.23333333,71.20000000,,30-05-2023 10:00,16.619999
2220,2220,Iqbalgarh,CGWB,24,Gujarat,441,Banaskantha,AMIRGADH,AMIRGADH,Iqbalgarh,-,-,-,-,-,-,24.34583333,72.53750000,,10-01-2021 00:00,28.1
2221,2221,Iqbalgarh,CGWB,24,Gujarat,441,Banaskantha,AMIRGADH,AMIRGADH,Iqbalgarh,-,-,-,-,-,-,24.34583333,72.53750000,,31-08-2021 06:00,30.93
2222,2222,Iqbalgarh,CGWB,24,Gujarat,441,Banaskantha,AMIRGADH,AMIRGADH,Iqbalgarh,-,-,-,-,-,-,24.34583333,72.53750000,,30-11-2021 06:00,30.3
2223,2223,Iqbalgarh,CGWB,24,Gujarat,441,Banaskantha,AMIRGADH,AMIRGADH,Iqbalgarh,-,-,-,-,-,-,24.34583333,72.53750000,,30-01-2022 07:00,32.27
2224,2224,Iqbalgarh,CGWB,24,Gujarat,441,Banaskantha,AMIRGADH,AMIRGADH,Iqbalgarh,-,-,-,-,-,-,24.34583333,72.53750000,,30-05-2022 06:00,36.29
2225,2225,Iqbalgarh,CGWB,24,Gujarat,441,Banaskantha,AMIRGADH,AMIRGADH,Iqbalgarh,-,-,-,-,-,-,24.34583333,72.53750000,,10-11-2022 06:00,22.25
2226,2226,Iqbalgarh,CGWB,24,Gujarat,441,Banaskantha,AMIRGADH,AMIRGADH,Iqbalgarh,-,-,-,-,-,-,24.34583333,72.53750000,,30-05-2023 10:00,28.929998
2227,2227,Jafrabad,CGWB,24,Gujarat,439,Amreli,JAFRABAD,JAFRABAD,Jafrabad,-,-,-,-,-,-,20.86666667,71.36250000,,30-11-2021 06:00,0.67
2228,2228,Jafrabad,CGWB,24,Gujarat,439,Amreli,JAFRABAD,JAFRABAD,Jafrabad,-,-,-,-,-,-,20.86666667,71.36250000,,30-05-2022 06:00,1.37
2229,2229,Jafrabad,CGWB,24,Gujarat,439,Amreli,JAFRABAD,JAFRABAD,Jafrabad,-,-,-,-,-,-,20.86666667,71.36250000,,10-11-2022 06:00,2.82
2230,2230,Jakana,CGWB,24,Gujarat,444,Dang,The dangs,The dangs,Jakana,-,-,-,-,-,-,20.63333333,73.74583333,,10-01-2021 00:00,1.66
2231,2231,Jakana,CGWB,24,Gujarat,444,Dang,The dangs,The dangs,Jakana,-,-,-,-,-,-,20.63333333,73.74583333,,30-11-2021 06:00,1.75
2232,2232,Jakana,CGWB,24,Gujarat,444,Dang,The dangs,The dangs,Jakana,-,-,-,-,-,-,20.63333333,73.74583333,,30-01-2022 07:00,1.65
2233,2233,Jakana,CGWB,24,Gujarat,444,Dang,The dangs,The dangs,Jakana,-,-,-,-,-,-,20.63333333,73.74583333,,30-08-2022 06:00,0.47
2234,2234,Jakana,CGWB,24,Gujarat,444,Dang,The dangs,The dangs,Jakana,-,-,-,-,-,-,20.63333333,73.74583333,,10-11-2022 06:00,1.4
2235,2235,Jakana,CGWB,24,Gujarat,444,Dang,The dangs,The dangs,Jakana,-,-,-,-,-,-,20.63333333,73.74583333,,30-05-2023 10:00,11.55
2236,2236,Jakana,CGWB,24,Gujarat,444,Dang,The dangs,The dangs,Jakana,-,-,-,-,-,-,20.63333333,73.74583333,,30-08-2023 18:00,1.75
2237,2237,Jalawadi,CGWB,24,Gujarat,464,DIU,DUI,DUI,Jalawadi,-,-,-,-,-,-,20.72166667,70.93305556,,10-01-2021 00:00,5.19
2238,2238,Jalawadi,CGWB,24,Gujarat,464,DIU,DUI,DUI,Jalawadi,-,-,-,-,-,-,20.72166667,70.93305556,,31-08-2021 06:00,4.87
2239,2239,Jalawadi,CGWB,24,Gujarat,464,DIU,DUI,DUI,Jalawadi,-,-,-,-,-,-,20.72166667,70.93305556,,30-11-2021 06:00,3.75
2240,2240,Jalawadi,CGWB,24,Gujarat,464,DIU,DUI,DUI,Jalawadi,-,-,-,-,-,-,20.72166667,70.93305556,,30-05-2022 06:00,5.7
2241,2241,Jalawadi,CGWB,24,Gujarat,464,DIU,DUI,DUI,Jalawadi,-,-,-,-,-,-,20.72166667,70.93305556,,10-11-2022 06:00,4.6
2242,2242,Jalia,CGWB,24,Gujarat,443,Bhavnagar,UMRALA,UMRALA,Jalia,-,-,-,-,-,-,21.80000000,71.61666667,,10-01-2021 00:00,12.9
2243,2243,Jalia,CGWB,24,Gujarat,443,Bhavnagar,UMRALA,UMRALA,Jalia,-,-,-,-,-,-,21.80000000,71.61666667,,31-08-2021 06:00,12.24
2244,2244,Jalia,CGWB,24,Gujarat,443,Bhavnagar,UMRALA,UMRALA,Jalia,-,-,-,-,-,-,21.80000000,71.61666667,,30-11-2021 06:00,8.07
2245,2245,Jalia,CGWB,24,Gujarat,443,Bhavnagar,UMRALA,UMRALA,Jalia,-,-,-,-,-,-,21.80000000,71.61666667,,30-01-2022 07:00,10.71
2246,2246,Jalia,CGWB,24,Gujarat,443,Bhavnagar,UMRALA,UMRALA,Jalia,-,-,-,-,-,-,21.80000000,71.61666667,,30-05-2022 06:00,19.65
2247,2247,Jalia,CGWB,24,Gujarat,443,Bhavnagar,UMRALA,UMRALA,Jalia,-,-,-,-,-,-,21.80000000,71.61666667,,30-08-2022 06:00,2.71
2248,2248,Jalia,CGWB,24,Gujarat,443,Bhavnagar,UMRALA,UMRALA,Jalia,-,-,-,-,-,-,21.80000000,71.61666667,,10-11-2022 06:00,19.08
2249,2249,Jalia,CGWB,24,Gujarat,443,Bhavnagar,UMRALA,UMRALA,Jalia,-,-,-,-,-,-,21.80000000,71.61666667,,30-05-2023 10:00,17.79
2250,2250,Jamalpada,CGWB,24,Gujarat,444,Dang,The dangs,The dangs,Jamalpada,-,-,-,-,-,-,20.73166667,73.52055556,,10-01-2021 00:00,4.79
2251,2251,Jamalpada,CGWB,24,Gujarat,444,Dang,The dangs,The dangs,Jamalpada,-,-,-,-,-,-,20.73166667,73.52055556,,31-08-2021 06:00,3.2
2252,2252,Jamalpada,CGWB,24,Gujarat,444,Dang,The dangs,The dangs,Jamalpada,-,-,-,-,-,-,20.73166667,73.52055556,,30-11-2021 06:00,4.8
2253,2253,Jamalpada,CGWB,24,Gujarat,444,Dang,The dangs,The dangs,Jamalpada,-,-,-,-,-,-,20.73166667,73.52055556,,30-01-2022 07:00,3.6
2254,2254,Jamalpada,CGWB,24,Gujarat,444,Dang,The dangs,The dangs,Jamalpada,-,-,-,-,-,-,20.73166667,73.52055556,,30-05-2022 06:00,7.52
2255,2255,Jamalpada,CGWB,24,Gujarat,444,Dang,The dangs,The dangs,Jamalpada,-,-,-,-,-,-,20.73166667,73.52055556,,30-08-2022 06:00,2.76
2256,2256,Jamalpada,CGWB,24,Gujarat,444,Dang,The dangs,The dangs,Jamalpada,-,-,-,-,-,-,20.73166667,73.52055556,,10-11-2022 06:00,4.7
2257,2257,Jamalpada,CGWB,24,Gujarat,444,Dang,The dangs,The dangs,Jamalpada,-,-,-,-,-,-,20.73166667,73.52055556,,30-05-2023 10:00,6.7000003
2258,2258,Jamalpada,CGWB,24,Gujarat,444,Dang,The dangs,The dangs,Jamalpada,-,-,-,-,-,-,20.73166667,73.52055556,,30-08-2023 18:00,2.8
2259,2259,Jambuda,CGWB,24,Gujarat,447,Jamnagar,JAMNAGAR,JAMNAGAR,Jambuda,-,-,-,-,-,-,22.52500000,70.20416667,,10-01-2021 00:00,3.95
2260,2260,Jambuda,CGWB,24,Gujarat,447,Jamnagar,JAMNAGAR,JAMNAGAR,Jambuda,-,-,-,-,-,-,22.52500000,70.20416667,,30-11-2021 06:00,2.74
2261,2261,Jambuda,CGWB,24,Gujarat,447,Jamnagar,JAMNAGAR,JAMNAGAR,Jambuda,-,-,-,-,-,-,22.52500000,70.20416667,,30-01-2022 07:00,3.69
2262,2262,Jambuda,CGWB,24,Gujarat,447,Jamnagar,JAMNAGAR,JAMNAGAR,Jambuda,-,-,-,-,-,-,22.52500000,70.20416667,,30-05-2022 06:00,7.42
2263,2263,Jambuda,CGWB,24,Gujarat,447,Jamnagar,JAMNAGAR,JAMNAGAR,Jambuda,-,-,-,-,-,-,22.52500000,70.20416667,,30-08-2022 06:00,1.89
2264,2264,Jambuda,CGWB,24,Gujarat,447,Jamnagar,JAMNAGAR,JAMNAGAR,Jambuda,-,-,-,-,-,-,22.52500000,70.20416667,,10-11-2022 06:00,3.88
2265,2265,Jambuda,CGWB,24,Gujarat,447,Jamnagar,JAMNAGAR,JAMNAGAR,Jambuda,-,-,-,-,-,-,22.52500000,70.20416667,,30-05-2023 10:00,9.2
2266,2266,Jambughoda,CGWB,24,Gujarat,454,Panchmahals,JAMBUGHODA,JAMBUGHODA,Jambughoda,-,-,-,-,-,-,22.36944444,73.72500000,,10-01-2021 00:00,6.25
2267,2267,Jambughoda,CGWB,24,Gujarat,454,Panchmahals,JAMBUGHODA,JAMBUGHODA,Jambughoda,-,-,-,-,-,-,22.36944444,73.72500000,,31-08-2021 06:00,4.7
2268,2268,Jambughoda,CGWB,24,Gujarat,454,Panchmahals,JAMBUGHODA,JAMBUGHODA,Jambughoda,-,-,-,-,-,-,22.36944444,73.72500000,,30-11-2021 06:00,6.55
2269,2269,Jambughoda,CGWB,24,Gujarat,454,Panchmahals,JAMBUGHODA,JAMBUGHODA,Jambughoda,-,-,-,-,-,-,22.36944444,73.72500000,,30-01-2022 07:00,5.98
2270,2270,Jambughoda,CGWB,24,Gujarat,454,Panchmahals,JAMBUGHODA,JAMBUGHODA,Jambughoda,-,-,-,-,-,-,22.36944444,73.72500000,,30-05-2022 06:00,6.55
2271,2271,Jambughoda,CGWB,24,Gujarat,454,Panchmahals,JAMBUGHODA,JAMBUGHODA,Jambughoda,-,-,-,-,-,-,22.36944444,73.72500000,,30-08-2022 06:00,4.13
2272,2272,Jambughoda,CGWB,24,Gujarat,454,Panchmahals,JAMBUGHODA,JAMBUGHODA,Jambughoda,-,-,-,-,-,-,22.36944444,73.72500000,,10-11-2022 06:00,6.5
2273,2273,Jambughoda,CGWB,24,Gujarat,454,Panchmahals,JAMBUGHODA,JAMBUGHODA,Jambughoda,-,-,-,-,-,-,22.36944444,73.72500000,,10-01-2023 18:00,7.54
2274,2274,Jambughoda,CGWB,24,Gujarat,454,Panchmahals,JAMBUGHODA,JAMBUGHODA,Jambughoda,-,-,-,-,-,-,22.36944444,73.72500000,,30-05-2023 10:00,7.05
2275,2275,Jambughoda1,CGWB,24,Gujarat,454,Panchmahals,JAMBUGHODA,JAMBUGHODA,Jambughoda,-,-,-,-,-,-,22.37277778,73.72277778,,10-01-2021 00:00,3
2276,2276,Jambughoda1,CGWB,24,Gujarat,454,Panchmahals,JAMBUGHODA,JAMBUGHODA,Jambughoda,-,-,-,-,-,-,22.37277778,73.72277778,,30-01-2022 07:00,2.3
2277,2277,Jambur[madhapar,CGWB,24,Gujarat,448,Junagadh,TALALA,TALALA,Jambur[madhapar,-,-,-,-,-,-,21.02916667,70.60833333,,10-01-2021 00:00,3.76
2278,2278,Jambur[madhapar,CGWB,24,Gujarat,448,Junagadh,TALALA,TALALA,Jambur[madhapar,-,-,-,-,-,-,21.02916667,70.60833333,,31-08-2021 06:00,1.46
2279,2279,Jambur[madhapar,CGWB,24,Gujarat,448,Junagadh,TALALA,TALALA,Jambur[madhapar,-,-,-,-,-,-,21.02916667,70.60833333,,30-11-2021 06:00,2.36
2280,2280,Jambur[madhapar,CGWB,24,Gujarat,448,Junagadh,TALALA,TALALA,Jambur[madhapar,-,-,-,-,-,-,21.02916667,70.60833333,,30-01-2022 07:00,4.47
2281,2281,Jambur[madhapar,CGWB,24,Gujarat,448,Junagadh,TALALA,TALALA,Jambur[madhapar,-,-,-,-,-,-,21.02916667,70.60833333,,30-08-2022 06:00,2.91
2282,2282,Jambur[madhapar,CGWB,24,Gujarat,448,Junagadh,TALALA,TALALA,Jambur[madhapar,-,-,-,-,-,-,21.02916667,70.60833333,,10-11-2022 06:00,6.44
2283,2283,Jambur[madhapar,CGWB,24,Gujarat,448,Junagadh,TALALA,TALALA,Jambur[madhapar,-,-,-,-,-,-,21.02916667,70.60833333,,30-05-2023 10:00,7.38
2284,2284,Jambusar,CGWB,24,Gujarat,442,Bharuch,JAMBUSAR,JAMBUSAR,Jambusar,-,-,-,-,-,-,22.05277778,72.80555556,,10-01-2021 00:00,8.95
2285,2285,Jambusar,CGWB,24,Gujarat,442,Bharuch,JAMBUSAR,JAMBUSAR,Jambusar,-,-,-,-,-,-,22.05277778,72.80555556,,31-08-2021 06:00,6.65
2286,2286,Jambusar,CGWB,24,Gujarat,442,Bharuch,JAMBUSAR,JAMBUSAR,Jambusar,-,-,-,-,-,-,22.05277778,72.80555556,,30-11-2021 06:00,5.95
2287,2287,Jambusar,CGWB,24,Gujarat,442,Bharuch,JAMBUSAR,JAMBUSAR,Jambusar,-,-,-,-,-,-,22.05277778,72.80555556,,30-01-2022 07:00,5.49
2288,2288,Jambusar,CGWB,24,Gujarat,442,Bharuch,JAMBUSAR,JAMBUSAR,Jambusar,-,-,-,-,-,-,22.05277778,72.80555556,,30-05-2022 06:00,7.29
2289,2289,Jambusar,CGWB,24,Gujarat,442,Bharuch,JAMBUSAR,JAMBUSAR,Jambusar,-,-,-,-,-,-,22.05277778,72.80555556,,30-08-2022 06:00,4.6
2290,2290,Jambusar,CGWB,24,Gujarat,442,Bharuch,JAMBUSAR,JAMBUSAR,Jambusar,-,-,-,-,-,-,22.05277778,72.80555556,,10-11-2022 06:00,9.46
2291,2291,Jambusar,CGWB,24,Gujarat,442,Bharuch,JAMBUSAR,JAMBUSAR,Jambusar,-,-,-,-,-,-,22.05277778,72.80555556,,30-05-2023 10:00,6.73
2292,2292,Jambusar2,CGWB,24,Gujarat,442,Bharuch,JAMBUSAR,JAMBUSAR,Jambusar,-,-,-,-,-,-,22.05000000,72.80000000,,10-01-2021 00:00,9.6
2293,2293,Jambusar2,CGWB,24,Gujarat,442,Bharuch,JAMBUSAR,JAMBUSAR,Jambusar,-,-,-,-,-,-,22.05000000,72.80000000,,31-08-2021 06:00,9.6
2294,2294,Jambusar2,CGWB,24,Gujarat,442,Bharuch,JAMBUSAR,JAMBUSAR,Jambusar,-,-,-,-,-,-,22.05000000,72.80000000,,30-11-2021 06:00,9.6
2295,2295,Jambusar2,CGWB,24,Gujarat,442,Bharuch,JAMBUSAR,JAMBUSAR,Jambusar,-,-,-,-,-,-,22.05000000,72.80000000,,30-01-2022 07:00,4.81
2296,2296,Jambusar2,CGWB,24,Gujarat,442,Bharuch,JAMBUSAR,JAMBUSAR,Jambusar,-,-,-,-,-,-,22.05000000,72.80000000,,30-05-2022 06:00,6.54
2297,2297,Jambusar2,CGWB,24,Gujarat,442,Bharuch,JAMBUSAR,JAMBUSAR,Jambusar,-,-,-,-,-,-,22.05000000,72.80000000,,10-11-2022 06:00,6.35
2298,2298,Jambusar2,CGWB,24,Gujarat,442,Bharuch,JAMBUSAR,JAMBUSAR,Jambusar,-,-,-,-,-,-,22.05000000,72.80000000,,30-05-2023 10:00,5.13
2299,2299,Jamjodhpur,CGWB,24,Gujarat,447,Jamnagar,JAMJODHPUR,JAMJODHPUR,Jamjodhpur,-,-,-,-,-,-,21.90555556,70.03055556,,10-01-2021 00:00,4.81
2300,2300,Jamjodhpur,CGWB,24,Gujarat,447,Jamnagar,JAMJODHPUR,JAMJODHPUR,Jamjodhpur,-,-,-,-,-,-,21.90555556,70.03055556,,31-08-2021 06:00,4.09
2301,2301,Jamjodhpur,CGWB,24,Gujarat,447,Jamnagar,JAMJODHPUR,JAMJODHPUR,Jamjodhpur,-,-,-,-,-,-,21.90555556,70.03055556,,30-11-2021 06:00,2.75
2302,2302,Jamjodhpur,CGWB,24,Gujarat,447,Jamnagar,JAMJODHPUR,JAMJODHPUR,Jamjodhpur,-,-,-,-,-,-,21.90555556,70.03055556,,30-01-2022 07:00,4.09
2303,2303,Jamjodhpur,CGWB,24,Gujarat,447,Jamnagar,JAMJODHPUR,JAMJODHPUR,Jamjodhpur,-,-,-,-,-,-,21.90555556,70.03055556,,30-05-2022 06:00,6.28
2304,2304,Jamjodhpur,CGWB,24,Gujarat,447,Jamnagar,JAMJODHPUR,JAMJODHPUR,Jamjodhpur,-,-,-,-,-,-,21.90555556,70.03055556,,30-08-2022 06:00,1.92
2305,2305,Jamjodhpur,CGWB,24,Gujarat,447,Jamnagar,JAMJODHPUR,JAMJODHPUR,Jamjodhpur,-,-,-,-,-,-,21.90555556,70.03055556,,10-11-2022 06:00,3.38
2306,2306,Jamjodhpur,CGWB,24,Gujarat,447,Jamnagar,JAMJODHPUR,JAMJODHPUR,Jamjodhpur,-,-,-,-,-,-,21.90555556,70.03055556,,30-05-2023 10:00,7.69
2307,2307,Jamkandorna,CGWB,24,Gujarat,457,Rajkot,JAMKANDORNA,JAMKANDORNA,Jamkandorna,-,-,-,-,-,-,21.89722222,70.49166667,,10-01-2021 00:00,12.56
2308,2308,Jamkandorna,CGWB,24,Gujarat,457,Rajkot,JAMKANDORNA,JAMKANDORNA,Jamkandorna,-,-,-,-,-,-,21.89722222,70.49166667,,30-11-2021 06:00,9.86
2309,2309,Jamkandorna,CGWB,24,Gujarat,457,Rajkot,JAMKANDORNA,JAMKANDORNA,Jamkandorna,-,-,-,-,-,-,21.89722222,70.49166667,,30-01-2022 07:00,11.65
2310,2310,Jamkandorna,CGWB,24,Gujarat,457,Rajkot,JAMKANDORNA,JAMKANDORNA,Jamkandorna,-,-,-,-,-,-,21.89722222,70.49166667,,10-11-2022 06:00,9.98
2311,2311,Jamnagar1,CGWB,24,Gujarat,447,Jamnagar,JAMNAGAR,JAMNAGAR,Jamnagar,-,-,-,-,-,-,22.47083333,70.05000000,,10-01-2021 00:00,2.79
2312,2312,Jamnagar1,CGWB,24,Gujarat,447,Jamnagar,JAMNAGAR,JAMNAGAR,Jamnagar,-,-,-,-,-,-,22.47083333,70.05000000,,31-08-2021 06:00,3.55
2313,2313,Jamnagar1,CGWB,24,Gujarat,447,Jamnagar,JAMNAGAR,JAMNAGAR,Jamnagar,-,-,-,-,-,-,22.47083333,70.05000000,,30-11-2021 06:00,1.15
2314,2314,Jamnagar1,CGWB,24,Gujarat,447,Jamnagar,JAMNAGAR,JAMNAGAR,Jamnagar,-,-,-,-,-,-,22.47083333,70.05000000,,30-01-2022 07:00,1.95
2315,2315,Jamnagar1,CGWB,24,Gujarat,447,Jamnagar,JAMNAGAR,JAMNAGAR,Jamnagar,-,-,-,-,-,-,22.47083333,70.05000000,,30-05-2022 06:00,5.84
2316,2316,Jamnagar1,CGWB,24,Gujarat,447,Jamnagar,JAMNAGAR,JAMNAGAR,Jamnagar,-,-,-,-,-,-,22.47083333,70.05000000,,30-08-2022 06:00,0.77
2317,2317,Jamnagar1,CGWB,24,Gujarat,447,Jamnagar,JAMNAGAR,JAMNAGAR,Jamnagar,-,-,-,-,-,-,22.47083333,70.05000000,,10-11-2022 06:00,2.05
2318,2318,Jamnagar1,CGWB,24,Gujarat,447,Jamnagar,JAMNAGAR,JAMNAGAR,Jamnagar,-,-,-,-,-,-,22.47083333,70.05000000,,30-05-2023 10:00,7.2
2319,2319,Jamnagar2,CGWB,24,Gujarat,447,Jamnagar,JAMNAGAR,JAMNAGAR,Jamnagar,-,-,-,-,-,-,22.45833333,70.07916667,,10-01-2021 00:00,1.88
2320,2320,Jamnagar2,CGWB,24,Gujarat,447,Jamnagar,JAMNAGAR,JAMNAGAR,Jamnagar,-,-,-,-,-,-,22.45833333,70.07916667,,31-08-2021 06:00,2.79
2321,2321,Jamnagar2,CGWB,24,Gujarat,447,Jamnagar,JAMNAGAR,JAMNAGAR,Jamnagar,-,-,-,-,-,-,22.45833333,70.07916667,,30-11-2021 06:00,0.89
2322,2322,Jamnagar2,CGWB,24,Gujarat,447,Jamnagar,JAMNAGAR,JAMNAGAR,Jamnagar,-,-,-,-,-,-,22.45833333,70.07916667,,30-01-2022 07:00,1.08
2323,2323,Jamnagar2,CGWB,24,Gujarat,447,Jamnagar,JAMNAGAR,JAMNAGAR,Jamnagar,-,-,-,-,-,-,22.45833333,70.07916667,,30-05-2022 06:00,3.7
2324,2324,Jamnagar2,CGWB,24,Gujarat,447,Jamnagar,JAMNAGAR,JAMNAGAR,Jamnagar,-,-,-,-,-,-,22.45833333,70.07916667,,30-08-2022 06:00,0.79
2325,2325,Jamnagar2,CGWB,24,Gujarat,447,Jamnagar,JAMNAGAR,JAMNAGAR,Jamnagar,-,-,-,-,-,-,22.45833333,70.07916667,,10-11-2022 06:00,0.82
2326,2326,Jamnagar2,CGWB,24,Gujarat,447,Jamnagar,JAMNAGAR,JAMNAGAR,Jamnagar,-,-,-,-,-,-,22.45833333,70.07916667,,30-05-2023 10:00,4.28
2327,2327,Jamvala,CGWB,24,Gujarat,448,Junagadh,UNA,UNA,Jamvala,-,-,-,-,-,-,20.98472222,70.76944444,,10-01-2021 00:00,7.82
2328,2328,Jamvala1,CGWB,24,Gujarat,448,Junagadh,UNA,UNA,Jamvala,-,-,-,-,-,-,20.98333333,70.76250000,,10-01-2021 00:00,5.52
2329,2329,Jamvala1,CGWB,24,Gujarat,448,Junagadh,UNA,UNA,Jamvala,-,-,-,-,-,-,20.98333333,70.76250000,,31-08-2021 06:00,3.96
2330,2330,Jamvala1,CGWB,24,Gujarat,448,Junagadh,UNA,UNA,Jamvala,-,-,-,-,-,-,20.98333333,70.76250000,,30-11-2021 06:00,4.5
2331,2331,Jamvala1,CGWB,24,Gujarat,448,Junagadh,UNA,UNA,Jamvala,-,-,-,-,-,-,20.98333333,70.76250000,,30-01-2022 07:00,7.5
2332,2332,Jamvala1,CGWB,24,Gujarat,448,Junagadh,UNA,UNA,Jamvala,-,-,-,-,-,-,20.98333333,70.76250000,,30-05-2022 06:00,5.5
2333,2333,Jamvala1,CGWB,24,Gujarat,448,Junagadh,UNA,UNA,Jamvala,-,-,-,-,-,-,20.98333333,70.76250000,,30-08-2022 06:00,4.47
2334,2334,Jamvala1,CGWB,24,Gujarat,448,Junagadh,UNA,UNA,Jamvala,-,-,-,-,-,-,20.98333333,70.76250000,,10-11-2022 06:00,6.3
2335,2335,Jamvala1,CGWB,24,Gujarat,448,Junagadh,UNA,UNA,Jamvala,-,-,-,-,-,-,20.98333333,70.76250000,,30-05-2023 10:00,4.74
2336,2336,Jamwali,CGWB,24,Gujarat,457,Rajkot,GONDAL,GONDAL,Jamwali,-,-,-,-,-,-,21.93333333,70.76666667,,30-05-2022 06:00,8.55
2337,2337,Jamwali,CGWB,24,Gujarat,457,Rajkot,GONDAL,GONDAL,Jamwali,-,-,-,-,-,-,21.93333333,70.76666667,,30-05-2023 10:00,2.25
2338,2338,Jangral Pzi,CGWB,24,Gujarat,455,Patan,PATAN,PATAN,Jangral Pzi,-,-,-,-,-,-,23.69472222,71.69388889,,10-01-2021 00:00,155.58
2339,2339,Jangral Pzi,CGWB,24,Gujarat,455,Patan,PATAN,PATAN,Jangral Pzi,-,-,-,-,-,-,23.69472222,71.69388889,,31-08-2021 06:00,142.68
2340,2340,Jangral Pzi,CGWB,24,Gujarat,455,Patan,PATAN,PATAN,Jangral Pzi,-,-,-,-,-,-,23.69472222,71.69388889,,30-11-2021 06:00,154
2341,2341,Jangral Pzi,CGWB,24,Gujarat,455,Patan,PATAN,PATAN,Jangral Pzi,-,-,-,-,-,-,23.69472222,71.69388889,,30-01-2022 07:00,161.88
2342,2342,Jangral Pzi,CGWB,24,Gujarat,455,Patan,PATAN,PATAN,Jangral Pzi,-,-,-,-,-,-,23.69472222,71.69388889,,30-05-2022 06:00,162.38
2343,2343,Jangral Pzi,CGWB,24,Gujarat,455,Patan,PATAN,PATAN,Jangral Pzi,-,-,-,-,-,-,23.69472222,71.69388889,,10-11-2022 06:00,148.3
2344,2344,Jangral Pzi,CGWB,24,Gujarat,455,Patan,PATAN,PATAN,Jangral Pzi,-,-,-,-,-,-,23.69472222,71.69388889,,30-05-2023 10:00,151.8
2345,2345,Jankh,CGWB,24,Gujarat,452,Narmada,DEDIAPADA,DEDIAPADA,Jankh,-,-,-,-,-,-,21.49222222,73.59694444,,10-01-2021 00:00,1.25
2346,2346,Jankh,CGWB,24,Gujarat,452,Narmada,DEDIAPADA,DEDIAPADA,Jankh,-,-,-,-,-,-,21.49222222,73.59694444,,31-08-2021 06:00,0.9
2347,2347,Jankh,CGWB,24,Gujarat,452,Narmada,DEDIAPADA,DEDIAPADA,Jankh,-,-,-,-,-,-,21.49222222,73.59694444,,30-11-2021 06:00,0.8
2348,2348,Jankh,CGWB,24,Gujarat,452,Narmada,DEDIAPADA,DEDIAPADA,Jankh,-,-,-,-,-,-,21.49222222,73.59694444,,30-01-2022 07:00,1.62
2349,2349,Jankh,CGWB,24,Gujarat,452,Narmada,DEDIAPADA,DEDIAPADA,Jankh,-,-,-,-,-,-,21.49222222,73.59694444,,30-05-2022 06:00,5.7
2350,2350,Jankh,CGWB,24,Gujarat,452,Narmada,DEDIAPADA,DEDIAPADA,Jankh,-,-,-,-,-,-,21.49222222,73.59694444,,30-08-2022 06:00,1.88
2351,2351,Jankh,CGWB,24,Gujarat,452,Narmada,DEDIAPADA,DEDIAPADA,Jankh,-,-,-,-,-,-,21.49222222,73.59694444,,10-11-2022 06:00,1
2352,2352,Jankh,CGWB,24,Gujarat,452,Narmada,DEDIAPADA,DEDIAPADA,Jankh,-,-,-,-,-,-,21.49222222,73.59694444,,30-05-2023 10:00,5.45
2353,2353,Jargla Jargali,CGWB,24,Gujarat,448,Junagadh,UNA,UNA,Jargla Jargali,-,-,-,-,-,-,20.88083333,70.98416667,,10-01-2021 00:00,12.08
2354,2354,Jargla Jargali,CGWB,24,Gujarat,448,Junagadh,UNA,UNA,Jargla Jargali,-,-,-,-,-,-,20.88083333,70.98416667,,31-08-2021 06:00,2.48
2355,2355,Jargla Jargali,CGWB,24,Gujarat,448,Junagadh,UNA,UNA,Jargla Jargali,-,-,-,-,-,-,20.88083333,70.98416667,,30-11-2021 06:00,1.66
2356,2356,Jargla Jargali,CGWB,24,Gujarat,448,Junagadh,UNA,UNA,Jargla Jargali,-,-,-,-,-,-,20.88083333,70.98416667,,30-01-2022 07:00,2.97
2357,2357,Jargla Jargali,CGWB,24,Gujarat,448,Junagadh,UNA,UNA,Jargla Jargali,-,-,-,-,-,-,20.88083333,70.98416667,,30-05-2022 06:00,9.05
2358,2358,Jargla Jargali,CGWB,24,Gujarat,448,Junagadh,UNA,UNA,Jargla Jargali,-,-,-,-,-,-,20.88083333,70.98416667,,30-08-2022 06:00,1.46
2359,2359,Jargla Jargali,CGWB,24,Gujarat,448,Junagadh,UNA,UNA,Jargla Jargali,-,-,-,-,-,-,20.88083333,70.98416667,,30-05-2023 10:00,11.38
2360,2360,Jasapur,CGWB,24,Gujarat,457,Rajkot,JAMKANDORNA,JAMKANDORNA,Jasapur,-,-,-,-,-,-,21.89166667,70.48333333,,10-01-2021 00:00,7.7
2361,2361,Jasapur,CGWB,24,Gujarat,457,Rajkot,JAMKANDORNA,JAMKANDORNA,Jasapur,-,-,-,-,-,-,21.89166667,70.48333333,,30-05-2022 06:00,9.48
2362,2362,Jasapur,CGWB,24,Gujarat,457,Rajkot,JAMKANDORNA,JAMKANDORNA,Jasapur,-,-,-,-,-,-,21.89166667,70.48333333,,30-08-2022 06:00,2.86
2363,2363,Jasapur,CGWB,24,Gujarat,457,Rajkot,JAMKANDORNA,JAMKANDORNA,Jasapur,-,-,-,-,-,-,21.89166667,70.48333333,,10-11-2022 06:00,7.14
2364,2364,Jasapur,CGWB,24,Gujarat,457,Rajkot,JAMKANDORNA,JAMKANDORNA,Jasapur,-,-,-,-,-,-,21.89166667,70.48333333,,30-05-2023 10:00,10.14
2365,2365,Jasdan,CGWB,24,Gujarat,457,Rajkot,JASDAN,JASDAN,Jasdan,-,-,-,-,-,-,22.04444444,71.21388889,,10-01-2021 00:00,4.21
2366,2366,Jasdan,CGWB,24,Gujarat,457,Rajkot,JASDAN,JASDAN,Jasdan,-,-,-,-,-,-,22.04444444,71.21388889,,31-08-2021 06:00,5.01
2367,2367,Jasdan,CGWB,24,Gujarat,457,Rajkot,JASDAN,JASDAN,Jasdan,-,-,-,-,-,-,22.04444444,71.21388889,,30-11-2021 06:00,3.6
2368,2368,Jasdan,CGWB,24,Gujarat,457,Rajkot,JASDAN,JASDAN,Jasdan,-,-,-,-,-,-,22.04444444,71.21388889,,30-01-2022 07:00,4.37
2369,2369,Jasdan,CGWB,24,Gujarat,457,Rajkot,JASDAN,JASDAN,Jasdan,-,-,-,-,-,-,22.04444444,71.21388889,,30-05-2022 06:00,7.85
2370,2370,Jasdan,CGWB,24,Gujarat,457,Rajkot,JASDAN,JASDAN,Jasdan,-,-,-,-,-,-,22.04444444,71.21388889,,10-11-2022 06:00,3.86
2371,2371,Jasdan,CGWB,24,Gujarat,457,Rajkot,JASDAN,JASDAN,Jasdan,-,-,-,-,-,-,22.04444444,71.21388889,,30-05-2023 10:00,6.79
2372,2372,Jasdan2,CGWB,24,Gujarat,457,Rajkot,JASDAN,JASDAN,Jasdan,-,-,-,-,-,-,22.05833333,71.22083333,,10-01-2021 00:00,5.95
2373,2373,Jasdan2,CGWB,24,Gujarat,457,Rajkot,JASDAN,JASDAN,Jasdan,-,-,-,-,-,-,22.05833333,71.22083333,,31-08-2021 06:00,3.65
2374,2374,Jasdan2,CGWB,24,Gujarat,457,Rajkot,JASDAN,JASDAN,Jasdan,-,-,-,-,-,-,22.05833333,71.22083333,,30-11-2021 06:00,5.4
2375,2375,Jasdan2,CGWB,24,Gujarat,457,Rajkot,JASDAN,JASDAN,Jasdan,-,-,-,-,-,-,22.05833333,71.22083333,,30-01-2022 07:00,5.28
2376,2376,Jasdan2,CGWB,24,Gujarat,457,Rajkot,JASDAN,JASDAN,Jasdan,-,-,-,-,-,-,22.05833333,71.22083333,,30-05-2022 06:00,10.2
2377,2377,Jasdan2,CGWB,24,Gujarat,457,Rajkot,JASDAN,JASDAN,Jasdan,-,-,-,-,-,-,22.05833333,71.22083333,,30-08-2022 06:00,0.8
2378,2378,"Jaska(Sy_4"")Pz_II",CGWB,24,Gujarat,451,Mahesana,KHERALU,KHERALU,Jaska,-,-,-,-,-,-,23.82361111,72.53472222,,10-01-2021 00:00,16.18
2379,2379,"Jaska(Sy_4"")Pz_II",CGWB,24,Gujarat,451,Mahesana,KHERALU,KHERALU,Jaska,-,-,-,-,-,-,23.82361111,72.53472222,,31-08-2021 06:00,16.77
2380,2380,"Jaska(Sy_4"")Pz_II",CGWB,24,Gujarat,451,Mahesana,KHERALU,KHERALU,Jaska,-,-,-,-,-,-,23.82361111,72.53472222,,30-11-2021 06:00,15.44
2381,2381,"Jaska(Sy_4"")Pz_II",CGWB,24,Gujarat,451,Mahesana,KHERALU,KHERALU,Jaska,-,-,-,-,-,-,23.82361111,72.53472222,,30-01-2022 07:00,16.95
2382,2382,"Jaska(Sy_4"")Pz_II",CGWB,24,Gujarat,451,Mahesana,KHERALU,KHERALU,Jaska,-,-,-,-,-,-,23.82361111,72.53472222,,30-05-2022 06:00,16.02
2383,2383,"Jaska(Sy_4"")Pz_II",CGWB,24,Gujarat,451,Mahesana,KHERALU,KHERALU,Jaska,-,-,-,-,-,-,23.82361111,72.53472222,,30-08-2022 06:00,15.87
2384,2384,"Jaska(Sy_4"")Pz_II",CGWB,24,Gujarat,451,Mahesana,KHERALU,KHERALU,Jaska,-,-,-,-,-,-,23.82361111,72.53472222,,10-11-2022 06:00,15.17
2385,2385,"Jaska(Sy_8"")Pz_I",CGWB,24,Gujarat,451,Mahesana,KHERALU,KHERALU,Jaska,-,-,-,-,-,-,23.82361111,72.53472222,,31-08-2021 06:00,59.02
2386,2386,"Jaska(Sy_8"")Pz_I",CGWB,24,Gujarat,451,Mahesana,KHERALU,KHERALU,Jaska,-,-,-,-,-,-,23.82361111,72.53472222,,30-11-2021 06:00,58.2
2387,2387,"Jaska(Sy_8"")Pz_I",CGWB,24,Gujarat,451,Mahesana,KHERALU,KHERALU,Jaska,-,-,-,-,-,-,23.82361111,72.53472222,,30-01-2022 07:00,58.97
2388,2388,"Jaska(Sy_8"")Pz_I",CGWB,24,Gujarat,451,Mahesana,KHERALU,KHERALU,Jaska,-,-,-,-,-,-,23.82361111,72.53472222,,30-05-2022 06:00,58.41
2389,2389,"Jaska(Sy_8"")Pz_I",CGWB,24,Gujarat,451,Mahesana,KHERALU,KHERALU,Jaska,-,-,-,-,-,-,23.82361111,72.53472222,,30-08-2022 06:00,15.4
2390,2390,"Jaska(Sy_8"")Pz_I",CGWB,24,Gujarat,451,Mahesana,KHERALU,KHERALU,Jaska,-,-,-,-,-,-,23.82361111,72.53472222,,10-11-2022 06:00,59.15
2391,2391,Javan,CGWB,24,Gujarat,454,Panchmahals,JAMBUGHODA,JAMBUGHODA,Javan,-,-,-,-,-,-,22.40138889,73.68500000,,31-08-2021 06:00,6.2
2392,2392,Javan,CGWB,24,Gujarat,454,Panchmahals,JAMBUGHODA,JAMBUGHODA,Javan,-,-,-,-,-,-,22.40138889,73.68500000,,30-11-2021 06:00,5.05
2393,2393,Javan,CGWB,24,Gujarat,454,Panchmahals,JAMBUGHODA,JAMBUGHODA,Javan,-,-,-,-,-,-,22.40138889,73.68500000,,30-01-2022 07:00,5.9
2394,2394,Javan,CGWB,24,Gujarat,454,Panchmahals,JAMBUGHODA,JAMBUGHODA,Javan,-,-,-,-,-,-,22.40138889,73.68500000,,30-05-2022 06:00,8.9
2395,2395,Javan,CGWB,24,Gujarat,454,Panchmahals,JAMBUGHODA,JAMBUGHODA,Javan,-,-,-,-,-,-,22.40138889,73.68500000,,30-05-2023 10:00,8.64
2396,2396,Jempore,CGWB,24,Gujarat,441,DAMAN,DAMAN,DAMAN,Jempore,-,-,-,-,-,-,20.37777778,72.82694444,,10-01-2021 00:00,1.36
2397,2397,Jempore,CGWB,24,Gujarat,441,DAMAN,DAMAN,DAMAN,Jempore,-,-,-,-,-,-,20.37777778,72.82694444,,30-05-2022 06:00,3.4
2398,2398,Jesar_Pz,CGWB,24,Gujarat,439,Amreli,KUNDLA-SAVAR,KUNDLA-SAVAR,Jesar,-,-,-,-,-,-,21.37138889,71.67027778,,10-01-2021 00:00,6.22
2399,2399,Jesar_Pz,CGWB,24,Gujarat,439,Amreli,KUNDLA-SAVAR,KUNDLA-SAVAR,Jesar,-,-,-,-,-,-,21.37138889,71.67027778,,31-08-2021 06:00,4.48
2400,2400,Jesar_Pz,CGWB,24,Gujarat,439,Amreli,KUNDLA-SAVAR,KUNDLA-SAVAR,Jesar,-,-,-,-,-,-,21.37138889,71.67027778,,30-11-2021 06:00,4.19
2401,2401,Jesar_Pz,CGWB,24,Gujarat,439,Amreli,KUNDLA-SAVAR,KUNDLA-SAVAR,Jesar,-,-,-,-,-,-,21.37138889,71.67027778,,30-01-2022 07:00,4.27
2402,2402,Jesar_Pz,CGWB,24,Gujarat,439,Amreli,KUNDLA-SAVAR,KUNDLA-SAVAR,Jesar,-,-,-,-,-,-,21.37138889,71.67027778,,30-05-2022 06:00,5.65
2403,2403,Jesar_Pz,CGWB,24,Gujarat,439,Amreli,KUNDLA-SAVAR,KUNDLA-SAVAR,Jesar,-,-,-,-,-,-,21.37138889,71.67027778,,30-08-2022 06:00,4.72
2404,2404,Jesar_Pz,CGWB,24,Gujarat,439,Amreli,KUNDLA-SAVAR,KUNDLA-SAVAR,Jesar,-,-,-,-,-,-,21.37138889,71.67027778,,10-11-2022 06:00,5.56
2405,2405,Jesingpura[sg],CGWB,24,Gujarat,459,Surat,SONGADH,SONGADH,Jesingpura[sg],-,-,-,-,-,-,21.17083333,73.55416667,,10-01-2021 00:00,7
2406,2406,Jesingpura[sg],CGWB,24,Gujarat,459,Surat,SONGADH,SONGADH,Jesingpura[sg],-,-,-,-,-,-,21.17083333,73.55416667,,30-08-2022 06:00,0.95
2407,2407,Jesingpura[sg],CGWB,24,Gujarat,459,Surat,SONGADH,SONGADH,Jesingpura[sg],-,-,-,-,-,-,21.17083333,73.55416667,,10-11-2022 06:00,2.64
2408,2408,Jesingpura[sg],CGWB,24,Gujarat,459,Surat,SONGADH,SONGADH,Jesingpura[sg],-,-,-,-,-,-,21.17083333,73.55416667,,30-05-2023 10:00,7.4
2409,2409,Jetpur,CGWB,24,Gujarat,457,Rajkot,JETPUR,JETPUR,Jetpur,-,-,-,-,-,-,21.75611111,70.61944444,,10-01-2021 00:00,5.44
2410,2410,Jetpur,CGWB,24,Gujarat,457,Rajkot,JETPUR,JETPUR,Jetpur,-,-,-,-,-,-,21.75611111,70.61944444,,31-08-2021 06:00,-0.17
2411,2411,Jetpur,CGWB,24,Gujarat,457,Rajkot,JETPUR,JETPUR,Jetpur,-,-,-,-,-,-,21.75611111,70.61944444,,30-11-2021 06:00,-0.08
2412,2412,Jetpur,CGWB,24,Gujarat,457,Rajkot,JETPUR,JETPUR,Jetpur,-,-,-,-,-,-,21.75611111,70.61944444,,30-01-2022 07:00,5.28
2413,2413,Jetpur,CGWB,24,Gujarat,457,Rajkot,JETPUR,JETPUR,Jetpur,-,-,-,-,-,-,21.75611111,70.61944444,,30-05-2022 06:00,12.2
2414,2414,Jetpur,CGWB,24,Gujarat,457,Rajkot,JETPUR,JETPUR,Jetpur,-,-,-,-,-,-,21.75611111,70.61944444,,10-11-2022 06:00,4.37
2415,2415,Jetpur,CGWB,24,Gujarat,457,Rajkot,JETPUR,JETPUR,Jetpur,-,-,-,-,-,-,21.75611111,70.61944444,,30-05-2023 10:00,8.3
2416,2416,Jetpur1,CGWB,24,Gujarat,442,Bharuch,HANSOT,HANSOT,Jetpur,-,-,-,-,-,-,21.49166667,72.70833333,,10-01-2021 00:00,1.6
2417,2417,Jetpur1,CGWB,24,Gujarat,442,Bharuch,HANSOT,HANSOT,Jetpur,-,-,-,-,-,-,21.49166667,72.70833333,,31-08-2021 06:00,4.65
2418,2418,Jetpur1,CGWB,24,Gujarat,442,Bharuch,HANSOT,HANSOT,Jetpur,-,-,-,-,-,-,21.49166667,72.70833333,,30-11-2021 06:00,4.65
2419,2419,Jetpur1,CGWB,24,Gujarat,442,Bharuch,HANSOT,HANSOT,Jetpur,-,-,-,-,-,-,21.49166667,72.70833333,,30-01-2022 07:00,4.13
2420,2420,Jetpur1,CGWB,24,Gujarat,442,Bharuch,HANSOT,HANSOT,Jetpur,-,-,-,-,-,-,21.49166667,72.70833333,,30-05-2022 06:00,4.55
2421,2421,Jetpur1,CGWB,24,Gujarat,442,Bharuch,HANSOT,HANSOT,Jetpur,-,-,-,-,-,-,21.49166667,72.70833333,,30-08-2022 06:00,3.13
2422,2422,Jetpur1,CGWB,24,Gujarat,442,Bharuch,HANSOT,HANSOT,Jetpur,-,-,-,-,-,-,21.49166667,72.70833333,,10-11-2022 06:00,3.62
2423,2423,Jetpur1,CGWB,24,Gujarat,442,Bharuch,HANSOT,HANSOT,Jetpur,-,-,-,-,-,-,21.49166667,72.70833333,,30-05-2023 10:00,5.6000004
2424,2424,Jetpur pithad.,CGWB,24,Gujarat,457,Rajkot,JETPUR,JETPUR,Jetpur pithad.,-,-,-,-,-,-,21.77500000,70.63333333,,10-01-2021 00:00,6.01
2425,2425,Jetpur pithad.,CGWB,24,Gujarat,457,Rajkot,JETPUR,JETPUR,Jetpur pithad.,-,-,-,-,-,-,21.77500000,70.63333333,,31-08-2021 06:00,4.76
2426,2426,Jetpur pithad.,CGWB,24,Gujarat,457,Rajkot,JETPUR,JETPUR,Jetpur pithad.,-,-,-,-,-,-,21.77500000,70.63333333,,30-11-2021 06:00,5.06
2427,2427,Jetpur pithad.,CGWB,24,Gujarat,457,Rajkot,JETPUR,JETPUR,Jetpur pithad.,-,-,-,-,-,-,21.77500000,70.63333333,,30-01-2022 07:00,8.92
2428,2428,Jetpur pithad.,CGWB,24,Gujarat,457,Rajkot,JETPUR,JETPUR,Jetpur pithad.,-,-,-,-,-,-,21.77500000,70.63333333,,30-05-2022 06:00,13.51
2429,2429,Jetpur pithad.,CGWB,24,Gujarat,457,Rajkot,JETPUR,JETPUR,Jetpur pithad.,-,-,-,-,-,-,21.77500000,70.63333333,,30-08-2022 06:00,5.46
2430,2430,Jetpur pithad.,CGWB,24,Gujarat,457,Rajkot,JETPUR,JETPUR,Jetpur pithad.,-,-,-,-,-,-,21.77500000,70.63333333,,10-11-2022 06:00,7.32
2431,2431,Jetpur pithad.,CGWB,24,Gujarat,457,Rajkot,JETPUR,JETPUR,Jetpur pithad.,-,-,-,-,-,-,21.77500000,70.63333333,,30-05-2023 10:00,15.96
2432,2432,Jetpur Pithad,CGWB,24,Gujarat,457,Rajkot,MORVI,MORVI,Jetpur Pithad,-,-,-,-,-,-,23.02194444,70.91805556,,10-01-2021 00:00,10.9
2433,2433,Jetpur Pithad,CGWB,24,Gujarat,457,Rajkot,MORVI,MORVI,Jetpur Pithad,-,-,-,-,-,-,23.02194444,70.91805556,,30-11-2021 06:00,4.17
2434,2434,Jetpur Pithad,CGWB,24,Gujarat,457,Rajkot,MORVI,MORVI,Jetpur Pithad,-,-,-,-,-,-,23.02194444,70.91805556,,30-01-2022 07:00,6.07
2435,2435,Jetpur Pithad,CGWB,24,Gujarat,457,Rajkot,MORVI,MORVI,Jetpur Pithad,-,-,-,-,-,-,23.02194444,70.91805556,,30-05-2022 06:00,8.59
2436,2436,Jetpur Pithad,CGWB,24,Gujarat,457,Rajkot,MORVI,MORVI,Jetpur Pithad,-,-,-,-,-,-,23.02194444,70.91805556,,30-08-2022 06:00,5.6
2437,2437,Jetpur Pithad,CGWB,24,Gujarat,457,Rajkot,MORVI,MORVI,Jetpur Pithad,-,-,-,-,-,-,23.02194444,70.91805556,,30-05-2023 10:00,4.12
2438,2438,Jhalod,CGWB,24,Gujarat,445,Dohad,JHALOD,JHALOD,Jhalod,-,-,-,-,-,-,23.09305556,74.14722222,,10-01-2021 00:00,5.2
2439,2439,Jhalod,CGWB,24,Gujarat,445,Dohad,JHALOD,JHALOD,Jhalod,-,-,-,-,-,-,23.09305556,74.14722222,,31-08-2021 06:00,8.15
2440,2440,Jhalod,CGWB,24,Gujarat,445,Dohad,JHALOD,JHALOD,Jhalod,-,-,-,-,-,-,23.09305556,74.14722222,,30-11-2021 06:00,5.8
2441,2441,Jhalod,CGWB,24,Gujarat,445,Dohad,JHALOD,JHALOD,Jhalod,-,-,-,-,-,-,23.09305556,74.14722222,,30-05-2022 06:00,8.77
2442,2442,Jhalod,CGWB,24,Gujarat,445,Dohad,JHALOD,JHALOD,Jhalod,-,-,-,-,-,-,23.09305556,74.14722222,,30-08-2022 06:00,3.03
2443,2443,Jhalod,CGWB,24,Gujarat,445,Dohad,JHALOD,JHALOD,Jhalod,-,-,-,-,-,-,23.09305556,74.14722222,,10-11-2022 06:00,7.38
2444,2444,Jhalod,CGWB,24,Gujarat,445,Dohad,JHALOD,JHALOD,Jhalod,-,-,-,-,-,-,23.09305556,74.14722222,,10-01-2023 18:00,8.45
2445,2445,Jhalod,CGWB,24,Gujarat,445,Dohad,JHALOD,JHALOD,Jhalod,-,-,-,-,-,-,23.09305556,74.14722222,,30-05-2023 10:00,8.86
2446,2446,Jhalod1,CGWB,24,Gujarat,445,Dohad,JHALOD,JHALOD,Jhalod,-,-,-,-,-,-,23.09166667,74.13333333,,31-08-2021 06:00,13.1
2447,2447,Jhalod1,CGWB,24,Gujarat,445,Dohad,JHALOD,JHALOD,Jhalod,-,-,-,-,-,-,23.09166667,74.13333333,,30-11-2021 06:00,5.9
2448,2448,Jhalod1,CGWB,24,Gujarat,445,Dohad,JHALOD,JHALOD,Jhalod,-,-,-,-,-,-,23.09166667,74.13333333,,30-01-2022 07:00,5.15
2449,2449,Jhalod1,CGWB,24,Gujarat,445,Dohad,JHALOD,JHALOD,Jhalod,-,-,-,-,-,-,23.09166667,74.13333333,,30-08-2022 06:00,2.84
2450,2450,Jhalod1,CGWB,24,Gujarat,445,Dohad,JHALOD,JHALOD,Jhalod,-,-,-,-,-,-,23.09166667,74.13333333,,30-05-2023 10:00,
2451,2451,Jhaloti,CGWB,24,Gujarat,458,Sabarkantha,VIJAYNAGAR,VIJAYNAGAR,Jhaloti,-,-,-,-,-,-,23.95000000,73.33750000,,30-11-2021 06:00,6.6
2452,2452,Jhaloti,CGWB,24,Gujarat,458,Sabarkantha,VIJAYNAGAR,VIJAYNAGAR,Jhaloti,-,-,-,-,-,-,23.95000000,73.33750000,,30-08-2022 06:00,3.71
2453,2453,Jhaloti,CGWB,24,Gujarat,458,Sabarkantha,VIJAYNAGAR,VIJAYNAGAR,Jhaloti,-,-,-,-,-,-,23.95000000,73.33750000,,10-11-2022 06:00,5
2454,2454,Jhaloti,CGWB,24,Gujarat,458,Sabarkantha,VIJAYNAGAR,VIJAYNAGAR,Jhaloti,-,-,-,-,-,-,23.95000000,73.33750000,,10-01-2023 18:00,5.69
2455,2455,Jhanjharwa_Pz_II,CGWB,24,Gujarat,438,Ahmedabad,MANDAL,MANDAL,Dalod,-,-,-,-,-,-,23.41472222,72.05833333,,31-08-2021 06:00,18.78
2456,2456,Jhanjharwa_Pz_II,CGWB,24,Gujarat,438,Ahmedabad,MANDAL,MANDAL,Dalod,-,-,-,-,-,-,23.41472222,72.05833333,,30-05-2022 06:00,17.82
2457,2457,Jhanjharwa_Pz_II,CGWB,24,Gujarat,438,Ahmedabad,MANDAL,MANDAL,Dalod,-,-,-,-,-,-,23.41472222,72.05833333,,30-08-2022 06:00,7.16
2458,2458,Jhanjharwa_Pz_II,CGWB,24,Gujarat,438,Ahmedabad,MANDAL,MANDAL,Dalod,-,-,-,-,-,-,23.41472222,72.05833333,,10-11-2022 06:00,7.78
2459,2459,Jhanjharwa_Pz_II,CGWB,24,Gujarat,438,Ahmedabad,MANDAL,MANDAL,Dalod,-,-,-,-,-,-,23.41472222,72.05833333,,30-05-2023 10:00,13.48
2460,2460,Jhankhavav,CGWB,24,Gujarat,459,Surat,MANGROL,MANGROL,Jhankhavav,-,-,-,-,-,-,21.45000000,73.32916667,,10-01-2021 00:00,5.1
2461,2461,Jhankhavav,CGWB,24,Gujarat,459,Surat,MANGROL,MANGROL,Jhankhavav,-,-,-,-,-,-,21.45000000,73.32916667,,31-08-2021 06:00,5.7
2462,2462,Jhankhavav,CGWB,24,Gujarat,459,Surat,MANGROL,MANGROL,Jhankhavav,-,-,-,-,-,-,21.45000000,73.32916667,,30-11-2021 06:00,4.7
2463,2463,Jhankhavav,CGWB,24,Gujarat,459,Surat,MANGROL,MANGROL,Jhankhavav,-,-,-,-,-,-,21.45000000,73.32916667,,30-01-2022 07:00,5.1
2464,2464,Jhankhavav,CGWB,24,Gujarat,459,Surat,MANGROL,MANGROL,Jhankhavav,-,-,-,-,-,-,21.45000000,73.32916667,,30-08-2022 06:00,3.5
2465,2465,Jhankhavav,CGWB,24,Gujarat,459,Surat,MANGROL,MANGROL,Jhankhavav,-,-,-,-,-,-,21.45000000,73.32916667,,10-11-2022 06:00,4.9
2466,2466,Jhankhvav,CGWB,24,Gujarat,459,Surat,MANGROL,MANGROL,Jhankhvav,-,-,-,-,-,-,21.46666667,72.95277778,,10-01-2021 00:00,3.3
2467,2467,Jhankhvav,CGWB,24,Gujarat,459,Surat,MANGROL,MANGROL,Jhankhvav,-,-,-,-,-,-,21.46666667,72.95277778,,31-08-2021 06:00,4.65
2468,2468,Jhankhvav,CGWB,24,Gujarat,459,Surat,MANGROL,MANGROL,Jhankhvav,-,-,-,-,-,-,21.46666667,72.95277778,,30-11-2021 06:00,4.04
2469,2469,Jhankhvav,CGWB,24,Gujarat,459,Surat,MANGROL,MANGROL,Jhankhvav,-,-,-,-,-,-,21.46666667,72.95277778,,30-01-2022 07:00,4.85
2470,2470,Jhankhvav,CGWB,24,Gujarat,459,Surat,MANGROL,MANGROL,Jhankhvav,-,-,-,-,-,-,21.46666667,72.95277778,,30-05-2022 06:00,9.95
2471,2471,Jhankhvav,CGWB,24,Gujarat,459,Surat,MANGROL,MANGROL,Jhankhvav,-,-,-,-,-,-,21.46666667,72.95277778,,10-11-2022 06:00,4.25
2472,2472,Jhankhvav,CGWB,24,Gujarat,459,Surat,MANGROL,MANGROL,Jhankhvav,-,-,-,-,-,-,21.46666667,72.95277778,,30-08-2023 18:00,4.5
2473,2473,Jhat,CGWB,24,Gujarat,441,Banaskantha,DANTIWADA,DANTIWADA,Jhat,-,-,-,-,-,-,24.48750000,72.35277778,,31-08-2021 06:00,16.35
2474,2474,Jhat,CGWB,24,Gujarat,441,Banaskantha,DANTIWADA,DANTIWADA,Jhat,-,-,-,-,-,-,24.48750000,72.35277778,,30-11-2021 06:00,15.82
2475,2475,Jhat,CGWB,24,Gujarat,441,Banaskantha,DANTIWADA,DANTIWADA,Jhat,-,-,-,-,-,-,24.48750000,72.35277778,,30-01-2022 07:00,15.83
2476,2476,Jhat,CGWB,24,Gujarat,441,Banaskantha,DANTIWADA,DANTIWADA,Jhat,-,-,-,-,-,-,24.48750000,72.35277778,,10-11-2022 06:00,15.93
2477,2477,Jhat,CGWB,24,Gujarat,441,Banaskantha,DANTIWADA,DANTIWADA,Jhat,-,-,-,-,-,-,24.48750000,72.35277778,,01-01-2023 00:00,16.88
2478,2478,Jhinjhuwada,CGWB,24,Gujarat,460,Surendranagar,DASADA,DASADA,Jhinjhuwada,-,-,-,-,-,-,23.35000000,71.65833333,,10-01-2021 00:00,8.5
2479,2479,Jhinjhuwada,CGWB,24,Gujarat,460,Surendranagar,DASADA,DASADA,Jhinjhuwada,-,-,-,-,-,-,23.35000000,71.65833333,,31-08-2021 06:00,7.85
2480,2480,Jhinjhuwada,CGWB,24,Gujarat,460,Surendranagar,DASADA,DASADA,Jhinjhuwada,-,-,-,-,-,-,23.35000000,71.65833333,,30-11-2021 06:00,8.8
2481,2481,Jhinjhuwada,CGWB,24,Gujarat,460,Surendranagar,DASADA,DASADA,Jhinjhuwada,-,-,-,-,-,-,23.35000000,71.65833333,,30-01-2022 07:00,9.62
2482,2482,Jhinjhuwada,CGWB,24,Gujarat,460,Surendranagar,DASADA,DASADA,Jhinjhuwada,-,-,-,-,-,-,23.35000000,71.65833333,,30-05-2022 06:00,8.85
2483,2483,Jhinjhuwada,CGWB,24,Gujarat,460,Surendranagar,DASADA,DASADA,Jhinjhuwada,-,-,-,-,-,-,23.35000000,71.65833333,,30-08-2022 06:00,4.05
2484,2484,Jhinjhuwada,CGWB,24,Gujarat,460,Surendranagar,DASADA,DASADA,Jhinjhuwada,-,-,-,-,-,-,23.35000000,71.65833333,,10-11-2022 06:00,3.7
2485,2485,Jholapur_Pz_I,CGWB,24,Gujarat,438,Ahmedabad,SANAND,SANAND,Jholapur,-,-,-,-,-,-,22.98750000,72.20416667,,10-01-2021 00:00,92.51
2486,2486,Jholapur_Pz_I,CGWB,24,Gujarat,438,Ahmedabad,SANAND,SANAND,Jholapur,-,-,-,-,-,-,22.98750000,72.20416667,,31-08-2021 06:00,84.89
2487,2487,Jholapur_Pz_I,CGWB,24,Gujarat,438,Ahmedabad,SANAND,SANAND,Jholapur,-,-,-,-,-,-,22.98750000,72.20416667,,30-11-2021 06:00,79.96
2488,2488,Jholapur_Pz_I,CGWB,24,Gujarat,438,Ahmedabad,SANAND,SANAND,Jholapur,-,-,-,-,-,-,22.98750000,72.20416667,,30-05-2022 06:00,81.42
2489,2489,Jholapur_Pz_I,CGWB,24,Gujarat,438,Ahmedabad,SANAND,SANAND,Jholapur,-,-,-,-,-,-,22.98750000,72.20416667,,30-08-2022 06:00,75.49
2490,2490,Jholapur_Pz_I,CGWB,24,Gujarat,438,Ahmedabad,SANAND,SANAND,Jholapur,-,-,-,-,-,-,22.98750000,72.20416667,,10-11-2022 06:00,76.29
2491,2491,Jholapur_Pz_I,CGWB,24,Gujarat,438,Ahmedabad,SANAND,SANAND,Jholapur,-,-,-,-,-,-,22.98750000,72.20416667,,30-05-2023 10:00,89.65
2492,2492,Jiav,CGWB,24,Gujarat,459,Surat,SURAT CITY,SURAT CITY,Surat,-,-,-,-,-,-,21.11500000,72.83527778,,30-08-2023 18:00,3.15
2493,2493,Jojh,CGWB,24,Gujarat,461,Vadodara,CHHOTA UDAIPUR,CHHOTA UDAIPUR,Jojh,-,-,-,-,-,-,22.44166667,73.96250000,,10-01-2021 00:00,8.1
2494,2494,Jojh,CGWB,24,Gujarat,461,Vadodara,CHHOTA UDAIPUR,CHHOTA UDAIPUR,Jojh,-,-,-,-,-,-,22.44166667,73.96250000,,31-08-2021 06:00,8.08
2495,2495,Jojh,CGWB,24,Gujarat,461,Vadodara,CHHOTA UDAIPUR,CHHOTA UDAIPUR,Jojh,-,-,-,-,-,-,22.44166667,73.96250000,,30-11-2021 06:00,8.2
2496,2496,Jojh,CGWB,24,Gujarat,461,Vadodara,CHHOTA UDAIPUR,CHHOTA UDAIPUR,Jojh,-,-,-,-,-,-,22.44166667,73.96250000,,30-01-2022 07:00,7.94
2497,2497,Jojh,CGWB,24,Gujarat,461,Vadodara,CHHOTA UDAIPUR,CHHOTA UDAIPUR,Jojh,-,-,-,-,-,-,22.44166667,73.96250000,,30-08-2022 06:00,1.6
2498,2498,Jojh,CGWB,24,Gujarat,461,Vadodara,CHHOTA UDAIPUR,CHHOTA UDAIPUR,Jojh,-,-,-,-,-,-,22.44166667,73.96250000,,10-11-2022 06:00,7.52
2499,2499,Jojh,CGWB,24,Gujarat,461,Vadodara,CHHOTA UDAIPUR,CHHOTA UDAIPUR,Jojh,-,-,-,-,-,-,22.44166667,73.96250000,,30-05-2023 10:00,11.8
2500,2500,Jokha,CGWB,24,Gujarat,454,Panchmahals,LUNAWADA,LUNAWADA,Jokha,-,-,-,-,-,-,23.06194444,73.62027778,,10-01-2021 00:00,6.55
2501,2501,Jokha,CGWB,24,Gujarat,454,Panchmahals,LUNAWADA,LUNAWADA,Jokha,-,-,-,-,-,-,23.06194444,73.62027778,,31-08-2021 06:00,9.52
2502,2502,Jokha,CGWB,24,Gujarat,454,Panchmahals,LUNAWADA,LUNAWADA,Jokha,-,-,-,-,-,-,23.06194444,73.62027778,,30-11-2021 06:00,6.08
2503,2503,Jokha,CGWB,24,Gujarat,454,Panchmahals,LUNAWADA,LUNAWADA,Jokha,-,-,-,-,-,-,23.06194444,73.62027778,,30-01-2022 07:00,7.88
2504,2504,Jokha,CGWB,24,Gujarat,454,Panchmahals,LUNAWADA,LUNAWADA,Jokha,-,-,-,-,-,-,23.06194444,73.62027778,,30-05-2022 06:00,7.68
2505,2505,Jokha,CGWB,24,Gujarat,454,Panchmahals,LUNAWADA,LUNAWADA,Jokha,-,-,-,-,-,-,23.06194444,73.62027778,,30-08-2022 06:00,5.45
2506,2506,Jokha,CGWB,24,Gujarat,454,Panchmahals,LUNAWADA,LUNAWADA,Jokha,-,-,-,-,-,-,23.06194444,73.62027778,,10-11-2022 06:00,7.3
2507,2507,Jokha,CGWB,24,Gujarat,454,Panchmahals,LUNAWADA,LUNAWADA,Jokha,-,-,-,-,-,-,23.06194444,73.62027778,,30-05-2023 10:00,
2508,2508,Jokhla,CGWB,24,Gujarat,442,Bharuch,VALIA,VALIA,Jokhla,-,-,-,-,-,-,21.59583333,73.16916667,,10-01-2021 00:00,2.9
2509,2509,Jokhla,CGWB,24,Gujarat,442,Bharuch,VALIA,VALIA,Jokhla,-,-,-,-,-,-,21.59583333,73.16916667,,31-08-2021 06:00,2.5
2510,2510,Jokhla,CGWB,24,Gujarat,442,Bharuch,VALIA,VALIA,Jokhla,-,-,-,-,-,-,21.59583333,73.16916667,,30-11-2021 06:00,0.5
2511,2511,Jokhla,CGWB,24,Gujarat,442,Bharuch,VALIA,VALIA,Jokhla,-,-,-,-,-,-,21.59583333,73.16916667,,30-01-2022 07:00,4.9
2512,2512,Jokhla,CGWB,24,Gujarat,442,Bharuch,VALIA,VALIA,Jokhla,-,-,-,-,-,-,21.59583333,73.16916667,,30-05-2022 06:00,3.68
2513,2513,Jokhla,CGWB,24,Gujarat,442,Bharuch,VALIA,VALIA,Jokhla,-,-,-,-,-,-,21.59583333,73.16916667,,30-08-2022 06:00,6.7
2514,2514,Jokhla,CGWB,24,Gujarat,442,Bharuch,VALIA,VALIA,Jokhla,-,-,-,-,-,-,21.59583333,73.16916667,,10-11-2022 06:00,3.87
2515,2515,Jokhla,CGWB,24,Gujarat,442,Bharuch,VALIA,VALIA,Jokhla,-,-,-,-,-,-,21.59583333,73.16916667,,30-05-2023 10:00,4.2999997
2516,2516,Jotana Pzi,CGWB,24,Gujarat,451,Mahesana,MAHESANA,MAHESANA,Jotana Pzi,-,-,-,-,-,-,23.47388889,72.28777778,,10-01-2021 00:00,146.08
2517,2517,Jotana Pzi,CGWB,24,Gujarat,451,Mahesana,MAHESANA,MAHESANA,Jotana Pzi,-,-,-,-,-,-,23.47388889,72.28777778,,31-08-2021 06:00,130.23
2518,2518,Jotana Pzi,CGWB,24,Gujarat,451,Mahesana,MAHESANA,MAHESANA,Jotana Pzi,-,-,-,-,-,-,23.47388889,72.28777778,,30-11-2021 06:00,135.95
2519,2519,Jotana Pzi,CGWB,24,Gujarat,451,Mahesana,MAHESANA,MAHESANA,Jotana Pzi,-,-,-,-,-,-,23.47388889,72.28777778,,30-01-2022 07:00,131.4
2520,2520,Jotana Pzi,CGWB,24,Gujarat,451,Mahesana,MAHESANA,MAHESANA,Jotana Pzi,-,-,-,-,-,-,23.47388889,72.28777778,,30-05-2022 06:00,135.46
2521,2521,Jotana Pzii,CGWB,24,Gujarat,451,Mahesana,MAHESANA,MAHESANA,Jotana Pzii,-,-,-,-,-,-,23.47388889,72.28777778,,10-01-2021 00:00,18.18
2522,2522,Jotana Pzii,CGWB,24,Gujarat,451,Mahesana,MAHESANA,MAHESANA,Jotana Pzii,-,-,-,-,-,-,23.47388889,72.28777778,,30-05-2022 06:00,15.35
2523,2523,Jotana Pzii,CGWB,24,Gujarat,451,Mahesana,MAHESANA,MAHESANA,Jotana Pzii,-,-,-,-,-,-,23.47388889,72.28777778,,30-08-2022 06:00,13.55
2524,2524,Jotana Pzii,CGWB,24,Gujarat,451,Mahesana,MAHESANA,MAHESANA,Jotana Pzii,-,-,-,-,-,-,23.47388889,72.28777778,,10-11-2022 06:00,12.25
2525,2525,Jotana Pziii,CGWB,24,Gujarat,451,Mahesana,MAHESANA,MAHESANA,Jotana Pziii,-,-,-,-,-,-,23.46666667,72.29722222,,31-08-2021 06:00,16.62
2526,2526,Jotana Pziii,CGWB,24,Gujarat,451,Mahesana,MAHESANA,MAHESANA,Jotana Pziii,-,-,-,-,-,-,23.46666667,72.29722222,,30-11-2021 06:00,14.67
2527,2527,Jotana Pziii,CGWB,24,Gujarat,451,Mahesana,MAHESANA,MAHESANA,Jotana Pziii,-,-,-,-,-,-,23.46666667,72.29722222,,30-01-2022 07:00,16.63
2528,2528,Juna borbhata,CGWB,24,Gujarat,442,Bharuch,ANKLESVAR,ANKLESVAR,Juna borbhata,-,-,-,-,-,-,21.67500000,72.97500000,,10-01-2021 00:00,8.5
2529,2529,Juna borbhata,CGWB,24,Gujarat,442,Bharuch,ANKLESVAR,ANKLESVAR,Juna borbhata,-,-,-,-,-,-,21.67500000,72.97500000,,31-08-2021 06:00,8.5
2530,2530,Juna borbhata,CGWB,24,Gujarat,442,Bharuch,ANKLESVAR,ANKLESVAR,Juna borbhata,-,-,-,-,-,-,21.67500000,72.97500000,,30-11-2021 06:00,8.5
2531,2531,Juna borbhata,CGWB,24,Gujarat,442,Bharuch,ANKLESVAR,ANKLESVAR,Juna borbhata,-,-,-,-,-,-,21.67500000,72.97500000,,30-01-2022 07:00,8.5
2532,2532,Juna borbhata,CGWB,24,Gujarat,442,Bharuch,ANKLESVAR,ANKLESVAR,Juna borbhata,-,-,-,-,-,-,21.67500000,72.97500000,,30-08-2022 06:00,3.44
2533,2533,Juna borbhata,CGWB,24,Gujarat,442,Bharuch,ANKLESVAR,ANKLESVAR,Juna borbhata,-,-,-,-,-,-,21.67500000,72.97500000,,10-11-2022 06:00,5.5
2534,2534,Juna borbhata,CGWB,24,Gujarat,442,Bharuch,ANKLESVAR,ANKLESVAR,Juna borbhata,-,-,-,-,-,-,21.67500000,72.97500000,,30-05-2023 10:00,4.5
2535,2535,Juna Devaliya 1,CGWB,24,Gujarat,460,Surendranagar,HALVAD,HALVAD,Juna Devaliya,-,-,-,-,-,-,22.97944444,71.00888889,,10-01-2021 00:00,1.5
2536,2536,Juna Devaliya 1,CGWB,24,Gujarat,460,Surendranagar,HALVAD,HALVAD,Juna Devaliya,-,-,-,-,-,-,22.97944444,71.00888889,,30-11-2021 06:00,4.48
2537,2537,Juna Devaliya 1,CGWB,24,Gujarat,460,Surendranagar,HALVAD,HALVAD,Juna Devaliya,-,-,-,-,-,-,22.97944444,71.00888889,,30-08-2022 06:00,3.21
2538,2538,Juna Devaliya 1,CGWB,24,Gujarat,460,Surendranagar,HALVAD,HALVAD,Juna Devaliya,-,-,-,-,-,-,22.97944444,71.00888889,,10-11-2022 06:00,4.38
2539,2539,Junagadh,CGWB,24,Gujarat,448,Junagadh,JUNAGADH,JUNAGADH,Junagadh,-,-,-,-,-,-,21.50944444,70.46222222,,10-01-2021 00:00,10.25
2540,2540,Junagadh,CGWB,24,Gujarat,448,Junagadh,JUNAGADH,JUNAGADH,Junagadh,-,-,-,-,-,-,21.50944444,70.46222222,,31-08-2021 06:00,11.14
2541,2541,Junagadh,CGWB,24,Gujarat,448,Junagadh,JUNAGADH,JUNAGADH,Junagadh,-,-,-,-,-,-,21.50944444,70.46222222,,30-11-2021 06:00,9.25
2542,2542,Junagadh,CGWB,24,Gujarat,448,Junagadh,JUNAGADH,JUNAGADH,Junagadh,-,-,-,-,-,-,21.50944444,70.46222222,,30-01-2022 07:00,8.02
2543,2543,Junagadh,CGWB,24,Gujarat,448,Junagadh,JUNAGADH,JUNAGADH,Junagadh,-,-,-,-,-,-,21.50944444,70.46222222,,30-05-2022 06:00,13.12
2544,2544,Junagadh,CGWB,24,Gujarat,448,Junagadh,JUNAGADH,JUNAGADH,Junagadh,-,-,-,-,-,-,21.50944444,70.46222222,,10-11-2022 06:00,9.95
2545,2545,Junagadh,CGWB,24,Gujarat,448,Junagadh,JUNAGADH,JUNAGADH,Junagadh,-,-,-,-,-,-,21.50944444,70.46222222,,30-05-2023 10:00,13.09
2546,2546,Junagadh1,CGWB,24,Gujarat,448,Junagadh,JUNAGADH,JUNAGADH,Junagadh,-,-,-,-,-,-,21.51666667,70.45833333,,10-01-2021 00:00,1.92
2547,2547,Junagadh1,CGWB,24,Gujarat,448,Junagadh,JUNAGADH,JUNAGADH,Junagadh,-,-,-,-,-,-,21.51666667,70.45833333,,31-08-2021 06:00,6.7
2548,2548,Junagadh1,CGWB,24,Gujarat,448,Junagadh,JUNAGADH,JUNAGADH,Junagadh,-,-,-,-,-,-,21.51666667,70.45833333,,30-11-2021 06:00,2.5
2549,2549,Junagadh1,CGWB,24,Gujarat,448,Junagadh,JUNAGADH,JUNAGADH,Junagadh,-,-,-,-,-,-,21.51666667,70.45833333,,30-01-2022 07:00,1.69
2550,2550,Junagadh1,CGWB,24,Gujarat,448,Junagadh,JUNAGADH,JUNAGADH,Junagadh,-,-,-,-,-,-,21.51666667,70.45833333,,30-05-2022 06:00,10.17
2551,2551,Junagadh1,CGWB,24,Gujarat,448,Junagadh,JUNAGADH,JUNAGADH,Junagadh,-,-,-,-,-,-,21.51666667,70.45833333,,30-08-2022 06:00,1.7
2552,2552,Junagadh1,CGWB,24,Gujarat,448,Junagadh,JUNAGADH,JUNAGADH,Junagadh,-,-,-,-,-,-,21.51666667,70.45833333,,10-11-2022 06:00,2.83
2553,2553,Junagadh1,CGWB,24,Gujarat,448,Junagadh,JUNAGADH,JUNAGADH,Junagadh,-,-,-,-,-,-,21.51666667,70.45833333,,30-05-2023 10:00,12.650001
2554,2554,Juna samalya,CGWB,24,Gujarat,461,Vadodara,SAVLI,SAVLI,Juna samalya,-,-,-,-,-,-,22.50416667,73.28333333,,10-01-2021 00:00,12.4
2555,2555,Juna samalya,CGWB,24,Gujarat,461,Vadodara,SAVLI,SAVLI,Juna samalya,-,-,-,-,-,-,22.50416667,73.28333333,,31-08-2021 06:00,9.02
2556,2556,Juna samalya,CGWB,24,Gujarat,461,Vadodara,SAVLI,SAVLI,Juna samalya,-,-,-,-,-,-,22.50416667,73.28333333,,30-11-2021 06:00,9.9
2557,2557,Juna samalya,CGWB,24,Gujarat,461,Vadodara,SAVLI,SAVLI,Juna samalya,-,-,-,-,-,-,22.50416667,73.28333333,,30-01-2022 07:00,3.88
2558,2558,Juna samalya,CGWB,24,Gujarat,461,Vadodara,SAVLI,SAVLI,Juna samalya,-,-,-,-,-,-,22.50416667,73.28333333,,30-05-2022 06:00,13.87
2559,2559,Juna samalya,CGWB,24,Gujarat,461,Vadodara,SAVLI,SAVLI,Juna samalya,-,-,-,-,-,-,22.50416667,73.28333333,,30-08-2022 06:00,6.02
2560,2560,Juna samalya,CGWB,24,Gujarat,461,Vadodara,SAVLI,SAVLI,Juna samalya,-,-,-,-,-,-,22.50416667,73.28333333,,10-11-2022 06:00,11.87
2561,2561,Juna samalya,CGWB,24,Gujarat,461,Vadodara,SAVLI,SAVLI,Juna samalya,-,-,-,-,-,-,22.50416667,73.28333333,,30-05-2023 10:00,12.5
2562,2562,Junasavar_Pz,CGWB,24,Gujarat,439,Amreli,KUNDLA-SAVAR,KUNDLA-SAVAR,Junasavar,-,-,-,-,-,-,21.46388889,71.38888889,,30-11-2021 06:00,12.8
2563,2563,Junasavar_Pz,CGWB,24,Gujarat,439,Amreli,KUNDLA-SAVAR,KUNDLA-SAVAR,Junasavar,-,-,-,-,-,-,21.46388889,71.38888889,,30-01-2022 07:00,12.25
2564,2564,Juna umarpada,CGWB,24,Gujarat,459,Surat,UMARPADA,UMARPADA,Juna umarpada,-,-,-,-,-,-,21.45833333,73.49166667,,10-01-2021 00:00,5.58
2565,2565,Juna umarpada,CGWB,24,Gujarat,459,Surat,UMARPADA,UMARPADA,Juna umarpada,-,-,-,-,-,-,21.45833333,73.49166667,,31-08-2021 06:00,4
2566,2566,Juna umarpada,CGWB,24,Gujarat,459,Surat,UMARPADA,UMARPADA,Juna umarpada,-,-,-,-,-,-,21.45833333,73.49166667,,30-11-2021 06:00,3.1
2567,2567,Juna umarpada,CGWB,24,Gujarat,459,Surat,UMARPADA,UMARPADA,Juna umarpada,-,-,-,-,-,-,21.45833333,73.49166667,,30-01-2022 07:00,3.55
2568,2568,Juna umarpada,CGWB,24,Gujarat,459,Surat,UMARPADA,UMARPADA,Juna umarpada,-,-,-,-,-,-,21.45833333,73.49166667,,30-08-2022 06:00,0.7
2569,2569,Juna Umarpada2,CGWB,24,Gujarat,459,Surat,UMARPADA,-,-,-,-,-,-,-,-,21.44916667,73.48666667,,10-01-2021 00:00,4.85
2570,2570,Juna Umarpada2,CGWB,24,Gujarat,459,Surat,UMARPADA,-,-,-,-,-,-,-,-,21.44916667,73.48666667,,30-08-2023 18:00,0.3
2571,2571,Juna vasadra,CGWB,24,Gujarat,450,Kheda,BALASINOR,BALASINOR,Juna vasadra,-,-,-,-,-,-,23.08333333,73.36250000,,10-01-2021 00:00,2.83
2572,2572,Juna vasadra,CGWB,24,Gujarat,450,Kheda,BALASINOR,BALASINOR,Juna vasadra,-,-,-,-,-,-,23.08333333,73.36250000,,31-08-2021 06:00,3.34
2573,2573,Juna vasadra,CGWB,24,Gujarat,450,Kheda,BALASINOR,BALASINOR,Juna vasadra,-,-,-,-,-,-,23.08333333,73.36250000,,30-11-2021 06:00,4.5
2574,2574,Juna vasadra,CGWB,24,Gujarat,450,Kheda,BALASINOR,BALASINOR,Juna vasadra,-,-,-,-,-,-,23.08333333,73.36250000,,30-01-2022 07:00,2.95
2575,2575,Juna vasadra,CGWB,24,Gujarat,450,Kheda,BALASINOR,BALASINOR,Juna vasadra,-,-,-,-,-,-,23.08333333,73.36250000,,30-05-2022 06:00,4.35
2576,2576,Juna vasadra,CGWB,24,Gujarat,450,Kheda,BALASINOR,BALASINOR,Juna vasadra,-,-,-,-,-,-,23.08333333,73.36250000,,10-11-2022 06:00,1.55
2577,2577,Juna vasadra,CGWB,24,Gujarat,450,Kheda,BALASINOR,BALASINOR,Juna vasadra,-,-,-,-,-,-,23.08333333,73.36250000,,10-01-2023 18:00,2.18
2578,2578,Juna vasadra,CGWB,24,Gujarat,450,Kheda,BALASINOR,BALASINOR,Juna vasadra,-,-,-,-,-,-,23.08333333,73.36250000,,30-05-2023 10:00,4.15
2579,2579,Juthal,CGWB,24,Gujarat,448,Junagadh,MANGROL,MANGROL,Juthal,-,-,-,-,-,-,21.16666667,70.26666667,,10-01-2021 00:00,6.71
2580,2580,Juthal,CGWB,24,Gujarat,448,Junagadh,MANGROL,MANGROL,Juthal,-,-,-,-,-,-,21.16666667,70.26666667,,31-08-2021 06:00,5.78
2581,2581,Juthal,CGWB,24,Gujarat,448,Junagadh,MANGROL,MANGROL,Juthal,-,-,-,-,-,-,21.16666667,70.26666667,,30-11-2021 06:00,6.63
2582,2582,Juthal,CGWB,24,Gujarat,448,Junagadh,MANGROL,MANGROL,Juthal,-,-,-,-,-,-,21.16666667,70.26666667,,30-01-2022 07:00,5.73
2583,2583,Juthal,CGWB,24,Gujarat,448,Junagadh,MANGROL,MANGROL,Juthal,-,-,-,-,-,-,21.16666667,70.26666667,,30-05-2022 06:00,6.38
2584,2584,Juthal,CGWB,24,Gujarat,448,Junagadh,MANGROL,MANGROL,Juthal,-,-,-,-,-,-,21.16666667,70.26666667,,30-08-2022 06:00,4.93
2585,2585,Juthal,CGWB,24,Gujarat,448,Junagadh,MANGROL,MANGROL,Juthal,-,-,-,-,-,-,21.16666667,70.26666667,,10-11-2022 06:00,6.48
2586,2586,Juthal,CGWB,24,Gujarat,448,Junagadh,MANGROL,MANGROL,Juthal,-,-,-,-,-,-,21.16666667,70.26666667,,30-05-2023 10:00,6.58
2587,2587,Juvanpur,CGWB,24,Gujarat,447,Jamnagar,KALYANPUR,KALYANPUR,Juvanpur,-,-,-,-,-,-,22.17083333,69.36666667,,10-01-2021 00:00,5.4
2588,2588,Juvanpur,CGWB,24,Gujarat,447,Jamnagar,KALYANPUR,KALYANPUR,Juvanpur,-,-,-,-,-,-,22.17083333,69.36666667,,30-11-2021 06:00,3
2589,2589,Juvanpur,CGWB,24,Gujarat,447,Jamnagar,KALYANPUR,KALYANPUR,Juvanpur,-,-,-,-,-,-,22.17083333,69.36666667,,30-01-2022 07:00,5
2590,2590,Juvanpur,CGWB,24,Gujarat,447,Jamnagar,KALYANPUR,KALYANPUR,Juvanpur,-,-,-,-,-,-,22.17083333,69.36666667,,30-08-2022 06:00,2.15
2591,2591,Juvanpur,CGWB,24,Gujarat,447,Jamnagar,KALYANPUR,KALYANPUR,Juvanpur,-,-,-,-,-,-,22.17083333,69.36666667,,10-11-2022 06:00,5.41
2592,2592,Kadegi,CGWB,24,Gujarat,456,Porbandar,KUTIYANA,KUTIYANA,Kadegi,-,-,-,-,-,-,21.45055556,69.98333333,,10-01-2021 00:00,0.9
2593,2593,Kadegi,CGWB,24,Gujarat,456,Porbandar,KUTIYANA,KUTIYANA,Kadegi,-,-,-,-,-,-,21.45055556,69.98333333,,31-08-2021 06:00,-0.41
2594,2594,Kadegi,CGWB,24,Gujarat,456,Porbandar,KUTIYANA,KUTIYANA,Kadegi,-,-,-,-,-,-,21.45055556,69.98333333,,30-11-2021 06:00,1.84
2595,2595,Kadegi,CGWB,24,Gujarat,456,Porbandar,KUTIYANA,KUTIYANA,Kadegi,-,-,-,-,-,-,21.45055556,69.98333333,,30-05-2022 06:00,1.84
2596,2596,Kadegi,CGWB,24,Gujarat,456,Porbandar,KUTIYANA,KUTIYANA,Kadegi,-,-,-,-,-,-,21.45055556,69.98333333,,30-08-2022 06:00,0.06
2597,2597,Kadegi,CGWB,24,Gujarat,456,Porbandar,KUTIYANA,KUTIYANA,Kadegi,-,-,-,-,-,-,21.45055556,69.98333333,,30-05-2023 10:00,2.04
2598,2598,Kadiyali,CGWB,24,Gujarat,439,Amreli,JAFRABAD,JAFRABAD,Kadiyali,-,-,-,-,-,-,20.90833333,71.36027778,,10-01-2021 00:00,5.36
2599,2599,Kadiyali,CGWB,24,Gujarat,439,Amreli,JAFRABAD,JAFRABAD,Kadiyali,-,-,-,-,-,-,20.90833333,71.36027778,,31-08-2021 06:00,1.63
2600,2600,Kadiyali,CGWB,24,Gujarat,439,Amreli,JAFRABAD,JAFRABAD,Kadiyali,-,-,-,-,-,-,20.90833333,71.36027778,,30-11-2021 06:00,1.65
2601,2601,Kadiyali,CGWB,24,Gujarat,439,Amreli,JAFRABAD,JAFRABAD,Kadiyali,-,-,-,-,-,-,20.90833333,71.36027778,,30-01-2022 07:00,1.97
2602,2602,Kadiyali,CGWB,24,Gujarat,439,Amreli,JAFRABAD,JAFRABAD,Kadiyali,-,-,-,-,-,-,20.90833333,71.36027778,,30-05-2022 06:00,3.05
2603,2603,Kadiyali,CGWB,24,Gujarat,439,Amreli,JAFRABAD,JAFRABAD,Kadiyali,-,-,-,-,-,-,20.90833333,71.36027778,,30-08-2022 06:00,1.06
2604,2604,Kadod 1,CGWB,24,Gujarat,459,Surat,BARDOLI,BARDOLI,Kadod,-,-,-,-,-,-,21.22138889,73.21888889,,10-01-2021 00:00,13.83
2605,2605,Kadod 1,CGWB,24,Gujarat,459,Surat,BARDOLI,BARDOLI,Kadod,-,-,-,-,-,-,21.22138889,73.21888889,,31-08-2021 06:00,2.25
2606,2606,Kadod 1,CGWB,24,Gujarat,459,Surat,BARDOLI,BARDOLI,Kadod,-,-,-,-,-,-,21.22138889,73.21888889,,30-11-2021 06:00,2.05
2607,2607,Kadod 1,CGWB,24,Gujarat,459,Surat,BARDOLI,BARDOLI,Kadod,-,-,-,-,-,-,21.22138889,73.21888889,,30-01-2022 07:00,2.35
2608,2608,Kadod 1,CGWB,24,Gujarat,459,Surat,BARDOLI,BARDOLI,Kadod,-,-,-,-,-,-,21.22138889,73.21888889,,30-08-2022 06:00,9
2609,2609,Kadod 1,CGWB,24,Gujarat,459,Surat,BARDOLI,BARDOLI,Kadod,-,-,-,-,-,-,21.22138889,73.21888889,,30-08-2023 18:00,0.29999998
2610,2610,Kadodara,CGWB,24,Gujarat,442,Bharuch,VAGRA,VAGRA,Kadodara,-,-,-,-,-,-,21.76250000,72.63888889,,10-01-2021 00:00,7.2
2611,2611,Kadodara,CGWB,24,Gujarat,442,Bharuch,VAGRA,VAGRA,Kadodara,-,-,-,-,-,-,21.76250000,72.63888889,,31-08-2021 06:00,5.55
2612,2612,Kadodara,CGWB,24,Gujarat,442,Bharuch,VAGRA,VAGRA,Kadodara,-,-,-,-,-,-,21.76250000,72.63888889,,30-11-2021 06:00,6.3
2613,2613,Kadodara,CGWB,24,Gujarat,442,Bharuch,VAGRA,VAGRA,Kadodara,-,-,-,-,-,-,21.76250000,72.63888889,,30-01-2022 07:00,6.41
2614,2614,Kadodara,CGWB,24,Gujarat,442,Bharuch,VAGRA,VAGRA,Kadodara,-,-,-,-,-,-,21.76250000,72.63888889,,30-05-2022 06:00,8.81
2615,2615,Kadodara,CGWB,24,Gujarat,442,Bharuch,VAGRA,VAGRA,Kadodara,-,-,-,-,-,-,21.76250000,72.63888889,,30-08-2022 06:00,5.25
2616,2616,Kadodara,CGWB,24,Gujarat,442,Bharuch,VAGRA,VAGRA,Kadodara,-,-,-,-,-,-,21.76250000,72.63888889,,10-11-2022 06:00,8.37
2617,2617,Kadodara,CGWB,24,Gujarat,442,Bharuch,VAGRA,VAGRA,Kadodara,-,-,-,-,-,-,21.76250000,72.63888889,,30-05-2023 10:00,8.9
2618,2618,Kajuda,CGWB,24,Gujarat,447,Jamnagar,KHAMBHALIA,KHAMBHALIA,Kajuda,-,-,-,-,-,-,22.33333333,69.70833333,,10-01-2021 00:00,2.88
2619,2619,Kajuda,CGWB,24,Gujarat,447,Jamnagar,KHAMBHALIA,KHAMBHALIA,Kajuda,-,-,-,-,-,-,22.33333333,69.70833333,,31-08-2021 06:00,1.55
2620,2620,Kajuda,CGWB,24,Gujarat,447,Jamnagar,KHAMBHALIA,KHAMBHALIA,Kajuda,-,-,-,-,-,-,22.33333333,69.70833333,,30-11-2021 06:00,1.6
2621,2621,Kajuda,CGWB,24,Gujarat,447,Jamnagar,KHAMBHALIA,KHAMBHALIA,Kajuda,-,-,-,-,-,-,22.33333333,69.70833333,,30-01-2022 07:00,2.03
2622,2622,Kajuda,CGWB,24,Gujarat,447,Jamnagar,KHAMBHALIA,KHAMBHALIA,Kajuda,-,-,-,-,-,-,22.33333333,69.70833333,,30-05-2022 06:00,5.27
2623,2623,Kajuda,CGWB,24,Gujarat,447,Jamnagar,KHAMBHALIA,KHAMBHALIA,Kajuda,-,-,-,-,-,-,22.33333333,69.70833333,,30-08-2022 06:00,1.51
2624,2624,Kajuda,CGWB,24,Gujarat,447,Jamnagar,KHAMBHALIA,KHAMBHALIA,Kajuda,-,-,-,-,-,-,22.33333333,69.70833333,,10-11-2022 06:00,2.13
2625,2625,Kajuda,CGWB,24,Gujarat,447,Jamnagar,KHAMBHALIA,KHAMBHALIA,Kajuda,-,-,-,-,-,-,22.33333333,69.70833333,,30-05-2023 10:00,4.6
2626,2626,Kakarwa,CGWB,24,Gujarat,449,Kachchh,BHACHAU,BHACHAU,Kakarwa,-,-,-,-,-,-,23.47500000,70.40416667,,10-01-2021 00:00,17.45
2627,2627,Kakarwa,CGWB,24,Gujarat,449,Kachchh,BHACHAU,BHACHAU,Kakarwa,-,-,-,-,-,-,23.47500000,70.40416667,,31-08-2021 06:00,10.65
2628,2628,Kakarwa,CGWB,24,Gujarat,449,Kachchh,BHACHAU,BHACHAU,Kakarwa,-,-,-,-,-,-,23.47500000,70.40416667,,30-11-2021 06:00,12.1
2629,2629,Kakarwa,CGWB,24,Gujarat,449,Kachchh,BHACHAU,BHACHAU,Kakarwa,-,-,-,-,-,-,23.47500000,70.40416667,,10-11-2022 06:00,10.25
2630,2630,Kakarwa,CGWB,24,Gujarat,449,Kachchh,BHACHAU,BHACHAU,Kakarwa,-,-,-,-,-,-,23.47500000,70.40416667,,30-05-2023 10:00,10.45
2631,2631,Kakosi Pz-I,CGWB,24,Gujarat,455,Patan,SIDHPUR,SIDHPUR,Kakosi,-,-,-,-,-,-,24.00166667,72.30583333,,30-05-2022 06:00,150.79
2632,2632,Kakosi Pz-I,CGWB,24,Gujarat,455,Patan,SIDHPUR,SIDHPUR,Kakosi,-,-,-,-,-,-,24.00166667,72.30583333,,30-08-2022 06:00,146.4
2633,2633,Kakosi Pz-I,CGWB,24,Gujarat,455,Patan,SIDHPUR,SIDHPUR,Kakosi,-,-,-,-,-,-,24.00166667,72.30583333,,10-11-2022 06:00,146.26
2634,2634,Kakosi Pz-I,CGWB,24,Gujarat,455,Patan,SIDHPUR,SIDHPUR,Kakosi,-,-,-,-,-,-,24.00166667,72.30583333,,30-05-2023 10:00,150.7
2635,2635,Kalak1,CGWB,24,Gujarat,442,Bharuch,JAMBUSAR,JAMBUSAR,Kalak,-,-,-,-,-,-,22.01861111,72.76305556,,10-01-2021 00:00,4.8
2636,2636,Kalak1,CGWB,24,Gujarat,442,Bharuch,JAMBUSAR,JAMBUSAR,Kalak,-,-,-,-,-,-,22.01861111,72.76305556,,31-08-2021 06:00,6.35
2637,2637,Kalak1,CGWB,24,Gujarat,442,Bharuch,JAMBUSAR,JAMBUSAR,Kalak,-,-,-,-,-,-,22.01861111,72.76305556,,30-11-2021 06:00,5
2638,2638,Kalak1,CGWB,24,Gujarat,442,Bharuch,JAMBUSAR,JAMBUSAR,Kalak,-,-,-,-,-,-,22.01861111,72.76305556,,30-01-2022 07:00,4.57
2639,2639,Kalak1,CGWB,24,Gujarat,442,Bharuch,JAMBUSAR,JAMBUSAR,Kalak,-,-,-,-,-,-,22.01861111,72.76305556,,30-05-2022 06:00,7.57
2640,2640,Kalak1,CGWB,24,Gujarat,442,Bharuch,JAMBUSAR,JAMBUSAR,Kalak,-,-,-,-,-,-,22.01861111,72.76305556,,30-08-2022 06:00,2.6
2641,2641,Kalak1,CGWB,24,Gujarat,442,Bharuch,JAMBUSAR,JAMBUSAR,Kalak,-,-,-,-,-,-,22.01861111,72.76305556,,10-11-2022 06:00,5.95
2642,2642,Kalak1,CGWB,24,Gujarat,442,Bharuch,JAMBUSAR,JAMBUSAR,Kalak,-,-,-,-,-,-,22.01861111,72.76305556,,30-05-2023 10:00,6.2999997
2643,2643,Kalawad,CGWB,24,Gujarat,447,Jamnagar,KALAVAD,KALAVAD,Kalawad,-,-,-,-,-,-,22.21666667,70.38333333,,10-01-2021 00:00,2.81
2644,2644,Kalawad,CGWB,24,Gujarat,447,Jamnagar,KALAVAD,KALAVAD,Kalawad,-,-,-,-,-,-,22.21666667,70.38333333,,30-11-2021 06:00,2.63
2645,2645,Kalawad,CGWB,24,Gujarat,447,Jamnagar,KALAVAD,KALAVAD,Kalawad,-,-,-,-,-,-,22.21666667,70.38333333,,30-01-2022 07:00,2.95
2646,2646,Kalawad,CGWB,24,Gujarat,447,Jamnagar,KALAVAD,KALAVAD,Kalawad,-,-,-,-,-,-,22.21666667,70.38333333,,30-05-2022 06:00,3.28
2647,2647,Kalawad,CGWB,24,Gujarat,447,Jamnagar,KALAVAD,KALAVAD,Kalawad,-,-,-,-,-,-,22.21666667,70.38333333,,10-11-2022 06:00,0.48
2648,2648,Kalawad,CGWB,24,Gujarat,447,Jamnagar,KALAVAD,KALAVAD,Kalawad,-,-,-,-,-,-,22.21666667,70.38333333,,30-05-2023 10:00,4.33
2649,2649,Kalej,CGWB,24,Gujarat,448,Junagadh,MANGROL,MANGROL,Kalej,-,-,-,-,-,-,21.24861111,70.05833333,,10-01-2021 00:00,3.35
2650,2650,Kalej,CGWB,24,Gujarat,448,Junagadh,MANGROL,MANGROL,Kalej,-,-,-,-,-,-,21.24861111,70.05833333,,31-08-2021 06:00,3.48
2651,2651,Kalej,CGWB,24,Gujarat,448,Junagadh,MANGROL,MANGROL,Kalej,-,-,-,-,-,-,21.24861111,70.05833333,,30-11-2021 06:00,4.1
2652,2652,Kalej,CGWB,24,Gujarat,448,Junagadh,MANGROL,MANGROL,Kalej,-,-,-,-,-,-,21.24861111,70.05833333,,30-01-2022 07:00,2.45
2653,2653,Kalej,CGWB,24,Gujarat,448,Junagadh,MANGROL,MANGROL,Kalej,-,-,-,-,-,-,21.24861111,70.05833333,,30-05-2022 06:00,7.38
2654,2654,Kalej,CGWB,24,Gujarat,448,Junagadh,MANGROL,MANGROL,Kalej,-,-,-,-,-,-,21.24861111,70.05833333,,30-08-2022 06:00,1.07
2655,2655,Kalej,CGWB,24,Gujarat,448,Junagadh,MANGROL,MANGROL,Kalej,-,-,-,-,-,-,21.24861111,70.05833333,,10-11-2022 06:00,1.9
2656,2656,Kalej,CGWB,24,Gujarat,448,Junagadh,MANGROL,MANGROL,Kalej,-,-,-,-,-,-,21.24861111,70.05833333,,30-05-2023 10:00,9.2
2657,2657,Kalesar,CGWB,24,Gujarat,450,Kheda,THASRA,THASRA,Kalesar,-,-,-,-,-,-,22.72083333,73.19166667,,10-01-2021 00:00,2.23
2658,2658,Kalesar,CGWB,24,Gujarat,450,Kheda,THASRA,THASRA,Kalesar,-,-,-,-,-,-,22.72083333,73.19166667,,31-08-2021 06:00,0.56
2659,2659,Kalesar,CGWB,24,Gujarat,450,Kheda,THASRA,THASRA,Kalesar,-,-,-,-,-,-,22.72083333,73.19166667,,30-11-2021 06:00,1.3
2660,2660,Kalesar,CGWB,24,Gujarat,450,Kheda,THASRA,THASRA,Kalesar,-,-,-,-,-,-,22.72083333,73.19166667,,30-01-2022 07:00,0.8
2661,2661,Kalesar,CGWB,24,Gujarat,450,Kheda,THASRA,THASRA,Kalesar,-,-,-,-,-,-,22.72083333,73.19166667,,30-05-2022 06:00,2.67
2662,2662,Kalesar,CGWB,24,Gujarat,450,Kheda,THASRA,THASRA,Kalesar,-,-,-,-,-,-,22.72083333,73.19166667,,30-08-2022 06:00,0.54
2663,2663,Kalesar,CGWB,24,Gujarat,450,Kheda,THASRA,THASRA,Kalesar,-,-,-,-,-,-,22.72083333,73.19166667,,10-11-2022 06:00,0.67
2664,2664,Kalesar,CGWB,24,Gujarat,450,Kheda,THASRA,THASRA,Kalesar,-,-,-,-,-,-,22.72083333,73.19166667,,10-01-2023 18:00,1.3
2665,2665,Kalesar,CGWB,24,Gujarat,450,Kheda,THASRA,THASRA,Kalesar,-,-,-,-,-,-,22.72083333,73.19166667,,30-05-2023 10:00,2.6000001
2666,2666,Kalibel,CGWB,24,Gujarat,444,Dang,The dangs,The dangs,Kalibel,-,-,-,-,-,-,20.92083333,73.58055556,,10-01-2021 00:00,0.8
2667,2667,Kalibel,CGWB,24,Gujarat,444,Dang,The dangs,The dangs,Kalibel,-,-,-,-,-,-,20.92083333,73.58055556,,31-08-2021 06:00,1.85
2668,2668,Kalibel,CGWB,24,Gujarat,444,Dang,The dangs,The dangs,Kalibel,-,-,-,-,-,-,20.92083333,73.58055556,,30-11-2021 06:00,0.9
2669,2669,Kalibel,CGWB,24,Gujarat,444,Dang,The dangs,The dangs,Kalibel,-,-,-,-,-,-,20.92083333,73.58055556,,30-01-2022 07:00,1.32
2670,2670,Kalibel,CGWB,24,Gujarat,444,Dang,The dangs,The dangs,Kalibel,-,-,-,-,-,-,20.92083333,73.58055556,,30-05-2022 06:00,2.9
2671,2671,Kalibel,CGWB,24,Gujarat,444,Dang,The dangs,The dangs,Kalibel,-,-,-,-,-,-,20.92083333,73.58055556,,10-11-2022 06:00,0.85
2672,2672,Kalibel,CGWB,24,Gujarat,444,Dang,The dangs,The dangs,Kalibel,-,-,-,-,-,-,20.92083333,73.58055556,,30-05-2023 10:00,2.9999998
2673,2673,Kalibel,CGWB,24,Gujarat,444,Dang,The dangs,The dangs,Kalibel,-,-,-,-,-,-,20.92083333,73.58055556,,30-08-2023 18:00,0.84999996
2674,2674,Kalithad1,CGWB,24,Gujarat,457,Rajkot,GONDAL,GONDAL,Kalithad,-,-,-,-,-,-,22.01944444,70.66027778,,10-01-2021 00:00,7.2
2675,2675,Kalithad1,CGWB,24,Gujarat,457,Rajkot,GONDAL,GONDAL,Kalithad,-,-,-,-,-,-,22.01944444,70.66027778,,30-05-2022 06:00,7.3
2676,2676,Kalithad1,CGWB,24,Gujarat,457,Rajkot,GONDAL,GONDAL,Kalithad,-,-,-,-,-,-,22.01944444,70.66027778,,10-11-2022 06:00,3.15
2677,2677,Kaliyari,CGWB,24,Gujarat,453,Navsari,CHIKHLI,CHIKHLI,Kaliyari,-,-,-,-,-,-,20.72500000,73.15000000,,10-01-2021 00:00,2.73
2678,2678,Kaliyari,CGWB,24,Gujarat,453,Navsari,CHIKHLI,CHIKHLI,Kaliyari,-,-,-,-,-,-,20.72500000,73.15000000,,31-08-2021 06:00,3.77
2679,2679,Kaliyari,CGWB,24,Gujarat,453,Navsari,CHIKHLI,CHIKHLI,Kaliyari,-,-,-,-,-,-,20.72500000,73.15000000,,30-11-2021 06:00,2.6
2680,2680,Kaliyari,CGWB,24,Gujarat,453,Navsari,CHIKHLI,CHIKHLI,Kaliyari,-,-,-,-,-,-,20.72500000,73.15000000,,30-01-2022 07:00,2.7
2681,2681,Kaliyari,CGWB,24,Gujarat,453,Navsari,CHIKHLI,CHIKHLI,Kaliyari,-,-,-,-,-,-,20.72500000,73.15000000,,30-05-2022 06:00,9.64
2682,2682,Kaliyari,CGWB,24,Gujarat,453,Navsari,CHIKHLI,CHIKHLI,Kaliyari,-,-,-,-,-,-,20.72500000,73.15000000,,30-08-2022 06:00,1.2
2683,2683,Kaliyari,CGWB,24,Gujarat,453,Navsari,CHIKHLI,CHIKHLI,Kaliyari,-,-,-,-,-,-,20.72500000,73.15000000,,10-11-2022 06:00,2.75
2684,2684,Kaliyari,CGWB,24,Gujarat,453,Navsari,CHIKHLI,CHIKHLI,Kaliyari,-,-,-,-,-,-,20.72500000,73.15000000,,30-05-2023 10:00,12.3
2685,2685,Kaliyari,CGWB,24,Gujarat,453,Navsari,CHIKHLI,CHIKHLI,Kaliyari,-,-,-,-,-,-,20.72500000,73.15000000,,30-08-2023 18:00,1.5000001
2686,2686,Kalol(Nest)_Pz_II,CGWB,24,Gujarat,446,Gandhinagar,KALOL,KALOL,Kalol (medium),-,-,-,-,-,-,23.25833333,72.47222222,,30-11-2021 06:00,127.22
2687,2687,Kalol(Nest)_Pz_II,CGWB,24,Gujarat,446,Gandhinagar,KALOL,KALOL,Kalol (medium),-,-,-,-,-,-,23.25833333,72.47222222,,30-01-2022 07:00,131.04
2688,2688,Kalol(Nest)_Pz_III,CGWB,24,Gujarat,446,Gandhinagar,KALOL,KALOL,Kalol (shallow),-,-,-,-,-,-,23.25833333,72.47222222,,31-08-2021 06:00,125.93
2689,2689,Kalol(Nest)_Pz_III,CGWB,24,Gujarat,446,Gandhinagar,KALOL,KALOL,Kalol (shallow),-,-,-,-,-,-,23.25833333,72.47222222,,30-11-2021 06:00,59.65
2690,2690,Kalol(Nest)_Pz_III,CGWB,24,Gujarat,446,Gandhinagar,KALOL,KALOL,Kalol (shallow),-,-,-,-,-,-,23.25833333,72.47222222,,30-05-2022 06:00,55.73
2691,2691,Kalol(Nest)_Pz_III,CGWB,24,Gujarat,446,Gandhinagar,KALOL,KALOL,Kalol (shallow),-,-,-,-,-,-,23.25833333,72.47222222,,30-08-2022 06:00,128.59
2692,2692,Kalol(Nest)_Pz_III,CGWB,24,Gujarat,446,Gandhinagar,KALOL,KALOL,Kalol (shallow),-,-,-,-,-,-,23.25833333,72.47222222,,10-11-2022 06:00,129.09
2693,2693,Kalol(Nest)_Pz_III,CGWB,24,Gujarat,446,Gandhinagar,KALOL,KALOL,Kalol (shallow),-,-,-,-,-,-,23.25833333,72.47222222,,10-01-2023 18:00,62.78
2694,2694,Kalol(Nest)_Pz_III,CGWB,24,Gujarat,446,Gandhinagar,KALOL,KALOL,Kalol (shallow),-,-,-,-,-,-,23.25833333,72.47222222,,30-05-2023 10:00,149.67
2695,2695,Kalol(Rep)_Pz_II,CGWB,24,Gujarat,446,Gandhinagar,KALOL,KALOL,Kalol,-,-,-,-,-,-,23.24333333,72.48500000,,10-01-2021 00:00,133.34
2696,2696,Kalol(Rep)_Pz_II,CGWB,24,Gujarat,446,Gandhinagar,KALOL,KALOL,Kalol,-,-,-,-,-,-,23.24333333,72.48500000,,31-08-2021 06:00,55.74
2697,2697,Kalol(Rep)_Pz_II,CGWB,24,Gujarat,446,Gandhinagar,KALOL,KALOL,Kalol,-,-,-,-,-,-,23.24333333,72.48500000,,30-11-2021 06:00,55.41
2698,2698,Kalol(Rep)_Pz_II,CGWB,24,Gujarat,446,Gandhinagar,KALOL,KALOL,Kalol,-,-,-,-,-,-,23.24333333,72.48500000,,10-01-2023 18:00,55.09
2699,2699,Kalol(Rep)_Pz_II,CGWB,24,Gujarat,446,Gandhinagar,KALOL,KALOL,Kalol,-,-,-,-,-,-,23.24333333,72.48500000,,30-05-2023 10:00,84.76
2700,2700,Kalol_UR1,CGWB,24,Gujarat,454,Panchmahals,KALOL,KALOL,Kalol,-,-,-,-,-,-,22.60027778,73.44333333,,10-01-2021 00:00,16.44
2701,2701,Kalol_UR1,CGWB,24,Gujarat,454,Panchmahals,KALOL,KALOL,Kalol,-,-,-,-,-,-,22.60027778,73.44333333,,31-08-2021 06:00,12.4
2702,2702,Kalol_UR1,CGWB,24,Gujarat,454,Panchmahals,KALOL,KALOL,Kalol,-,-,-,-,-,-,22.60027778,73.44333333,,30-11-2021 06:00,11.45
2703,2703,Kalol_UR1,CGWB,24,Gujarat,454,Panchmahals,KALOL,KALOL,Kalol,-,-,-,-,-,-,22.60027778,73.44333333,,30-01-2022 07:00,11.7
2704,2704,Kalol_UR1,CGWB,24,Gujarat,454,Panchmahals,KALOL,KALOL,Kalol,-,-,-,-,-,-,22.60027778,73.44333333,,30-05-2022 06:00,13.4
2705,2705,Kalol_UR1,CGWB,24,Gujarat,454,Panchmahals,KALOL,KALOL,Kalol,-,-,-,-,-,-,22.60027778,73.44333333,,30-08-2022 06:00,10.94
2706,2706,Kalol_UR1,CGWB,24,Gujarat,454,Panchmahals,KALOL,KALOL,Kalol,-,-,-,-,-,-,22.60027778,73.44333333,,10-11-2022 06:00,10.24
2707,2707,Kalol_UR1,CGWB,24,Gujarat,454,Panchmahals,KALOL,KALOL,Kalol,-,-,-,-,-,-,22.60027778,73.44333333,,30-05-2023 10:00,13.1
2708,2708,Kalol_UR2,CGWB,24,Gujarat,454,Panchmahals,KALOL,KALOL,Kalol,-,-,-,-,-,-,22.58972222,73.45138889,,10-01-2021 00:00,11.02
2709,2709,Kalol_UR2,CGWB,24,Gujarat,454,Panchmahals,KALOL,KALOL,Kalol,-,-,-,-,-,-,22.58972222,73.45138889,,31-08-2021 06:00,17.04
2710,2710,Kalol_UR2,CGWB,24,Gujarat,454,Panchmahals,KALOL,KALOL,Kalol,-,-,-,-,-,-,22.58972222,73.45138889,,30-11-2021 06:00,16.56
2711,2711,Kalol_UR2,CGWB,24,Gujarat,454,Panchmahals,KALOL,KALOL,Kalol,-,-,-,-,-,-,22.58972222,73.45138889,,30-01-2022 07:00,18.19
2712,2712,Kalol_UR2,CGWB,24,Gujarat,454,Panchmahals,KALOL,KALOL,Kalol,-,-,-,-,-,-,22.58972222,73.45138889,,30-05-2022 06:00,17.64
2713,2713,Kalol_UR2,CGWB,24,Gujarat,454,Panchmahals,KALOL,KALOL,Kalol,-,-,-,-,-,-,22.58972222,73.45138889,,30-08-2022 06:00,0.41
2714,2714,Kalol_UR2,CGWB,24,Gujarat,454,Panchmahals,KALOL,KALOL,Kalol,-,-,-,-,-,-,22.58972222,73.45138889,,10-11-2022 06:00,15.24
2715,2715,Kalol_UR2,CGWB,24,Gujarat,454,Panchmahals,KALOL,KALOL,Kalol,-,-,-,-,-,-,22.58972222,73.45138889,,30-05-2023 10:00,17.79
2716,2716,Kalyanpur,CGWB,24,Gujarat,451,Mahesana,KADI,KADI,Kalyanpur,-,-,-,-,-,-,23.12694444,72.19305556,,31-08-2021 06:00,3.24
2717,2717,Kalyanpur,CGWB,24,Gujarat,451,Mahesana,KADI,KADI,Kalyanpur,-,-,-,-,-,-,23.12694444,72.19305556,,30-11-2021 06:00,1.38
2718,2718,Kalyanpur,CGWB,24,Gujarat,451,Mahesana,KADI,KADI,Kalyanpur,-,-,-,-,-,-,23.12694444,72.19305556,,30-01-2022 07:00,2.36
2719,2719,Kalyanpur,CGWB,24,Gujarat,451,Mahesana,KADI,KADI,Kalyanpur,-,-,-,-,-,-,23.12694444,72.19305556,,30-05-2022 06:00,3.43
2720,2720,Kalyanpur,CGWB,24,Gujarat,451,Mahesana,KADI,KADI,Kalyanpur,-,-,-,-,-,-,23.12694444,72.19305556,,30-08-2022 06:00,0.9
2721,2721,Kalyanpur,CGWB,24,Gujarat,451,Mahesana,KADI,KADI,Kalyanpur,-,-,-,-,-,-,23.12694444,72.19305556,,10-11-2022 06:00,1.73
2722,2722,Kalyanpur2,CGWB,24,Gujarat,457,Rajkot,TANKARA,TANKARA,Kalyanpur,-,-,-,-,-,-,22.65833333,70.73333333,,10-01-2021 00:00,2.3
2723,2723,Kalyanpur2,CGWB,24,Gujarat,447,Jamnagar,KALYANPUR,KALYANPUR,Kalyanpur,-,-,-,-,-,-,22.01666667,69.39166667,,31-08-2021 06:00,3.05
2724,2724,Kalyanpur2,CGWB,24,Gujarat,457,Rajkot,TANKARA,TANKARA,Kalyanpur,-,-,-,-,-,-,22.65833333,70.73333333,,31-08-2021 06:00,2.45
2725,2725,Kalyanpur2,CGWB,24,Gujarat,447,Jamnagar,KALYANPUR,KALYANPUR,Kalyanpur,-,-,-,-,-,-,22.01666667,69.39166667,,30-11-2021 06:00,2.5
2726,2726,Kalyanpur2,CGWB,24,Gujarat,457,Rajkot,TANKARA,TANKARA,Kalyanpur,-,-,-,-,-,-,22.65833333,70.73333333,,30-11-2021 06:00,1.4
2727,2727,Kalyanpur2,CGWB,24,Gujarat,457,Rajkot,TANKARA,TANKARA,Kalyanpur,-,-,-,-,-,-,22.65833333,70.73333333,,30-01-2022 07:00,2.35
2728,2728,Kalyanpur2,CGWB,24,Gujarat,447,Jamnagar,KALYANPUR,KALYANPUR,Kalyanpur,-,-,-,-,-,-,22.01666667,69.39166667,,30-01-2022 07:00,2.2
2729,2729,Kalyanpur2,CGWB,24,Gujarat,447,Jamnagar,KALYANPUR,KALYANPUR,Kalyanpur,-,-,-,-,-,-,22.01666667,69.39166667,,30-05-2022 06:00,25.74
2730,2730,Kalyanpur2,CGWB,24,Gujarat,457,Rajkot,TANKARA,TANKARA,Kalyanpur,-,-,-,-,-,-,22.65833333,70.73333333,,30-05-2022 06:00,6.36
2731,2731,Kalyanpur2,CGWB,24,Gujarat,447,Jamnagar,KALYANPUR,KALYANPUR,Kalyanpur,-,-,-,-,-,-,22.01666667,69.39166667,,30-08-2022 06:00,1.42
2732,2732,Kalyanpur2,CGWB,24,Gujarat,457,Rajkot,TANKARA,TANKARA,Kalyanpur,-,-,-,-,-,-,22.65833333,70.73333333,,30-08-2022 06:00,0.95
2733,2733,Kalyanpur2,CGWB,24,Gujarat,457,Rajkot,TANKARA,TANKARA,Kalyanpur,-,-,-,-,-,-,22.65833333,70.73333333,,10-11-2022 06:00,2.38
2734,2734,Kalyanpur2,CGWB,24,Gujarat,447,Jamnagar,KALYANPUR,KALYANPUR,Kalyanpur,-,-,-,-,-,-,22.01666667,69.39166667,,10-11-2022 06:00,5.38
2735,2735,Kalyanpur2,CGWB,24,Gujarat,457,Rajkot,TANKARA,TANKARA,Kalyanpur,-,-,-,-,-,-,22.65833333,70.73333333,,30-05-2023 10:00,1.6
2736,2736,Kalyanpur2,CGWB,24,Gujarat,447,Jamnagar,KALYANPUR,KALYANPUR,Kalyanpur,-,-,-,-,-,-,22.01666667,69.39166667,,30-05-2023 10:00,26.07
2737,2737,Kamlapur,CGWB,24,Gujarat,457,Rajkot,JASDAN,JASDAN,Kamlapur,-,-,-,-,-,-,22.14583333,71.20000000,,10-01-2021 00:00,6.75
2738,2738,Kamlapur,CGWB,24,Gujarat,457,Rajkot,JASDAN,JASDAN,Kamlapur,-,-,-,-,-,-,22.14583333,71.20000000,,31-08-2021 06:00,3.65
2739,2739,Kamlapur,CGWB,24,Gujarat,457,Rajkot,JASDAN,JASDAN,Kamlapur,-,-,-,-,-,-,22.14583333,71.20000000,,30-11-2021 06:00,4.05
2740,2740,Kamlapur,CGWB,24,Gujarat,457,Rajkot,JASDAN,JASDAN,Kamlapur,-,-,-,-,-,-,22.14583333,71.20000000,,30-01-2022 07:00,5.65
2741,2741,Kamlapur,CGWB,24,Gujarat,457,Rajkot,JASDAN,JASDAN,Kamlapur,-,-,-,-,-,-,22.14583333,71.20000000,,30-05-2022 06:00,11.35
2742,2742,Kamlapur,CGWB,24,Gujarat,457,Rajkot,JASDAN,JASDAN,Kamlapur,-,-,-,-,-,-,22.14583333,71.20000000,,30-08-2022 06:00,1.78
2743,2743,Kamlapur,CGWB,24,Gujarat,457,Rajkot,JASDAN,JASDAN,Kamlapur,-,-,-,-,-,-,22.14583333,71.20000000,,10-11-2022 06:00,5.52
2744,2744,Kamlapur,CGWB,24,Gujarat,457,Rajkot,JASDAN,JASDAN,Kamlapur,-,-,-,-,-,-,22.14583333,71.20000000,,30-05-2023 10:00,12.05
2745,2745,Kamlapur1,CGWB,24,Gujarat,457,Rajkot,JASDAN,JASDAN,Kamlapur,-,-,-,-,-,-,22.15194444,71.19972222,,30-08-2022 06:00,2.25
2746,2746,Kanadipur,CGWB,24,Gujarat,448,Junagadh,MENDARDA,MENDARDA,Kanadipur,-,-,-,-,-,-,21.27222222,70.47972222,,10-01-2021 00:00,1.62
2747,2747,Kanadu,CGWB,24,Gujarat,462,Valsad,UMBERGAON,UMBERGAON,Kanadu,-,-,-,-,-,-,20.32500000,72.84166667,,10-01-2021 00:00,5.95
2748,2748,Kanadu,CGWB,24,Gujarat,462,Valsad,UMBERGAON,UMBERGAON,Kanadu,-,-,-,-,-,-,20.32500000,72.84166667,,31-08-2021 06:00,3.8
2749,2749,Kanadu,CGWB,24,Gujarat,462,Valsad,UMBERGAON,UMBERGAON,Kanadu,-,-,-,-,-,-,20.32500000,72.84166667,,30-11-2021 06:00,1.7
2750,2750,Kanadu,CGWB,24,Gujarat,462,Valsad,UMBERGAON,UMBERGAON,Kanadu,-,-,-,-,-,-,20.32500000,72.84166667,,30-01-2022 07:00,0.3
2751,2751,Kanadu,CGWB,24,Gujarat,462,Valsad,UMBERGAON,UMBERGAON,Kanadu,-,-,-,-,-,-,20.32500000,72.84166667,,30-08-2022 06:00,0.5
2752,2752,Kanadu,CGWB,24,Gujarat,462,Valsad,UMBERGAON,UMBERGAON,Kanadu,-,-,-,-,-,-,20.32500000,72.84166667,,10-11-2022 06:00,0.55
2753,2753,Kanadu,CGWB,24,Gujarat,462,Valsad,UMBERGAON,UMBERGAON,Kanadu,-,-,-,-,-,-,20.32500000,72.84166667,,30-05-2023 10:00,4.9
2754,2754,Kanbi pitha,CGWB,24,Gujarat,452,Narmada,DEDIAPADA,DEDIAPADA,Kanbi pitha,-,-,-,-,-,-,21.52083333,73.64583333,,10-01-2021 00:00,2.25
2755,2755,Kanbi pitha,CGWB,24,Gujarat,452,Narmada,DEDIAPADA,DEDIAPADA,Kanbi pitha,-,-,-,-,-,-,21.52083333,73.64583333,,31-08-2021 06:00,3.25
2756,2756,Kanbi pitha,CGWB,24,Gujarat,452,Narmada,DEDIAPADA,DEDIAPADA,Kanbi pitha,-,-,-,-,-,-,21.52083333,73.64583333,,30-11-2021 06:00,2.9
2757,2757,Kanbi pitha,CGWB,24,Gujarat,452,Narmada,DEDIAPADA,DEDIAPADA,Kanbi pitha,-,-,-,-,-,-,21.52083333,73.64583333,,30-01-2022 07:00,2.59
2758,2758,Kanbi pitha,CGWB,24,Gujarat,452,Narmada,DEDIAPADA,DEDIAPADA,Kanbi pitha,-,-,-,-,-,-,21.52083333,73.64583333,,30-05-2022 06:00,4.15
2759,2759,Kanbi pitha,CGWB,24,Gujarat,452,Narmada,DEDIAPADA,DEDIAPADA,Kanbi pitha,-,-,-,-,-,-,21.52083333,73.64583333,,10-11-2022 06:00,1.02
2760,2760,Kanbi pitha,CGWB,24,Gujarat,452,Narmada,DEDIAPADA,DEDIAPADA,Kanbi pitha,-,-,-,-,-,-,21.52083333,73.64583333,,30-05-2023 10:00,4.18
2761,2761,Kandorna,CGWB,24,Gujarat,456,Porbandar,RANAVAV,RANAVAV,Kandorna,-,-,-,-,-,-,21.64777778,69.88333333,,10-01-2021 00:00,6.36
2762,2762,Kandorna,CGWB,24,Gujarat,456,Porbandar,RANAVAV,RANAVAV,Kandorna,-,-,-,-,-,-,21.64777778,69.88333333,,31-08-2021 06:00,12.05
2763,2763,Kandorna,CGWB,24,Gujarat,456,Porbandar,RANAVAV,RANAVAV,Kandorna,-,-,-,-,-,-,21.64777778,69.88333333,,30-11-2021 06:00,6.23
2764,2764,Kandorna,CGWB,24,Gujarat,456,Porbandar,RANAVAV,RANAVAV,Kandorna,-,-,-,-,-,-,21.64777778,69.88333333,,30-01-2022 07:00,8.98
2765,2765,Kandorna,CGWB,24,Gujarat,456,Porbandar,RANAVAV,RANAVAV,Kandorna,-,-,-,-,-,-,21.64777778,69.88333333,,30-05-2022 06:00,16.46
2766,2766,Kandorna,CGWB,24,Gujarat,456,Porbandar,RANAVAV,RANAVAV,Kandorna,-,-,-,-,-,-,21.64777778,69.88333333,,30-08-2022 06:00,2.23
2767,2767,Kandorna,CGWB,24,Gujarat,456,Porbandar,RANAVAV,RANAVAV,Kandorna,-,-,-,-,-,-,21.64777778,69.88333333,,10-11-2022 06:00,5.1
2768,2768,Kandorna,CGWB,24,Gujarat,456,Porbandar,RANAVAV,RANAVAV,Kandorna,-,-,-,-,-,-,21.64777778,69.88333333,,30-05-2023 10:00,12.78
2769,2769,Kanek,CGWB,24,Gujarat,448,Junagadh,MALIA,MALIA,Kanek,-,-,-,-,-,-,21.03055556,70.24166667,,10-01-2021 00:00,5.76
2770,2770,Kanek,CGWB,24,Gujarat,448,Junagadh,MALIA,MALIA,Kanek,-,-,-,-,-,-,21.03055556,70.24166667,,31-08-2021 06:00,2.27
2771,2771,Kanek,CGWB,24,Gujarat,448,Junagadh,MALIA,MALIA,Kanek,-,-,-,-,-,-,21.03055556,70.24166667,,30-01-2022 07:00,4.75
2772,2772,Kanek,CGWB,24,Gujarat,448,Junagadh,MALIA,MALIA,Kanek,-,-,-,-,-,-,21.03055556,70.24166667,,30-05-2022 06:00,10.18
2773,2773,Kanek,CGWB,24,Gujarat,448,Junagadh,MALIA,MALIA,Kanek,-,-,-,-,-,-,21.03055556,70.24166667,,30-08-2022 06:00,2.19
2774,2774,Kanek,CGWB,24,Gujarat,448,Junagadh,MALIA,MALIA,Kanek,-,-,-,-,-,-,21.03055556,70.24166667,,10-11-2022 06:00,4.42
2775,2775,Kanesara Pz,CGWB,24,Gujarat,455,Patan,SIDHPUR,-,-,-,-,-,-,-,-,23.89000000,72.34000000,,31-08-2021 06:00,124.95
2776,2776,Kanesara Pz,CGWB,24,Gujarat,455,Patan,SIDHPUR,-,-,-,-,-,-,-,-,23.89000000,72.34000000,,30-11-2021 06:00,125.35
2777,2777,Kanesara Pz,CGWB,24,Gujarat,455,Patan,SIDHPUR,-,-,-,-,-,-,-,-,23.89000000,72.34000000,,30-01-2022 07:00,125.84
2778,2778,Kanesara Pz,CGWB,24,Gujarat,455,Patan,SIDHPUR,-,-,-,-,-,-,-,-,23.89000000,72.34000000,,30-05-2022 06:00,126.77
2779,2779,Kanesara Pz,CGWB,24,Gujarat,455,Patan,SIDHPUR,-,-,-,-,-,-,-,-,23.89000000,72.34000000,,30-08-2022 06:00,125.44
2780,2780,Kanesara Pz,CGWB,24,Gujarat,455,Patan,SIDHPUR,-,-,-,-,-,-,-,-,23.89000000,72.34000000,,10-11-2022 06:00,125.45
2781,2781,Kanesara Pz,CGWB,24,Gujarat,455,Patan,SIDHPUR,-,-,-,-,-,-,-,-,23.89000000,72.34000000,,30-05-2023 10:00,126.100006
2782,2782,Kanjetha,CGWB,24,Gujarat,445,Dohad,DHANPUR,DHANPUR,Kanjetha,-,-,-,-,-,-,22.58055556,74.11388889,,10-01-2021 00:00,0.75
2783,2783,Kanjetha,CGWB,24,Gujarat,445,Dohad,DHANPUR,DHANPUR,Kanjetha,-,-,-,-,-,-,22.58055556,74.11388889,,31-08-2021 06:00,7.93
2784,2784,Kanjetha,CGWB,24,Gujarat,445,Dohad,DHANPUR,DHANPUR,Kanjetha,-,-,-,-,-,-,22.58055556,74.11388889,,30-11-2021 06:00,5.9
2785,2785,Kanjetha,CGWB,24,Gujarat,445,Dohad,DHANPUR,DHANPUR,Kanjetha,-,-,-,-,-,-,22.58055556,74.11388889,,30-01-2022 07:00,6.7
2786,2786,Kanjetha,CGWB,24,Gujarat,445,Dohad,DHANPUR,DHANPUR,Kanjetha,-,-,-,-,-,-,22.58055556,74.11388889,,30-05-2022 06:00,11.55
2787,2787,Kanjetha,CGWB,24,Gujarat,445,Dohad,DHANPUR,DHANPUR,Kanjetha,-,-,-,-,-,-,22.58055556,74.11388889,,30-08-2022 06:00,7.53
2788,2788,Kanjetha,CGWB,24,Gujarat,445,Dohad,DHANPUR,DHANPUR,Kanjetha,-,-,-,-,-,-,22.58055556,74.11388889,,10-11-2022 06:00,5.3
2789,2789,Kanjetha,CGWB,24,Gujarat,445,Dohad,DHANPUR,DHANPUR,Kanjetha,-,-,-,-,-,-,22.58055556,74.11388889,,10-01-2023 18:00,6.09
2790,2790,Kanjetha,CGWB,24,Gujarat,445,Dohad,DHANPUR,DHANPUR,Kanjetha,-,-,-,-,-,-,22.58055556,74.11388889,,30-05-2023 10:00,12.05
2791,2791,Kansari,CGWB,24,Gujarat,448,Junagadh,UNA,UNA,Kansari,-,-,-,-,-,-,20.87000000,71.05111111,,10-01-2021 00:00,5.26
2792,2792,Kansari,CGWB,24,Gujarat,448,Junagadh,UNA,UNA,Kansari,-,-,-,-,-,-,20.87000000,71.05111111,,31-08-2021 06:00,4.63
2793,2793,Kansari,CGWB,24,Gujarat,448,Junagadh,UNA,UNA,Kansari,-,-,-,-,-,-,20.87000000,71.05111111,,30-11-2021 06:00,3.55
2794,2794,Kansari,CGWB,24,Gujarat,448,Junagadh,UNA,UNA,Kansari,-,-,-,-,-,-,20.87000000,71.05111111,,30-01-2022 07:00,4.87
2795,2795,Kansari,CGWB,24,Gujarat,448,Junagadh,UNA,UNA,Kansari,-,-,-,-,-,-,20.87000000,71.05111111,,30-05-2022 06:00,7.8
2796,2796,Kansari,CGWB,24,Gujarat,448,Junagadh,UNA,UNA,Kansari,-,-,-,-,-,-,20.87000000,71.05111111,,30-08-2022 06:00,2.76
2797,2797,Kansari,CGWB,24,Gujarat,448,Junagadh,UNA,UNA,Kansari,-,-,-,-,-,-,20.87000000,71.05111111,,10-11-2022 06:00,5.62
2798,2798,Kansari1,CGWB,24,Gujarat,440,Anand,CAMBAY,CAMBAY,Kansari,-,-,-,-,-,-,22.34166667,72.65000000,,10-01-2021 00:00,11
2799,2799,Kansari1,CGWB,24,Gujarat,440,Anand,CAMBAY,CAMBAY,Kansari,-,-,-,-,-,-,22.34166667,72.65000000,,31-08-2021 06:00,4.8
2800,2800,Kansari1,CGWB,24,Gujarat,440,Anand,CAMBAY,CAMBAY,Kansari,-,-,-,-,-,-,22.34166667,72.65000000,,30-01-2022 07:00,3.23
2801,2801,Kansari1,CGWB,24,Gujarat,440,Anand,CAMBAY,CAMBAY,Kansari,-,-,-,-,-,-,22.34166667,72.65000000,,30-05-2022 06:00,12.1
2802,2802,Kansari1,CGWB,24,Gujarat,440,Anand,CAMBAY,CAMBAY,Kansari,-,-,-,-,-,-,22.34166667,72.65000000,,30-08-2022 06:00,3.32
2803,2803,Kansari1,CGWB,24,Gujarat,440,Anand,CAMBAY,CAMBAY,Kansari,-,-,-,-,-,-,22.34166667,72.65000000,,10-11-2022 06:00,9.65
2804,2804,Kansari1,CGWB,24,Gujarat,440,Anand,CAMBAY,CAMBAY,Kansari,-,-,-,-,-,-,22.34166667,72.65000000,,01-01-2023 00:00,10.3
2805,2805,Kansari1,CGWB,24,Gujarat,440,Anand,CAMBAY,CAMBAY,Kansari,-,-,-,-,-,-,22.34166667,72.65000000,,30-05-2023 10:00,11.5
2806,2806,Kantasvel,CGWB,24,Gujarat,453,Navsari,BANSDA,BANSDA,Kantasvel,-,-,-,-,-,-,20.79722222,73.29166667,,10-01-2021 00:00,3.7
2807,2807,Kantasvel,CGWB,24,Gujarat,453,Navsari,BANSDA,BANSDA,Kantasvel,-,-,-,-,-,-,20.79722222,73.29166667,,31-08-2021 06:00,3.21
2808,2808,Kantasvel,CGWB,24,Gujarat,453,Navsari,BANSDA,BANSDA,Kantasvel,-,-,-,-,-,-,20.79722222,73.29166667,,30-11-2021 06:00,3.65
2809,2809,Kantasvel,CGWB,24,Gujarat,453,Navsari,BANSDA,BANSDA,Kantasvel,-,-,-,-,-,-,20.79722222,73.29166667,,30-01-2022 07:00,4.35
2810,2810,Kantasvel,CGWB,24,Gujarat,453,Navsari,BANSDA,BANSDA,Kantasvel,-,-,-,-,-,-,20.79722222,73.29166667,,30-05-2022 06:00,8.53
2811,2811,Kantasvel,CGWB,24,Gujarat,453,Navsari,BANSDA,BANSDA,Kantasvel,-,-,-,-,-,-,20.79722222,73.29166667,,30-08-2022 06:00,3
2812,2812,Kantasvel,CGWB,24,Gujarat,453,Navsari,BANSDA,BANSDA,Kantasvel,-,-,-,-,-,-,20.79722222,73.29166667,,10-11-2022 06:00,3.8
2813,2813,Kantasvel,CGWB,24,Gujarat,453,Navsari,BANSDA,BANSDA,Kantasvel,-,-,-,-,-,-,20.79722222,73.29166667,,30-05-2023 10:00,
2814,2814,Kantasvel,CGWB,24,Gujarat,453,Navsari,BANSDA,BANSDA,Kantasvel,-,-,-,-,-,-,20.79722222,73.29166667,,30-08-2023 18:00,2.9
2815,2815,Kantha,CGWB,24,Gujarat,454,Panchmahals,LUNAWADA,LUNAWADA,Kantha,-,-,-,-,-,-,23.17833333,73.65222222,,10-01-2021 00:00,2.65
2816,2816,Kantha,CGWB,24,Gujarat,454,Panchmahals,LUNAWADA,LUNAWADA,Kantha,-,-,-,-,-,-,23.17833333,73.65222222,,31-08-2021 06:00,6.77
2817,2817,Kantha,CGWB,24,Gujarat,454,Panchmahals,LUNAWADA,LUNAWADA,Kantha,-,-,-,-,-,-,23.17833333,73.65222222,,30-11-2021 06:00,2.8
2818,2818,Kantha,CGWB,24,Gujarat,454,Panchmahals,LUNAWADA,LUNAWADA,Kantha,-,-,-,-,-,-,23.17833333,73.65222222,,30-01-2022 07:00,3.4
2819,2819,Kantha,CGWB,24,Gujarat,454,Panchmahals,LUNAWADA,LUNAWADA,Kantha,-,-,-,-,-,-,23.17833333,73.65222222,,30-05-2022 06:00,5.21
2820,2820,Kantha,CGWB,24,Gujarat,454,Panchmahals,LUNAWADA,LUNAWADA,Kantha,-,-,-,-,-,-,23.17833333,73.65222222,,30-08-2022 06:00,0.7
2821,2821,Kantha,CGWB,24,Gujarat,454,Panchmahals,LUNAWADA,LUNAWADA,Kantha,-,-,-,-,-,-,23.17833333,73.65222222,,10-11-2022 06:00,1.55
2822,2822,Kantha,CGWB,24,Gujarat,454,Panchmahals,LUNAWADA,LUNAWADA,Kantha,-,-,-,-,-,-,23.17833333,73.65222222,,30-05-2023 10:00,5.24
2823,2823,Kapadvanj,CGWB,24,Gujarat,450,Kheda,KAPADVANJ,KAPADVANJ,Kapadvanj,-,-,-,-,-,-,23.00416667,73.09166667,,10-01-2021 00:00,8.16
2824,2824,Kapadvanj,CGWB,24,Gujarat,450,Kheda,KAPADVANJ,KAPADVANJ,Kapadvanj,-,-,-,-,-,-,23.00416667,73.09166667,,31-08-2021 06:00,7.42
2825,2825,Kapadvanj,CGWB,24,Gujarat,450,Kheda,KAPADVANJ,KAPADVANJ,Kapadvanj,-,-,-,-,-,-,23.00416667,73.09166667,,30-11-2021 06:00,6.42
2826,2826,Kapadvanj,CGWB,24,Gujarat,450,Kheda,KAPADVANJ,KAPADVANJ,Kapadvanj,-,-,-,-,-,-,23.00416667,73.09166667,,30-01-2022 07:00,7.09
2827,2827,Kapadvanj,CGWB,24,Gujarat,450,Kheda,KAPADVANJ,KAPADVANJ,Kapadvanj,-,-,-,-,-,-,23.00416667,73.09166667,,30-08-2022 06:00,6.2
2828,2828,Kapadvanj,CGWB,24,Gujarat,450,Kheda,KAPADVANJ,KAPADVANJ,Kapadvanj,-,-,-,-,-,-,23.00416667,73.09166667,,10-11-2022 06:00,6.33
2829,2829,Kapadvanj,CGWB,24,Gujarat,450,Kheda,KAPADVANJ,KAPADVANJ,Kapadvanj,-,-,-,-,-,-,23.00416667,73.09166667,,10-01-2023 18:00,10.02
2830,2830,Kaparda,CGWB,24,Gujarat,462,Valsad,KAPRADA,KAPRADA,Kaparda,-,-,-,-,-,-,20.34166667,73.21666667,,10-01-2021 00:00,2.7
2831,2831,Kaparda,CGWB,24,Gujarat,462,Valsad,KAPRADA,KAPRADA,Kaparda,-,-,-,-,-,-,20.34166667,73.21666667,,31-08-2021 06:00,2.3
2832,2832,Kaparda,CGWB,24,Gujarat,462,Valsad,KAPRADA,KAPRADA,Kaparda,-,-,-,-,-,-,20.34166667,73.21666667,,30-11-2021 06:00,2
2833,2833,Kaparda,CGWB,24,Gujarat,462,Valsad,KAPRADA,KAPRADA,Kaparda,-,-,-,-,-,-,20.34166667,73.21666667,,30-01-2022 07:00,2.4
2834,2834,Kaparda,CGWB,24,Gujarat,462,Valsad,KAPRADA,KAPRADA,Kaparda,-,-,-,-,-,-,20.34166667,73.21666667,,30-08-2022 06:00,2.1
2835,2835,Kaparda,CGWB,24,Gujarat,462,Valsad,KAPRADA,KAPRADA,Kaparda,-,-,-,-,-,-,20.34166667,73.21666667,,10-11-2022 06:00,2.6
2836,2836,Kaparda,CGWB,24,Gujarat,462,Valsad,KAPRADA,KAPRADA,Kaparda,-,-,-,-,-,-,20.34166667,73.21666667,,30-05-2023 10:00,
2837,2837,Kaprali,CGWB,24,Gujarat,461,Vadodara,NASVADI,NASVADI,Kaprali,-,-,-,-,-,-,21.97916667,73.94166667,,10-01-2021 00:00,5.6
2838,2838,Karagoga,CGWB,24,Gujarat,449,Kachchh,MUNDRA,MUNDRA,Karagoga,-,-,-,-,-,-,22.94166667,69.66250000,,10-01-2021 00:00,0.47
2839,2839,Karagoga,CGWB,24,Gujarat,449,Kachchh,MUNDRA,MUNDRA,Karagoga,-,-,-,-,-,-,22.94166667,69.66250000,,31-08-2021 06:00,1.4
2840,2840,Karagoga,CGWB,24,Gujarat,449,Kachchh,MUNDRA,MUNDRA,Karagoga,-,-,-,-,-,-,22.94166667,69.66250000,,30-11-2021 06:00,1.52
2841,2841,Karagoga,CGWB,24,Gujarat,449,Kachchh,MUNDRA,MUNDRA,Karagoga,-,-,-,-,-,-,22.94166667,69.66250000,,30-01-2022 07:00,0.4
2842,2842,Karagoga,CGWB,24,Gujarat,449,Kachchh,MUNDRA,MUNDRA,Karagoga,-,-,-,-,-,-,22.94166667,69.66250000,,30-05-2022 06:00,1.71
2843,2843,Karagoga,CGWB,24,Gujarat,449,Kachchh,MUNDRA,MUNDRA,Karagoga,-,-,-,-,-,-,22.94166667,69.66250000,,30-08-2022 06:00,1.2
2844,2844,Karagoga,CGWB,24,Gujarat,449,Kachchh,MUNDRA,MUNDRA,Karagoga,-,-,-,-,-,-,22.94166667,69.66250000,,10-11-2022 06:00,1.75
2845,2845,Karagoga,CGWB,24,Gujarat,449,Kachchh,MUNDRA,MUNDRA,Karagoga,-,-,-,-,-,-,22.94166667,69.66250000,,30-05-2023 10:00,0.5
2846,2846,Karalli ( i),CGWB,24,Gujarat,451,Mahesana,UNJHA,UNJHA,Karalli ( i),-,-,-,-,-,-,23.80416667,72.48611111,,10-01-2021 00:00,143.12
2847,2847,Karalli ( i),CGWB,24,Gujarat,451,Mahesana,UNJHA,UNJHA,Karalli ( i),-,-,-,-,-,-,23.80416667,72.48611111,,31-08-2021 06:00,133.39
2848,2848,Karalli ( i),CGWB,24,Gujarat,451,Mahesana,UNJHA,UNJHA,Karalli ( i),-,-,-,-,-,-,23.80416667,72.48611111,,30-11-2021 06:00,133.34
2849,2849,Karalli ( i),CGWB,24,Gujarat,451,Mahesana,UNJHA,UNJHA,Karalli ( i),-,-,-,-,-,-,23.80416667,72.48611111,,30-01-2022 07:00,133.7
2850,2850,Karalli ( i),CGWB,24,Gujarat,451,Mahesana,UNJHA,UNJHA,Karalli ( i),-,-,-,-,-,-,23.80416667,72.48611111,,30-05-2022 06:00,133.63
2851,2851,Karalli ( i),CGWB,24,Gujarat,451,Mahesana,UNJHA,UNJHA,Karalli ( i),-,-,-,-,-,-,23.80416667,72.48611111,,30-08-2022 06:00,131.7
2852,2852,Karalli II,CGWB,24,Gujarat,451,Mahesana,UNJHA,UNJHA,Karalli II,-,-,-,-,-,-,23.80416667,72.48611111,,10-01-2021 00:00,48.64
2853,2853,Karalli II,CGWB,24,Gujarat,451,Mahesana,UNJHA,UNJHA,Karalli II,-,-,-,-,-,-,23.80416667,72.48611111,,31-08-2021 06:00,48.5
2854,2854,Karalli II,CGWB,24,Gujarat,451,Mahesana,UNJHA,UNJHA,Karalli II,-,-,-,-,-,-,23.80416667,72.48611111,,30-11-2021 06:00,47.8
2855,2855,Karalli II,CGWB,24,Gujarat,451,Mahesana,UNJHA,UNJHA,Karalli II,-,-,-,-,-,-,23.80416667,72.48611111,,30-01-2022 07:00,49.43
2856,2856,Karalli II,CGWB,24,Gujarat,451,Mahesana,UNJHA,UNJHA,Karalli II,-,-,-,-,-,-,23.80416667,72.48611111,,30-05-2022 06:00,48.5
2857,2857,Karalli II,CGWB,24,Gujarat,451,Mahesana,UNJHA,UNJHA,Karalli II,-,-,-,-,-,-,23.80416667,72.48611111,,30-08-2022 06:00,48.75
2858,2858,Karalli II,CGWB,24,Gujarat,451,Mahesana,UNJHA,UNJHA,Karalli II,-,-,-,-,-,-,23.80416667,72.48611111,,10-11-2022 06:00,43.75
2859,2859,Karalli (iii),CGWB,24,Gujarat,451,Mahesana,UNJHA,UNJHA,Karalli (iii),-,-,-,-,-,-,23.80416667,72.48611111,,10-01-2021 00:00,11.33
2860,2860,Karalli (iii),CGWB,24,Gujarat,451,Mahesana,UNJHA,UNJHA,Karalli (iii),-,-,-,-,-,-,23.80416667,72.48611111,,31-08-2021 06:00,11.76
2861,2861,Karalli (iii),CGWB,24,Gujarat,451,Mahesana,UNJHA,UNJHA,Karalli (iii),-,-,-,-,-,-,23.80416667,72.48611111,,30-11-2021 06:00,10.83
2862,2862,Karalli (iii),CGWB,24,Gujarat,451,Mahesana,UNJHA,UNJHA,Karalli (iii),-,-,-,-,-,-,23.80416667,72.48611111,,30-01-2022 07:00,11.61
2863,2863,Karalli (iii),CGWB,24,Gujarat,451,Mahesana,UNJHA,UNJHA,Karalli (iii),-,-,-,-,-,-,23.80416667,72.48611111,,30-05-2022 06:00,11.5
2864,2864,Karalli (iii),CGWB,24,Gujarat,451,Mahesana,UNJHA,UNJHA,Karalli (iii),-,-,-,-,-,-,23.80416667,72.48611111,,30-08-2022 06:00,12.36
2865,2865,Karalli (iii),CGWB,24,Gujarat,451,Mahesana,UNJHA,UNJHA,Karalli (iii),-,-,-,-,-,-,23.80416667,72.48611111,,10-11-2022 06:00,11.08
2866,2866,Karamasiya,CGWB,24,Gujarat,461,Vadodara,VAGHODIA,VAGHODIA,Karamasiya,-,-,-,-,-,-,22.42083333,73.41944444,,10-01-2021 00:00,13.2
2867,2867,Karamasiya,CGWB,24,Gujarat,461,Vadodara,VAGHODIA,VAGHODIA,Karamasiya,-,-,-,-,-,-,22.42083333,73.41944444,,30-11-2021 06:00,13.2
2868,2868,Karamasiya,CGWB,24,Gujarat,461,Vadodara,VAGHODIA,VAGHODIA,Karamasiya,-,-,-,-,-,-,22.42083333,73.41944444,,30-01-2022 07:00,13.2
2869,2869,Karamasiya,CGWB,24,Gujarat,461,Vadodara,VAGHODIA,VAGHODIA,Karamasiya,-,-,-,-,-,-,22.42083333,73.41944444,,30-05-2023 10:00,16.050001
2870,2870,Karanjvel,CGWB,24,Gujarat,459,Surat,VYARA,VYARA,Karanjvel,-,-,-,-,-,-,21.01277778,73.45805556,,10-01-2021 00:00,7.08
2871,2871,Karanjvel,CGWB,24,Gujarat,459,Surat,VYARA,VYARA,Karanjvel,-,-,-,-,-,-,21.01277778,73.45805556,,31-08-2021 06:00,3.2
2872,2872,Karanjvel,CGWB,24,Gujarat,459,Surat,VYARA,VYARA,Karanjvel,-,-,-,-,-,-,21.01277778,73.45805556,,30-11-2021 06:00,4.4
2873,2873,Karanjvel,CGWB,24,Gujarat,459,Surat,VYARA,VYARA,Karanjvel,-,-,-,-,-,-,21.01277778,73.45805556,,30-05-2022 06:00,7.8
2874,2874,Karanjvel,CGWB,24,Gujarat,459,Surat,VYARA,VYARA,Karanjvel,-,-,-,-,-,-,21.01277778,73.45805556,,30-08-2022 06:00,3
2875,2875,Karanjvel,CGWB,24,Gujarat,459,Surat,VYARA,VYARA,Karanjvel,-,-,-,-,-,-,21.01277778,73.45805556,,10-11-2022 06:00,5.99
2876,2876,Karanjvel,CGWB,24,Gujarat,459,Surat,VYARA,VYARA,Karanjvel,-,-,-,-,-,-,21.01277778,73.45805556,,30-05-2023 10:00,10.1
2877,2877,Karanpur,CGWB,24,Gujarat,458,Sabarkantha,DHANSURA,DHANSURA,Karanpur,-,-,-,-,-,-,23.33333333,73.30000000,,10-01-2021 00:00,11.8
2878,2878,Karanpur,CGWB,24,Gujarat,458,Sabarkantha,DHANSURA,DHANSURA,Karanpur,-,-,-,-,-,-,23.33333333,73.30000000,,31-08-2021 06:00,3.3
2879,2879,Karanpur,CGWB,24,Gujarat,458,Sabarkantha,DHANSURA,DHANSURA,Karanpur,-,-,-,-,-,-,23.33333333,73.30000000,,30-11-2021 06:00,8.55
2880,2880,Karanpur,CGWB,24,Gujarat,458,Sabarkantha,DHANSURA,DHANSURA,Karanpur,-,-,-,-,-,-,23.33333333,73.30000000,,30-01-2022 07:00,8.55
2881,2881,Karanpur,CGWB,24,Gujarat,458,Sabarkantha,DHANSURA,DHANSURA,Karanpur,-,-,-,-,-,-,23.33333333,73.30000000,,30-05-2022 06:00,3.5
2882,2882,Karanpur,CGWB,24,Gujarat,458,Sabarkantha,DHANSURA,DHANSURA,Karanpur,-,-,-,-,-,-,23.33333333,73.30000000,,30-08-2022 06:00,0.06
2883,2883,Karanpur,CGWB,24,Gujarat,458,Sabarkantha,DHANSURA,DHANSURA,Karanpur,-,-,-,-,-,-,23.33333333,73.30000000,,10-11-2022 06:00,1.45
2884,2884,Karanpur,CGWB,24,Gujarat,458,Sabarkantha,DHANSURA,DHANSURA,Karanpur,-,-,-,-,-,-,23.33333333,73.30000000,,10-01-2023 18:00,1.76
2885,2885,Karanpur,CGWB,24,Gujarat,458,Sabarkantha,DHANSURA,DHANSURA,Karanpur,-,-,-,-,-,-,23.33333333,73.30000000,,30-05-2023 10:00,5.75
2886,2886,Kardej,CGWB,24,Gujarat,443,Bhavnagar,BHAVNAGAR,BHAVNAGAR,Kardej,-,-,-,-,-,-,21.75194444,72.03111111,,10-01-2021 00:00,20.95
2887,2887,Kardej,CGWB,24,Gujarat,443,Bhavnagar,BHAVNAGAR,BHAVNAGAR,Kardej,-,-,-,-,-,-,21.75194444,72.03111111,,31-08-2021 06:00,20.85
2888,2888,Kardej,CGWB,24,Gujarat,443,Bhavnagar,BHAVNAGAR,BHAVNAGAR,Kardej,-,-,-,-,-,-,21.75194444,72.03111111,,30-11-2021 06:00,11.25
2889,2889,Kardej,CGWB,24,Gujarat,443,Bhavnagar,BHAVNAGAR,BHAVNAGAR,Kardej,-,-,-,-,-,-,21.75194444,72.03111111,,30-01-2022 07:00,12.5
2890,2890,Kardej,CGWB,24,Gujarat,443,Bhavnagar,BHAVNAGAR,BHAVNAGAR,Kardej,-,-,-,-,-,-,21.75194444,72.03111111,,30-05-2022 06:00,22.3
2891,2891,Kardej,CGWB,24,Gujarat,443,Bhavnagar,BHAVNAGAR,BHAVNAGAR,Kardej,-,-,-,-,-,-,21.75194444,72.03111111,,30-08-2022 06:00,11.96
2892,2892,Kardej,CGWB,24,Gujarat,443,Bhavnagar,BHAVNAGAR,BHAVNAGAR,Kardej,-,-,-,-,-,-,21.75194444,72.03111111,,10-11-2022 06:00,12.81
2893,2893,Karwad,CGWB,24,Gujarat,462,Valsad,PARDI,PARDI,Karwad,-,-,-,-,-,-,20.36250000,72.97500000,,10-01-2021 00:00,5
2894,2894,Karwad,CGWB,24,Gujarat,462,Valsad,PARDI,PARDI,Karwad,-,-,-,-,-,-,20.36250000,72.97500000,,31-08-2021 06:00,2.68
2895,2895,Karwad,CGWB,24,Gujarat,462,Valsad,PARDI,PARDI,Karwad,-,-,-,-,-,-,20.36250000,72.97500000,,30-11-2021 06:00,3.6
2896,2896,Karwad,CGWB,24,Gujarat,462,Valsad,PARDI,PARDI,Karwad,-,-,-,-,-,-,20.36250000,72.97500000,,30-01-2022 07:00,4.25
2897,2897,Karwad,CGWB,24,Gujarat,462,Valsad,PARDI,PARDI,Karwad,-,-,-,-,-,-,20.36250000,72.97500000,,30-05-2022 06:00,4.95
2898,2898,Karwad,CGWB,24,Gujarat,462,Valsad,PARDI,PARDI,Karwad,-,-,-,-,-,-,20.36250000,72.97500000,,30-08-2022 06:00,1.25
2899,2899,Karwad,CGWB,24,Gujarat,462,Valsad,PARDI,PARDI,Karwad,-,-,-,-,-,-,20.36250000,72.97500000,,10-11-2022 06:00,3.25
2900,2900,Karwad,CGWB,24,Gujarat,462,Valsad,PARDI,PARDI,Karwad,-,-,-,-,-,-,20.36250000,72.97500000,,30-05-2023 10:00,6.2999997
2901,2901,Kasia Naka Check Post,CGWB,24,Gujarat,448,Junagadh,VISAVADAR,VISAVADAR,Kasia Naka Check Post,-,-,-,-,-,-,21.27027778,70.68055556,,10-01-2021 00:00,0.7
2902,2902,Kasia Naka Check Post,CGWB,24,Gujarat,448,Junagadh,VISAVADAR,VISAVADAR,Kasia Naka Check Post,-,-,-,-,-,-,21.27027778,70.68055556,,31-08-2021 06:00,1.35
2903,2903,Kasia Naka Check Post,CGWB,24,Gujarat,448,Junagadh,VISAVADAR,VISAVADAR,Kasia Naka Check Post,-,-,-,-,-,-,21.27027778,70.68055556,,30-01-2022 07:00,1.4
2904,2904,Kasia Naka Check Post,CGWB,24,Gujarat,448,Junagadh,VISAVADAR,VISAVADAR,Kasia Naka Check Post,-,-,-,-,-,-,21.27027778,70.68055556,,30-05-2022 06:00,4.35
2905,2905,Kasia Naka Check Post,CGWB,24,Gujarat,448,Junagadh,VISAVADAR,VISAVADAR,Kasia Naka Check Post,-,-,-,-,-,-,21.27027778,70.68055556,,30-08-2022 06:00,1.26
2906,2906,Kasia Naka Check Post,CGWB,24,Gujarat,448,Junagadh,VISAVADAR,VISAVADAR,Kasia Naka Check Post,-,-,-,-,-,-,21.27027778,70.68055556,,10-11-2022 06:00,1.74
2907,2907,Kasia Naka Check Post,CGWB,24,Gujarat,448,Junagadh,VISAVADAR,VISAVADAR,Kasia Naka Check Post,-,-,-,-,-,-,21.27027778,70.68055556,,30-05-2023 10:00,6.55
2908,2908,Kasturinagar(IFFCO),CGWB,24,Gujarat,446,Gandhinagar,KALOL,KALOL,Sertha,-,-,-,-,-,-,23.19027778,72.55277778,,10-01-2021 00:00,14.51
2909,2909,Kasturinagar(IFFCO),CGWB,24,Gujarat,446,Gandhinagar,KALOL,KALOL,Sertha,-,-,-,-,-,-,23.19027778,72.55277778,,31-08-2021 06:00,13.33
2910,2910,Kasturinagar(IFFCO),CGWB,24,Gujarat,446,Gandhinagar,KALOL,KALOL,Sertha,-,-,-,-,-,-,23.19027778,72.55277778,,30-11-2021 06:00,12.72
2911,2911,Kasturinagar(IFFCO),CGWB,24,Gujarat,446,Gandhinagar,KALOL,KALOL,Sertha,-,-,-,-,-,-,23.19027778,72.55277778,,30-01-2022 07:00,14.13
2912,2912,Kasturinagar(IFFCO),CGWB,24,Gujarat,446,Gandhinagar,KALOL,KALOL,Sertha,-,-,-,-,-,-,23.19027778,72.55277778,,30-05-2022 06:00,15.65
2913,2913,Kasturinagar(IFFCO),CGWB,24,Gujarat,446,Gandhinagar,KALOL,KALOL,Sertha,-,-,-,-,-,-,23.19027778,72.55277778,,30-08-2022 06:00,11.55
2914,2914,Kasturinagar(IFFCO),CGWB,24,Gujarat,446,Gandhinagar,KALOL,KALOL,Sertha,-,-,-,-,-,-,23.19027778,72.55277778,,10-11-2022 06:00,11.97
2915,2915,Kasturinagar(IFFCO),CGWB,24,Gujarat,446,Gandhinagar,KALOL,KALOL,Sertha,-,-,-,-,-,-,23.19027778,72.55277778,,10-01-2023 18:00,14.35
2916,2916,Kasturinagar(IFFCO),CGWB,24,Gujarat,446,Gandhinagar,KALOL,KALOL,Sertha,-,-,-,-,-,-,23.19027778,72.55277778,,30-05-2023 10:00,19.35
2917,2917,Kaswa,CGWB,24,Gujarat,442,Bharuch,BHARUCH,BHARUCH,Kaswa,-,-,-,-,-,-,21.68333333,72.81666667,,10-01-2021 00:00,3.45
2918,2918,Kaswa,CGWB,24,Gujarat,442,Bharuch,BHARUCH,BHARUCH,Kaswa,-,-,-,-,-,-,21.68333333,72.81666667,,31-08-2021 06:00,6.15
2919,2919,Kaswa,CGWB,24,Gujarat,442,Bharuch,BHARUCH,BHARUCH,Kaswa,-,-,-,-,-,-,21.68333333,72.81666667,,30-11-2021 06:00,2.65
2920,2920,Kaswa,CGWB,24,Gujarat,442,Bharuch,BHARUCH,BHARUCH,Kaswa,-,-,-,-,-,-,21.68333333,72.81666667,,30-01-2022 07:00,2.6
2921,2921,Kaswa,CGWB,24,Gujarat,442,Bharuch,BHARUCH,BHARUCH,Kaswa,-,-,-,-,-,-,21.68333333,72.81666667,,30-05-2022 06:00,6.05
2922,2922,Kaswa,CGWB,24,Gujarat,442,Bharuch,BHARUCH,BHARUCH,Kaswa,-,-,-,-,-,-,21.68333333,72.81666667,,30-08-2022 06:00,4.42
2923,2923,Kaswa,CGWB,24,Gujarat,442,Bharuch,BHARUCH,BHARUCH,Kaswa,-,-,-,-,-,-,21.68333333,72.81666667,,10-11-2022 06:00,3.34
2924,2924,Kaswa,CGWB,24,Gujarat,442,Bharuch,BHARUCH,BHARUCH,Kaswa,-,-,-,-,-,-,21.68333333,72.81666667,,30-05-2023 10:00,6.23
2925,2925,Kathana_Pz_I,CGWB,24,Gujarat,440,Anand,BORSAD,BORSAD,Kathana,-,-,-,-,-,-,22.29444444,72.79027778,,10-01-2021 00:00,10.92
2926,2926,Kathana_Pz_I,CGWB,24,Gujarat,440,Anand,BORSAD,BORSAD,Kathana,-,-,-,-,-,-,22.29444444,72.79027778,,31-08-2021 06:00,13.67
2927,2927,Kathana_Pz_I,CGWB,24,Gujarat,440,Anand,BORSAD,BORSAD,Kathana,-,-,-,-,-,-,22.29444444,72.79027778,,30-11-2021 06:00,9.83
2928,2928,Kathana_Pz_I,CGWB,24,Gujarat,440,Anand,BORSAD,BORSAD,Kathana,-,-,-,-,-,-,22.29444444,72.79027778,,30-01-2022 07:00,9.42
2929,2929,Kathana_Pz_I,CGWB,24,Gujarat,440,Anand,BORSAD,BORSAD,Kathana,-,-,-,-,-,-,22.29444444,72.79027778,,30-08-2022 06:00,14.21
2930,2930,Kathana_Pz_I,CGWB,24,Gujarat,440,Anand,BORSAD,BORSAD,Kathana,-,-,-,-,-,-,22.29444444,72.79027778,,30-05-2023 10:00,11.9
2931,2931,Kathor,CGWB,24,Gujarat,459,Surat,KAMREJ,KAMREJ,Kathor,-,-,-,-,-,-,21.29166667,72.92916667,,10-01-2021 00:00,7.78
2932,2932,Kathor,CGWB,24,Gujarat,459,Surat,KAMREJ,KAMREJ,Kathor,-,-,-,-,-,-,21.29166667,72.92916667,,31-08-2021 06:00,7.1
2933,2933,Kathor,CGWB,24,Gujarat,459,Surat,KAMREJ,KAMREJ,Kathor,-,-,-,-,-,-,21.29166667,72.92916667,,30-11-2021 06:00,4
2934,2934,Kathor,CGWB,24,Gujarat,459,Surat,KAMREJ,KAMREJ,Kathor,-,-,-,-,-,-,21.29166667,72.92916667,,30-01-2022 07:00,5
2935,2935,Kathor,CGWB,24,Gujarat,459,Surat,KAMREJ,KAMREJ,Kathor,-,-,-,-,-,-,21.29166667,72.92916667,,30-05-2022 06:00,9.43
2936,2936,Kathor,CGWB,24,Gujarat,459,Surat,KAMREJ,KAMREJ,Kathor,-,-,-,-,-,-,21.29166667,72.92916667,,30-08-2022 06:00,1.25
2937,2937,Kathor,CGWB,24,Gujarat,459,Surat,KAMREJ,KAMREJ,Kathor,-,-,-,-,-,-,21.29166667,72.92916667,,10-11-2022 06:00,4.38
2938,2938,Kathor,CGWB,24,Gujarat,459,Surat,KAMREJ,KAMREJ,Kathor,-,-,-,-,-,-,21.29166667,72.92916667,,30-08-2023 18:00,4.4500003
2939,2939,Katradevi,CGWB,24,Gujarat,459,Surat,UMARPADA,UMARPADA,Juna umarpada,-,-,-,-,-,-,21.43011111,73.42025000,,30-08-2023 18:00,2.3
2940,2940,Kavi,CGWB,24,Gujarat,442,Bharuch,JAMBUSAR,JAMBUSAR,Kavi,-,-,-,-,-,-,22.19361111,72.63944444,,10-01-2021 00:00,5.9
2941,2941,Kavi,CGWB,24,Gujarat,442,Bharuch,JAMBUSAR,JAMBUSAR,Kavi,-,-,-,-,-,-,22.19361111,72.63944444,,31-08-2021 06:00,6.55
2942,2942,Kavi,CGWB,24,Gujarat,442,Bharuch,JAMBUSAR,JAMBUSAR,Kavi,-,-,-,-,-,-,22.19361111,72.63944444,,30-11-2021 06:00,5.3
2943,2943,Kavi,CGWB,24,Gujarat,442,Bharuch,JAMBUSAR,JAMBUSAR,Kavi,-,-,-,-,-,-,22.19361111,72.63944444,,30-01-2022 07:00,5.18
2944,2944,Kavi,CGWB,24,Gujarat,442,Bharuch,JAMBUSAR,JAMBUSAR,Kavi,-,-,-,-,-,-,22.19361111,72.63944444,,30-05-2022 06:00,6.8
2945,2945,Kavi,CGWB,24,Gujarat,442,Bharuch,JAMBUSAR,JAMBUSAR,Kavi,-,-,-,-,-,-,22.19361111,72.63944444,,30-08-2022 06:00,8.58
2946,2946,Kavi,CGWB,24,Gujarat,442,Bharuch,JAMBUSAR,JAMBUSAR,Kavi,-,-,-,-,-,-,22.19361111,72.63944444,,10-11-2022 06:00,5.12
2947,2947,Kavi,CGWB,24,Gujarat,442,Bharuch,JAMBUSAR,JAMBUSAR,Kavi,-,-,-,-,-,-,22.19361111,72.63944444,,30-05-2023 10:00,7
2948,2948,Kelkui,CGWB,24,Gujarat,459,Surat,VALOD,VALOD,Kelkui,-,-,-,-,-,-,21.04194444,73.32333333,,10-01-2021 00:00,2.78
2949,2949,Kelkui,CGWB,24,Gujarat,459,Surat,VALOD,VALOD,Kelkui,-,-,-,-,-,-,21.04194444,73.32333333,,31-08-2021 06:00,1.7
2950,2950,Kelkui,CGWB,24,Gujarat,459,Surat,VALOD,VALOD,Kelkui,-,-,-,-,-,-,21.04194444,73.32333333,,30-11-2021 06:00,1
2951,2951,Kelkui,CGWB,24,Gujarat,459,Surat,VALOD,VALOD,Kelkui,-,-,-,-,-,-,21.04194444,73.32333333,,30-01-2022 07:00,2.25
2952,2952,Kelkui,CGWB,24,Gujarat,459,Surat,VALOD,VALOD,Kelkui,-,-,-,-,-,-,21.04194444,73.32333333,,30-05-2022 06:00,2.25
2953,2953,Kelkui,CGWB,24,Gujarat,459,Surat,VALOD,VALOD,Kelkui,-,-,-,-,-,-,21.04194444,73.32333333,,30-08-2022 06:00,0.6
2954,2954,Kelkui,CGWB,24,Gujarat,459,Surat,VALOD,VALOD,Kelkui,-,-,-,-,-,-,21.04194444,73.32333333,,10-11-2022 06:00,2.34
2955,2955,Kelkui,CGWB,24,Gujarat,459,Surat,VALOD,VALOD,Kelkui,-,-,-,-,-,-,21.04194444,73.32333333,,30-05-2023 10:00,1.75
2956,2956,Kerala,CGWB,24,Gujarat,439,Amreli,DHARI,DHARI,Kerala,-,-,-,-,-,-,21.39722222,71.21666667,,10-01-2021 00:00,33.45
2957,2957,Kerala,CGWB,24,Gujarat,439,Amreli,DHARI,DHARI,Kerala,-,-,-,-,-,-,21.39722222,71.21666667,,31-08-2021 06:00,32.02
2958,2958,Kerala,CGWB,24,Gujarat,439,Amreli,DHARI,DHARI,Kerala,-,-,-,-,-,-,21.39722222,71.21666667,,30-11-2021 06:00,29.75
2959,2959,Kerala,CGWB,24,Gujarat,439,Amreli,DHARI,DHARI,Kerala,-,-,-,-,-,-,21.39722222,71.21666667,,30-01-2022 07:00,31.09
2960,2960,Kerala,CGWB,24,Gujarat,439,Amreli,DHARI,DHARI,Kerala,-,-,-,-,-,-,21.39722222,71.21666667,,30-05-2022 06:00,37.4
2961,2961,Kerala,CGWB,24,Gujarat,439,Amreli,DHARI,DHARI,Kerala,-,-,-,-,-,-,21.39722222,71.21666667,,30-08-2022 06:00,22.27
2962,2962,Kerala,CGWB,24,Gujarat,439,Amreli,DHARI,DHARI,Kerala,-,-,-,-,-,-,21.39722222,71.21666667,,30-05-2023 10:00,33.170002
2963,2963,Kesariya1,CGWB,24,Gujarat,448,Junagadh,UNA,UNA,Kesariya,-,-,-,-,-,-,20.79638889,70.94194444,,10-01-2021 00:00,13.38
2964,2964,Kesariya1,CGWB,24,Gujarat,448,Junagadh,UNA,UNA,Kesariya,-,-,-,-,-,-,20.79638889,70.94194444,,31-08-2021 06:00,0.83
2965,2965,Kesariya1,CGWB,24,Gujarat,448,Junagadh,UNA,UNA,Kesariya,-,-,-,-,-,-,20.79638889,70.94194444,,30-11-2021 06:00,4.1
2966,2966,Kesariya1,CGWB,24,Gujarat,448,Junagadh,UNA,UNA,Kesariya,-,-,-,-,-,-,20.79638889,70.94194444,,30-01-2022 07:00,12.17
2967,2967,Kesariya1,CGWB,24,Gujarat,448,Junagadh,UNA,UNA,Kesariya,-,-,-,-,-,-,20.79638889,70.94194444,,30-05-2022 06:00,16.5
2968,2968,Kesariya1,CGWB,24,Gujarat,448,Junagadh,UNA,UNA,Kesariya,-,-,-,-,-,-,20.79638889,70.94194444,,30-08-2022 06:00,0.71
2969,2969,Kesariya1,CGWB,24,Gujarat,448,Junagadh,UNA,UNA,Kesariya,-,-,-,-,-,-,20.79638889,70.94194444,,10-11-2022 06:00,4.43
2970,2970,Kesariya1,CGWB,24,Gujarat,448,Junagadh,UNA,UNA,Kesariya,-,-,-,-,-,-,20.79638889,70.94194444,,30-05-2023 10:00,16.3
2971,2971,Kesharpura,CGWB,24,Gujarat,458,Sabarkantha,VADALI,VADALI,Kesharpura,-,-,-,-,-,-,23.91527778,73.14527778,,10-01-2021 00:00,12.41
2972,2972,Kesharpura,CGWB,24,Gujarat,458,Sabarkantha,VADALI,VADALI,Kesharpura,-,-,-,-,-,-,23.91527778,73.14527778,,30-11-2021 06:00,20.15
2973,2973,Kesharpura,CGWB,24,Gujarat,458,Sabarkantha,VADALI,VADALI,Kesharpura,-,-,-,-,-,-,23.91527778,73.14527778,,30-01-2022 07:00,23.75
2974,2974,Kesharpura,CGWB,24,Gujarat,458,Sabarkantha,VADALI,VADALI,Kesharpura,-,-,-,-,-,-,23.91527778,73.14527778,,30-05-2022 06:00,26.7
2975,2975,Kesharpura,CGWB,24,Gujarat,458,Sabarkantha,VADALI,VADALI,Kesharpura,-,-,-,-,-,-,23.91527778,73.14527778,,30-08-2022 06:00,13.15
2976,2976,Kesharpura,CGWB,24,Gujarat,458,Sabarkantha,VADALI,VADALI,Kesharpura,-,-,-,-,-,-,23.91527778,73.14527778,,10-11-2022 06:00,21.13
2977,2977,Kesharpura,CGWB,24,Gujarat,458,Sabarkantha,VADALI,VADALI,Kesharpura,-,-,-,-,-,-,23.91527778,73.14527778,,10-01-2023 18:00,21.64
2978,2978,Kesharpura,CGWB,24,Gujarat,458,Sabarkantha,VADALI,VADALI,Kesharpura,-,-,-,-,-,-,23.91527778,73.14527778,,30-05-2023 10:00,22.25
2979,2979,Kesharpura_Mayal,CGWB,24,Gujarat,458,Sabarkantha,TALOD,TALOD,Kesharpura,-,-,-,-,-,-,23.32222222,72.94888889,,10-01-2021 00:00,2.45
2980,2980,Kesharpura_Mayal,CGWB,24,Gujarat,458,Sabarkantha,TALOD,TALOD,Kesharpura,-,-,-,-,-,-,23.32222222,72.94888889,,31-08-2021 06:00,2.58
2981,2981,Kesharpura_Mayal,CGWB,24,Gujarat,458,Sabarkantha,TALOD,TALOD,Kesharpura,-,-,-,-,-,-,23.32222222,72.94888889,,30-11-2021 06:00,2.52
2982,2982,Kesharpura_Mayal,CGWB,24,Gujarat,458,Sabarkantha,TALOD,TALOD,Kesharpura,-,-,-,-,-,-,23.32222222,72.94888889,,30-01-2022 07:00,2.68
2983,2983,Kesharpura_Mayal,CGWB,24,Gujarat,458,Sabarkantha,TALOD,TALOD,Kesharpura,-,-,-,-,-,-,23.32222222,72.94888889,,30-05-2022 06:00,5.58
2984,2984,Kesharpura_Mayal,CGWB,24,Gujarat,458,Sabarkantha,TALOD,TALOD,Kesharpura,-,-,-,-,-,-,23.32222222,72.94888889,,30-08-2022 06:00,3.59
2985,2985,Kesharpura_Mayal,CGWB,24,Gujarat,458,Sabarkantha,TALOD,TALOD,Kesharpura,-,-,-,-,-,-,23.32222222,72.94888889,,10-11-2022 06:00,1.43
2986,2986,Kesharpura_Mayal,CGWB,24,Gujarat,458,Sabarkantha,TALOD,TALOD,Kesharpura,-,-,-,-,-,-,23.32222222,72.94888889,,10-01-2023 18:00,1.76
2987,2987,Kesharpura_Mayal,CGWB,24,Gujarat,458,Sabarkantha,TALOD,TALOD,Kesharpura,-,-,-,-,-,-,23.32222222,72.94888889,,30-05-2023 10:00,4.18
2988,2988,Kesia_1,CGWB,24,Gujarat,447,Jamnagar,JODIYA,-,-,-,-,-,-,-,-,22.69638889,70.39694444,,10-01-2021 06:00,5.85
2989,2989,Kesia_1,CGWB,24,Gujarat,447,Jamnagar,JODIYA,-,-,-,-,-,-,-,-,22.69638889,70.39694444,,30-05-2021 06:00,8.8
2990,2990,Kesia_1,CGWB,24,Gujarat,447,Jamnagar,JODIYA,-,-,-,-,-,-,-,-,22.69638889,70.39694444,,10-11-2021 06:00,3.95
2991,2991,Kesia_1,CGWB,24,Gujarat,447,Jamnagar,JODIYA,-,-,-,-,-,-,-,-,22.69638889,70.39694444,,10-01-2022 06:00,5.73
2992,2992,Kesia_1,CGWB,24,Gujarat,447,Jamnagar,JODIYA,-,-,-,-,-,-,-,-,22.69638889,70.39694444,,30-05-2022 06:00,8.87
2993,2993,Kesia_1,CGWB,24,Gujarat,447,Jamnagar,JODIYA,-,-,-,-,-,-,-,-,22.69638889,70.39694444,,10-11-2022 06:00,4.85
2994,2994,Kesia_1,CGWB,24,Gujarat,447,Jamnagar,JODIYA,-,-,-,-,-,-,-,-,22.69638889,70.39694444,,30-05-2023 10:00,9.9
2995,2995,Kevadi,CGWB,24,Gujarat,461,Vadodara,CHHOTA UDAIPUR,CHHOTA UDAIPUR,Kevadi,-,-,-,-,-,-,22.51666667,73.94166667,,10-01-2021 00:00,5.35
2996,2996,Kevadi,CGWB,24,Gujarat,461,Vadodara,CHHOTA UDAIPUR,CHHOTA UDAIPUR,Kevadi,-,-,-,-,-,-,22.51666667,73.94166667,,31-08-2021 06:00,6.2
2997,2997,Kevadi,CGWB,24,Gujarat,461,Vadodara,CHHOTA UDAIPUR,CHHOTA UDAIPUR,Kevadi,-,-,-,-,-,-,22.51666667,73.94166667,,30-11-2021 06:00,4.4
2998,2998,Kevadi,CGWB,24,Gujarat,461,Vadodara,CHHOTA UDAIPUR,CHHOTA UDAIPUR,Kevadi,-,-,-,-,-,-,22.51666667,73.94166667,,30-01-2022 07:00,4.19
2999,2999,Kevadi,CGWB,24,Gujarat,461,Vadodara,CHHOTA UDAIPUR,CHHOTA UDAIPUR,Kevadi,-,-,-,-,-,-,22.51666667,73.94166667,,30-05-2022 06:00,6.8
3000,3000,Kevadi,CGWB,24,Gujarat,461,Vadodara,CHHOTA UDAIPUR,CHHOTA UDAIPUR,Kevadi,-,-,-,-,-,-,22.51666667,73.94166667,,10-11-2022 06:00,3.22
3001,3001,Kevadi,CGWB,24,Gujarat,461,Vadodara,CHHOTA UDAIPUR,CHHOTA UDAIPUR,Kevadi,-,-,-,-,-,-,22.51666667,73.94166667,,30-05-2023 10:00,7.57
3002,3002,Kewadia_Pz,CGWB,24,Gujarat,452,Narmada,NANDOD,NANDOD,Kewadia,-,-,-,-,-,-,21.88277778,73.70055556,,10-01-2021 00:00,3.35
3003,3003,Kewadia_Pz,CGWB,24,Gujarat,452,Narmada,NANDOD,NANDOD,Kewadia,-,-,-,-,-,-,21.88277778,73.70055556,,31-08-2021 06:00,5.07
3004,3004,Kewadia_Pz,CGWB,24,Gujarat,452,Narmada,NANDOD,NANDOD,Kewadia,-,-,-,-,-,-,21.88277778,73.70055556,,30-11-2021 06:00,1.9
3005,3005,Kewadia_Pz,CGWB,24,Gujarat,452,Narmada,NANDOD,NANDOD,Kewadia,-,-,-,-,-,-,21.88277778,73.70055556,,30-01-2022 07:00,2.22
3006,3006,Kewadia_Pz,CGWB,24,Gujarat,452,Narmada,NANDOD,NANDOD,Kewadia,-,-,-,-,-,-,21.88277778,73.70055556,,30-05-2022 06:00,7.08
3007,3007,Kewadia_Pz,CGWB,24,Gujarat,452,Narmada,NANDOD,NANDOD,Kewadia,-,-,-,-,-,-,21.88277778,73.70055556,,10-11-2022 06:00,3.27
3008,3008,Kewadia_Pz,CGWB,24,Gujarat,452,Narmada,NANDOD,NANDOD,Kewadia,-,-,-,-,-,-,21.88277778,73.70055556,,30-05-2023 10:00,5.88
3009,3009,Kewarda,CGWB,24,Gujarat,448,Junagadh,KESHOD,KESHOD,Kewarda,-,-,-,-,-,-,21.26666667,70.20833333,,10-01-2021 00:00,14.3
3010,3010,Kewarda,CGWB,24,Gujarat,448,Junagadh,KESHOD,KESHOD,Kewarda,-,-,-,-,-,-,21.26666667,70.20833333,,31-08-2021 06:00,9.08
3011,3011,Kewarda,CGWB,24,Gujarat,448,Junagadh,KESHOD,KESHOD,Kewarda,-,-,-,-,-,-,21.26666667,70.20833333,,30-11-2021 06:00,6.4
3012,3012,Kewarda,CGWB,24,Gujarat,448,Junagadh,KESHOD,KESHOD,Kewarda,-,-,-,-,-,-,21.26666667,70.20833333,,30-01-2022 07:00,15.21
3013,3013,Kewarda,CGWB,24,Gujarat,448,Junagadh,KESHOD,KESHOD,Kewarda,-,-,-,-,-,-,21.26666667,70.20833333,,30-05-2022 06:00,17.88
3014,3014,Kewarda,CGWB,24,Gujarat,448,Junagadh,KESHOD,KESHOD,Kewarda,-,-,-,-,-,-,21.26666667,70.20833333,,30-08-2022 06:00,2.27
3015,3015,Kewarda,CGWB,24,Gujarat,448,Junagadh,KESHOD,KESHOD,Kewarda,-,-,-,-,-,-,21.26666667,70.20833333,,10-11-2022 06:00,11.13
3016,3016,Kewarda,CGWB,24,Gujarat,448,Junagadh,KESHOD,KESHOD,Kewarda,-,-,-,-,-,-,21.26666667,70.20833333,,30-05-2023 10:00,17
3017,3017,Khadki_Vadiya,CGWB,24,Gujarat,454,Panchmahals,KALOL,KALOL,Khadki,-,-,-,-,-,-,22.66222222,73.50027778,,31-08-2021 06:00,16.57
3018,3018,Khadki_Vadiya,CGWB,24,Gujarat,454,Panchmahals,KALOL,KALOL,Khadki,-,-,-,-,-,-,22.66222222,73.50027778,,30-11-2021 06:00,13.59
3019,3019,Khadki_Vadiya,CGWB,24,Gujarat,454,Panchmahals,KALOL,KALOL,Khadki,-,-,-,-,-,-,22.66222222,73.50027778,,30-01-2022 07:00,15.9
3020,3020,Khadki_Vadiya,CGWB,24,Gujarat,454,Panchmahals,KALOL,KALOL,Khadki,-,-,-,-,-,-,22.66222222,73.50027778,,30-05-2022 06:00,17.3
3021,3021,Khadki_Vadiya,CGWB,24,Gujarat,454,Panchmahals,KALOL,KALOL,Khadki,-,-,-,-,-,-,22.66222222,73.50027778,,30-08-2022 06:00,3.46
3022,3022,Khadki_Vadiya,CGWB,24,Gujarat,454,Panchmahals,KALOL,KALOL,Khadki,-,-,-,-,-,-,22.66222222,73.50027778,,10-11-2022 06:00,11.94
3023,3023,Khadki_Vadiya,CGWB,24,Gujarat,454,Panchmahals,KALOL,KALOL,Khadki,-,-,-,-,-,-,22.66222222,73.50027778,,30-05-2023 10:00,16.3
3024,3024,Khaidipada,CGWB,24,Gujarat,452,Narmada,DEDIAPADA,DEDIAPADA,Khaidipada,-,-,-,-,-,-,21.51388889,73.51944444,,10-01-2021 00:00,1.1
3025,3025,Khaidipada,CGWB,24,Gujarat,452,Narmada,DEDIAPADA,DEDIAPADA,Khaidipada,-,-,-,-,-,-,21.51388889,73.51944444,,31-08-2021 06:00,6
3026,3026,Khaidipada,CGWB,24,Gujarat,452,Narmada,DEDIAPADA,DEDIAPADA,Khaidipada,-,-,-,-,-,-,21.51388889,73.51944444,,30-11-2021 06:00,6
3027,3027,Khaidipada,CGWB,24,Gujarat,452,Narmada,DEDIAPADA,DEDIAPADA,Khaidipada,-,-,-,-,-,-,21.51388889,73.51944444,,30-01-2022 07:00,1.03
3028,3028,Khaidipada,CGWB,24,Gujarat,452,Narmada,DEDIAPADA,DEDIAPADA,Khaidipada,-,-,-,-,-,-,21.51388889,73.51944444,,30-08-2022 06:00,1.38
3029,3029,Khaidipada,CGWB,24,Gujarat,452,Narmada,DEDIAPADA,DEDIAPADA,Khaidipada,-,-,-,-,-,-,21.51388889,73.51944444,,10-11-2022 06:00,1.16
3030,3030,Khaidipada,CGWB,24,Gujarat,452,Narmada,DEDIAPADA,DEDIAPADA,Khaidipada,-,-,-,-,-,-,21.51388889,73.51944444,,30-05-2023 10:00,5.4
3031,3031,Khamba,CGWB,24,Gujarat,439,Amreli,KHAMBHA,KHAMBHA,Khamba,-,-,-,-,-,-,21.15000000,71.23888889,,10-01-2021 00:00,5.45
3032,3032,Khamba,CGWB,24,Gujarat,439,Amreli,KHAMBHA,KHAMBHA,Khamba,-,-,-,-,-,-,21.15000000,71.23888889,,31-08-2021 06:00,2.87
3033,3033,Khamba,CGWB,24,Gujarat,439,Amreli,KHAMBHA,KHAMBHA,Khamba,-,-,-,-,-,-,21.15000000,71.23888889,,30-11-2021 06:00,3.76
3034,3034,Khamba,CGWB,24,Gujarat,439,Amreli,KHAMBHA,KHAMBHA,Khamba,-,-,-,-,-,-,21.15000000,71.23888889,,30-01-2022 07:00,3.73
3035,3035,Khamba,CGWB,24,Gujarat,439,Amreli,KHAMBHA,KHAMBHA,Khamba,-,-,-,-,-,-,21.15000000,71.23888889,,30-05-2022 06:00,7.51
3036,3036,Khamba,CGWB,24,Gujarat,439,Amreli,KHAMBHA,KHAMBHA,Khamba,-,-,-,-,-,-,21.15000000,71.23888889,,30-08-2022 06:00,2.98
3037,3037,Khambalia1,CGWB,24,Gujarat,448,Junagadh,MALIA,MALIA,Khambalia,-,-,-,-,-,-,21.04444444,70.19166667,,10-01-2021 00:00,8.41
3038,3038,Khambalia1,CGWB,24,Gujarat,448,Junagadh,MALIA,MALIA,Khambalia,-,-,-,-,-,-,21.04444444,70.19166667,,31-08-2021 06:00,6.68
3039,3039,Khambalia1,CGWB,24,Gujarat,448,Junagadh,MALIA,MALIA,Khambalia,-,-,-,-,-,-,21.04444444,70.19166667,,30-11-2021 06:00,8.23
3040,3040,Khambalia1,CGWB,24,Gujarat,448,Junagadh,MALIA,MALIA,Khambalia,-,-,-,-,-,-,21.04444444,70.19166667,,30-01-2022 07:00,8.23
3041,3041,Khambalia1,CGWB,24,Gujarat,448,Junagadh,MALIA,MALIA,Khambalia,-,-,-,-,-,-,21.04444444,70.19166667,,30-05-2022 06:00,8.43
3042,3042,Khambalia1,CGWB,24,Gujarat,448,Junagadh,MALIA,MALIA,Khambalia,-,-,-,-,-,-,21.04444444,70.19166667,,30-08-2022 06:00,7.68
3043,3043,Khambalia1,CGWB,24,Gujarat,448,Junagadh,MALIA,MALIA,Khambalia,-,-,-,-,-,-,21.04444444,70.19166667,,10-11-2022 06:00,8.48
3044,3044,Khambalia1,CGWB,24,Gujarat,448,Junagadh,MALIA,MALIA,Khambalia,-,-,-,-,-,-,21.04444444,70.19166667,,30-05-2023 10:00,8.83
3045,3045,Khamba_Pz,CGWB,24,Gujarat,439,Amreli,KHAMBHA,KHAMBHA,Khambha,-,-,-,-,-,-,21.14166667,71.25416667,,10-01-2021 00:00,7.69
3046,3046,Khamba_Pz,CGWB,24,Gujarat,439,Amreli,KHAMBHA,KHAMBHA,Khambha,-,-,-,-,-,-,21.14166667,71.25416667,,31-08-2021 06:00,3.54
3047,3047,Khamba_Pz,CGWB,24,Gujarat,439,Amreli,KHAMBHA,KHAMBHA,Khambha,-,-,-,-,-,-,21.14166667,71.25416667,,30-11-2021 06:00,5.89
3048,3048,Khamba_Pz,CGWB,24,Gujarat,439,Amreli,KHAMBHA,KHAMBHA,Khambha,-,-,-,-,-,-,21.14166667,71.25416667,,30-01-2022 07:00,6.63
3049,3049,Khamba_Pz,CGWB,24,Gujarat,439,Amreli,KHAMBHA,KHAMBHA,Khambha,-,-,-,-,-,-,21.14166667,71.25416667,,30-05-2022 06:00,8.75
3050,3050,Khamba_Pz,CGWB,24,Gujarat,439,Amreli,KHAMBHA,KHAMBHA,Khambha,-,-,-,-,-,-,21.14166667,71.25416667,,10-11-2022 06:00,6.96
3051,3051,Khamba_Pz,CGWB,24,Gujarat,439,Amreli,KHAMBHA,KHAMBHA,Khambha,-,-,-,-,-,-,21.14166667,71.25416667,,30-05-2023 10:00,8.74
3052,3052,Khambhaliya,CGWB,24,Gujarat,447,Jamnagar,KHAMBHALIA,KHAMBHALIA,Khambhaliya,-,-,-,-,-,-,22.20972222,69.64583333,,10-01-2021 00:00,4.3
3053,3053,Khambhaliya,CGWB,24,Gujarat,447,Jamnagar,KHAMBHALIA,KHAMBHALIA,Khambhaliya,-,-,-,-,-,-,22.20972222,69.64583333,,31-08-2021 06:00,2.86
3054,3054,Khambhaliya,CGWB,24,Gujarat,447,Jamnagar,KHAMBHALIA,KHAMBHALIA,Khambhaliya,-,-,-,-,-,-,22.20972222,69.64583333,,30-11-2021 06:00,3.55
3055,3055,Khambhaliya,CGWB,24,Gujarat,447,Jamnagar,KHAMBHALIA,KHAMBHALIA,Khambhaliya,-,-,-,-,-,-,22.20972222,69.64583333,,30-01-2022 07:00,4.24
3056,3056,Khambhaliya,CGWB,24,Gujarat,447,Jamnagar,KHAMBHALIA,KHAMBHALIA,Khambhaliya,-,-,-,-,-,-,22.20972222,69.64583333,,30-05-2022 06:00,6.08
3057,3057,Khambhaliya,CGWB,24,Gujarat,447,Jamnagar,KHAMBHALIA,KHAMBHALIA,Khambhaliya,-,-,-,-,-,-,22.20972222,69.64583333,,30-08-2022 06:00,2.5
3058,3058,Khambhaliya,CGWB,24,Gujarat,447,Jamnagar,KHAMBHALIA,KHAMBHALIA,Khambhaliya,-,-,-,-,-,-,22.20972222,69.64583333,,10-11-2022 06:00,5.34
3059,3059,Khambhaliya,CGWB,24,Gujarat,447,Jamnagar,KHAMBHALIA,KHAMBHALIA,Khambhaliya,-,-,-,-,-,-,22.20972222,69.64583333,,30-05-2023 10:00,9.59
3060,3060,Khambodar,CGWB,24,Gujarat,456,Porbandar,PORBANDAR,PORBANDAR,Khambodar,-,-,-,-,-,-,21.80833333,69.60138889,,10-01-2021 00:00,1.6
3061,3061,Khambodar,CGWB,24,Gujarat,456,Porbandar,PORBANDAR,PORBANDAR,Khambodar,-,-,-,-,-,-,21.80833333,69.60138889,,31-08-2021 06:00,0.92
3062,3062,Khambodar,CGWB,24,Gujarat,456,Porbandar,PORBANDAR,PORBANDAR,Khambodar,-,-,-,-,-,-,21.80833333,69.60138889,,30-11-2021 06:00,2.3
3063,3063,Khambodar,CGWB,24,Gujarat,456,Porbandar,PORBANDAR,PORBANDAR,Khambodar,-,-,-,-,-,-,21.80833333,69.60138889,,30-01-2022 07:00,1.22
3064,3064,Khambodar,CGWB,24,Gujarat,456,Porbandar,PORBANDAR,PORBANDAR,Khambodar,-,-,-,-,-,-,21.80833333,69.60138889,,30-05-2022 06:00,4.72
3065,3065,Khambodar,CGWB,24,Gujarat,456,Porbandar,PORBANDAR,PORBANDAR,Khambodar,-,-,-,-,-,-,21.80833333,69.60138889,,30-08-2022 06:00,0.93
3066,3066,Khambodar,CGWB,24,Gujarat,456,Porbandar,PORBANDAR,PORBANDAR,Khambodar,-,-,-,-,-,-,21.80833333,69.60138889,,10-11-2022 06:00,1.35
3067,3067,Khambodar,CGWB,24,Gujarat,456,Porbandar,PORBANDAR,PORBANDAR,Khambodar,-,-,-,-,-,-,21.80833333,69.60138889,,30-05-2023 10:00,14.1
3068,3068,Khamta,CGWB,24,Gujarat,457,Rajkot,PADDHARI,PADDHARI,Khamta,-,-,-,-,-,-,22.47500000,70.55000000,,10-01-2021 00:00,2.08
3069,3069,Khamta,CGWB,24,Gujarat,457,Rajkot,PADDHARI,PADDHARI,Khamta,-,-,-,-,-,-,22.47500000,70.55000000,,31-08-2021 06:00,2.64
3070,3070,Khamta,CGWB,24,Gujarat,457,Rajkot,PADDHARI,PADDHARI,Khamta,-,-,-,-,-,-,22.47500000,70.55000000,,30-11-2021 06:00,1.75
3071,3071,Khamta,CGWB,24,Gujarat,457,Rajkot,PADDHARI,PADDHARI,Khamta,-,-,-,-,-,-,22.47500000,70.55000000,,30-01-2022 07:00,2.25
3072,3072,Khamta,CGWB,24,Gujarat,457,Rajkot,PADDHARI,PADDHARI,Khamta,-,-,-,-,-,-,22.47500000,70.55000000,,30-05-2022 06:00,8
3073,3073,Khamta,CGWB,24,Gujarat,457,Rajkot,PADDHARI,PADDHARI,Khamta,-,-,-,-,-,-,22.47500000,70.55000000,,30-08-2022 06:00,1.6
3074,3074,Khamta,CGWB,24,Gujarat,457,Rajkot,PADDHARI,PADDHARI,Khamta,-,-,-,-,-,-,22.47500000,70.55000000,,10-11-2022 06:00,2.43
3075,3075,Khamta,CGWB,24,Gujarat,457,Rajkot,PADDHARI,PADDHARI,Khamta,-,-,-,-,-,-,22.47500000,70.55000000,,30-05-2023 10:00,6.15
3076,3076,Khandania,CGWB,24,Gujarat,445,Dohad,DEVGAD BARIA,DEVGAD BARIA,Khandania,-,-,-,-,-,-,22.70416667,73.83750000,,10-01-2021 00:00,13
3077,3077,Khandania,CGWB,24,Gujarat,445,Dohad,DEVGAD BARIA,DEVGAD BARIA,Khandania,-,-,-,-,-,-,22.70416667,73.83750000,,31-08-2021 06:00,12.06
3078,3078,Khandania,CGWB,24,Gujarat,445,Dohad,DEVGAD BARIA,DEVGAD BARIA,Khandania,-,-,-,-,-,-,22.70416667,73.83750000,,30-11-2021 06:00,9.8
3079,3079,Khandania,CGWB,24,Gujarat,445,Dohad,DEVGAD BARIA,DEVGAD BARIA,Khandania,-,-,-,-,-,-,22.70416667,73.83750000,,30-01-2022 07:00,11.65
3080,3080,Khandania,CGWB,24,Gujarat,445,Dohad,DEVGAD BARIA,DEVGAD BARIA,Khandania,-,-,-,-,-,-,22.70416667,73.83750000,,30-08-2022 06:00,8.52
3081,3081,Khandania,CGWB,24,Gujarat,445,Dohad,DEVGAD BARIA,DEVGAD BARIA,Khandania,-,-,-,-,-,-,22.70416667,73.83750000,,10-11-2022 06:00,10.04
3082,3082,Khandania,CGWB,24,Gujarat,445,Dohad,DEVGAD BARIA,DEVGAD BARIA,Khandania,-,-,-,-,-,-,22.70416667,73.83750000,,10-01-2023 18:00,11.17
3083,3083,Khandania,CGWB,24,Gujarat,445,Dohad,DEVGAD BARIA,DEVGAD BARIA,Khandania,-,-,-,-,-,-,22.70416667,73.83750000,,30-05-2023 10:00,13.45
3084,3084,Khanpur,CGWB,24,Gujarat,454,Panchmahals,KHANPUR,KHANPUR,Khanpur,-,-,-,-,-,-,23.37000000,73.67722222,,10-01-2021 00:00,12.1
3085,3085,Khanpur,CGWB,24,Gujarat,454,Panchmahals,KHANPUR,KHANPUR,Khanpur,-,-,-,-,-,-,23.37000000,73.67722222,,31-08-2021 06:00,13.77
3086,3086,Khanpur,CGWB,24,Gujarat,454,Panchmahals,KHANPUR,KHANPUR,Khanpur,-,-,-,-,-,-,23.37000000,73.67722222,,30-11-2021 06:00,8.42
3087,3087,Khanpur,CGWB,24,Gujarat,454,Panchmahals,KHANPUR,KHANPUR,Khanpur,-,-,-,-,-,-,23.37000000,73.67722222,,30-01-2022 07:00,13.2
3088,3088,Khanpur,CGWB,24,Gujarat,454,Panchmahals,KHANPUR,KHANPUR,Khanpur,-,-,-,-,-,-,23.37000000,73.67722222,,30-05-2022 06:00,12.5
3089,3089,Khanpur,CGWB,24,Gujarat,454,Panchmahals,KHANPUR,KHANPUR,Khanpur,-,-,-,-,-,-,23.37000000,73.67722222,,30-08-2022 06:00,9.92
3090,3090,Khanpur,CGWB,24,Gujarat,454,Panchmahals,KHANPUR,KHANPUR,Khanpur,-,-,-,-,-,-,23.37000000,73.67722222,,10-11-2022 06:00,11.6
3091,3091,Khanpur,CGWB,24,Gujarat,454,Panchmahals,KHANPUR,KHANPUR,Khanpur,-,-,-,-,-,-,23.37000000,73.67722222,,10-01-2023 18:00,13.8
3092,3092,Khanpur,CGWB,24,Gujarat,454,Panchmahals,KHANPUR,KHANPUR,Khanpur,-,-,-,-,-,-,23.37000000,73.67722222,,30-05-2023 10:00,8.4
3093,3093,Kharaghoda,CGWB,24,Gujarat,460,Surendranagar,DASADA,DASADA,Kharaghoda,-,-,-,-,-,-,23.18750000,71.75000000,,10-01-2021 00:00,1.85
3094,3094,Kharaghoda,CGWB,24,Gujarat,460,Surendranagar,DASADA,DASADA,Kharaghoda,-,-,-,-,-,-,23.18750000,71.75000000,,31-08-2021 06:00,1.2
3095,3095,Kharaghoda,CGWB,24,Gujarat,460,Surendranagar,DASADA,DASADA,Kharaghoda,-,-,-,-,-,-,23.18750000,71.75000000,,30-11-2021 06:00,1.5
3096,3096,Kharaghoda,CGWB,24,Gujarat,460,Surendranagar,DASADA,DASADA,Kharaghoda,-,-,-,-,-,-,23.18750000,71.75000000,,30-01-2022 07:00,2.05
3097,3097,Kharaghoda,CGWB,24,Gujarat,460,Surendranagar,DASADA,DASADA,Kharaghoda,-,-,-,-,-,-,23.18750000,71.75000000,,30-05-2022 06:00,1.5
3098,3098,Kharai_1,CGWB,24,Gujarat,449,Kachchh,ABDASA,ABDASA,Kharai,-,-,-,-,-,-,23.46305556,68.68555556,,30-01-2022 07:00,0.6
3099,3099,Kharai_1,CGWB,24,Gujarat,449,Kachchh,ABDASA,ABDASA,Kharai,-,-,-,-,-,-,23.46305556,68.68555556,,30-05-2022 06:00,3.85
3100,3100,Kharai_1,CGWB,24,Gujarat,449,Kachchh,ABDASA,ABDASA,Kharai,-,-,-,-,-,-,23.46305556,68.68555556,,30-05-2023 10:00,1.59
3101,3101,Kharoi,CGWB,24,Gujarat,449,Kachchh,BHACHAU,BHACHAU,Kharoi,-,-,-,-,-,-,23.45416667,70.35000000,,10-01-2021 00:00,4
3102,3102,Kharoi,CGWB,24,Gujarat,449,Kachchh,BHACHAU,BHACHAU,Kharoi,-,-,-,-,-,-,23.45416667,70.35000000,,31-08-2021 06:00,2.35
3103,3103,Kharoi,CGWB,24,Gujarat,449,Kachchh,BHACHAU,BHACHAU,Kharoi,-,-,-,-,-,-,23.45416667,70.35000000,,30-11-2021 06:00,7.95
3104,3104,Kharoi,CGWB,24,Gujarat,449,Kachchh,BHACHAU,BHACHAU,Kharoi,-,-,-,-,-,-,23.45416667,70.35000000,,30-01-2022 07:00,6.55
3105,3105,Kharoi,CGWB,24,Gujarat,449,Kachchh,BHACHAU,BHACHAU,Kharoi,-,-,-,-,-,-,23.45416667,70.35000000,,30-05-2022 06:00,6.54
3106,3106,Kharoi,CGWB,24,Gujarat,449,Kachchh,BHACHAU,BHACHAU,Kharoi,-,-,-,-,-,-,23.45416667,70.35000000,,30-08-2022 06:00,4.07
3107,3107,Kharoi,CGWB,24,Gujarat,449,Kachchh,BHACHAU,BHACHAU,Kharoi,-,-,-,-,-,-,23.45416667,70.35000000,,10-11-2022 06:00,3.89
3108,3108,Kharoi,CGWB,24,Gujarat,449,Kachchh,BHACHAU,BHACHAU,Kharoi,-,-,-,-,-,-,23.45416667,70.35000000,,30-05-2023 10:00,7.61
3109,3109,Kharoj Dabhi Pz I,CGWB,24,Gujarat,446,Gandhinagar,-,-,-,-,-,-,-,-,-,23.38000000,72.52000000,,10-01-2023 18:00,137.57
3110,3110,Kharoj Dabhi Pz I_1,CGWB,24,Gujarat,446,Gandhinagar,KALOL,-,-,-,-,-,-,-,-,23.38000000,72.52000000,,10-01-2021 06:00,138.75
3111,3111,Kharoj Dabhi Pz I_1,CGWB,24,Gujarat,446,Gandhinagar,KALOL,-,-,-,-,-,-,-,-,23.38000000,72.52000000,,30-05-2021 06:00,142.68
3112,3112,Kharoj Dabhi Pz I_1,CGWB,24,Gujarat,446,Gandhinagar,KALOL,-,-,-,-,-,-,-,-,23.38000000,72.52000000,,30-08-2021 06:00,137.69
3113,3113,Kharoj Dabhi Pz I_1,CGWB,24,Gujarat,446,Gandhinagar,KALOL,-,-,-,-,-,-,-,-,23.38000000,72.52000000,,10-11-2021 06:00,137.04
3114,3114,Kharoj Dabhi Pz I_1,CGWB,24,Gujarat,446,Gandhinagar,KALOL,-,-,-,-,-,-,-,-,23.38000000,72.52000000,,10-01-2022 06:00,139.37
3115,3115,Kharoj Dabhi Pz I_1,CGWB,24,Gujarat,446,Gandhinagar,KALOL,-,-,-,-,-,-,-,-,23.38000000,72.52000000,,30-05-2022 06:00,162.6
3116,3116,Kharoj Dabhi Pz I_1,CGWB,24,Gujarat,446,Gandhinagar,KALOL,-,-,-,-,-,-,-,-,23.38000000,72.52000000,,30-08-2022 06:00,136.17
3117,3117,Kharoj Dabhi Pz I_1,CGWB,24,Gujarat,446,Gandhinagar,KALOL,-,-,-,-,-,-,-,-,23.38000000,72.52000000,,10-11-2022 06:00,136.81
3118,3118,Kharoj Dabhi Pz II,CGWB,24,Gujarat,446,Gandhinagar,-,-,-,-,-,-,-,-,-,23.38000000,72.52000000,,10-01-2023 18:00,162.83
3119,3119,Kharoj Dabhi Pz II_1,CGWB,24,Gujarat,446,Gandhinagar,KALOL,-,-,-,-,-,-,-,-,23.38000000,72.52000000,,30-05-2021 06:00,158.14
3120,3120,Kharoj Dabhi Pz II_1,CGWB,24,Gujarat,446,Gandhinagar,KALOL,-,-,-,-,-,-,-,-,23.38000000,72.52000000,,30-08-2021 06:00,149.48
3121,3121,Kharoj Dabhi Pz II_1,CGWB,24,Gujarat,446,Gandhinagar,KALOL,-,-,-,-,-,-,-,-,23.38000000,72.52000000,,10-11-2021 06:00,150.74
3122,3122,Kharoj Dabhi Pz II_1,CGWB,24,Gujarat,446,Gandhinagar,KALOL,-,-,-,-,-,-,-,-,23.38000000,72.52000000,,10-01-2022 06:00,155.98
3123,3123,Kharoj Dabhi Pz II_1,CGWB,24,Gujarat,446,Gandhinagar,KALOL,-,-,-,-,-,-,-,-,23.38000000,72.52000000,,30-05-2022 06:00,163.2
3124,3124,Kharoj Dabhi Pz II_1,CGWB,24,Gujarat,446,Gandhinagar,KALOL,-,-,-,-,-,-,-,-,23.38000000,72.52000000,,30-08-2022 06:00,149.52
3125,3125,Kharoj Dabhi Pz II_1,CGWB,24,Gujarat,446,Gandhinagar,KALOL,-,-,-,-,-,-,-,-,23.38000000,72.52000000,,10-11-2022 06:00,150.12
3126,3126,Khavada,CGWB,24,Gujarat,449,Kachchh,BHUJ,BHUJ,Khavada,-,-,-,-,-,-,23.83888889,69.73055556,,10-01-2021 00:00,5.54
3127,3127,Khavada,CGWB,24,Gujarat,449,Kachchh,BHUJ,BHUJ,Khavada,-,-,-,-,-,-,23.83888889,69.73055556,,31-08-2021 06:00,4.77
3128,3128,Khavada,CGWB,24,Gujarat,449,Kachchh,BHUJ,BHUJ,Khavada,-,-,-,-,-,-,23.83888889,69.73055556,,30-11-2021 06:00,5.79
3129,3129,Khavada,CGWB,24,Gujarat,449,Kachchh,BHUJ,BHUJ,Khavada,-,-,-,-,-,-,23.83888889,69.73055556,,30-01-2022 07:00,4.58
3130,3130,Khavada,CGWB,24,Gujarat,449,Kachchh,BHUJ,BHUJ,Khavada,-,-,-,-,-,-,23.83888889,69.73055556,,30-05-2022 06:00,9.14
3131,3131,Khavada,CGWB,24,Gujarat,449,Kachchh,BHUJ,BHUJ,Khavada,-,-,-,-,-,-,23.83888889,69.73055556,,30-08-2022 06:00,2.56
3132,3132,Khavada,CGWB,24,Gujarat,449,Kachchh,BHUJ,BHUJ,Khavada,-,-,-,-,-,-,23.83888889,69.73055556,,10-11-2022 06:00,4.65
3133,3133,Khavada,CGWB,24,Gujarat,449,Kachchh,BHUJ,BHUJ,Khavada,-,-,-,-,-,-,23.83888889,69.73055556,,30-05-2023 10:00,6.98
3134,3134,Khavda,CGWB,24,Gujarat,449,Kachchh,BHUJ,BHUJ,Khavda,-,-,-,-,-,-,23.84444444,69.73194444,,10-01-2021 00:00,6.25
3135,3135,Khavda,CGWB,24,Gujarat,449,Kachchh,BHUJ,BHUJ,Khavda,-,-,-,-,-,-,23.84444444,69.73194444,,31-08-2021 06:00,5.08
3136,3136,Khavda,CGWB,24,Gujarat,449,Kachchh,BHUJ,BHUJ,Khavda,-,-,-,-,-,-,23.84444444,69.73194444,,30-11-2021 06:00,5.67
3137,3137,Khavda,CGWB,24,Gujarat,449,Kachchh,BHUJ,BHUJ,Khavda,-,-,-,-,-,-,23.84444444,69.73194444,,30-01-2022 07:00,3.8
3138,3138,Khavda,CGWB,24,Gujarat,449,Kachchh,BHUJ,BHUJ,Khavda,-,-,-,-,-,-,23.84444444,69.73194444,,30-05-2022 06:00,6.95
3139,3139,Khavda,CGWB,24,Gujarat,449,Kachchh,BHUJ,BHUJ,Khavda,-,-,-,-,-,-,23.84444444,69.73194444,,30-08-2022 06:00,5.64
3140,3140,Khavda,CGWB,24,Gujarat,449,Kachchh,BHUJ,BHUJ,Khavda,-,-,-,-,-,-,23.84444444,69.73194444,,10-11-2022 06:00,6.95
3141,3141,Khavda,CGWB,24,Gujarat,449,Kachchh,BHUJ,BHUJ,Khavda,-,-,-,-,-,-,23.84444444,69.73194444,,30-05-2023 10:00,9.28
3142,3142,Kheda,CGWB,24,Gujarat,450,Kheda,KHEDA,KHEDA,Kheda,-,-,-,-,-,-,22.73750000,72.70416667,,10-01-2021 00:00,2.4
3143,3143,Kheda,CGWB,24,Gujarat,450,Kheda,KHEDA,KHEDA,Kheda,-,-,-,-,-,-,22.73750000,72.70416667,,31-08-2021 06:00,3.55
3144,3144,Kheda,CGWB,24,Gujarat,450,Kheda,KHEDA,KHEDA,Kheda,-,-,-,-,-,-,22.73750000,72.70416667,,30-01-2022 07:00,1.45
3145,3145,Kheda,CGWB,24,Gujarat,450,Kheda,KHEDA,KHEDA,Kheda,-,-,-,-,-,-,22.73750000,72.70416667,,30-05-2022 06:00,4.55
3146,3146,Kheda,CGWB,24,Gujarat,450,Kheda,KHEDA,KHEDA,Kheda,-,-,-,-,-,-,22.73750000,72.70416667,,10-01-2023 18:00,3.05
3147,3147,Khedbrahma_Pz,CGWB,24,Gujarat,458,Sabarkantha,KHEDBRAHMA,KHEDBRAHMA,Khedbrahma,-,-,-,-,-,-,24.03611111,73.04444444,,10-01-2021 00:00,2.6
3148,3148,Khedbrahma_Pz,CGWB,24,Gujarat,458,Sabarkantha,KHEDBRAHMA,KHEDBRAHMA,Khedbrahma,-,-,-,-,-,-,24.03611111,73.04444444,,31-08-2021 06:00,2
3149,3149,Khedbrahma_Pz,CGWB,24,Gujarat,458,Sabarkantha,KHEDBRAHMA,KHEDBRAHMA,Khedbrahma,-,-,-,-,-,-,24.03611111,73.04444444,,30-11-2021 06:00,2.25
3150,3150,Khedbrahma_Pz,CGWB,24,Gujarat,458,Sabarkantha,KHEDBRAHMA,KHEDBRAHMA,Khedbrahma,-,-,-,-,-,-,24.03611111,73.04444444,,30-01-2022 07:00,2.55
3151,3151,Khedbrahma_Pz,CGWB,24,Gujarat,458,Sabarkantha,KHEDBRAHMA,KHEDBRAHMA,Khedbrahma,-,-,-,-,-,-,24.03611111,73.04444444,,30-05-2022 06:00,4.36
3152,3152,Khedbrahma_Pz,CGWB,24,Gujarat,458,Sabarkantha,KHEDBRAHMA,KHEDBRAHMA,Khedbrahma,-,-,-,-,-,-,24.03611111,73.04444444,,30-08-2022 06:00,0.63
3153,3153,Khedbramha_1,CGWB,24,Gujarat,458,Sabarkantha,KHEDBRAHMA,KHEDBRAHMA,Khedbramha,-,-,-,-,-,-,24.02916667,73.05000000,,10-01-2021 00:00,15.19
3154,3154,Khedbramha_1,CGWB,24,Gujarat,458,Sabarkantha,KHEDBRAHMA,KHEDBRAHMA,Khedbramha,-,-,-,-,-,-,24.02916667,73.05000000,,31-08-2021 06:00,3.43
3155,3155,Khedbramha_1,CGWB,24,Gujarat,458,Sabarkantha,KHEDBRAHMA,KHEDBRAHMA,Khedbramha,-,-,-,-,-,-,24.02916667,73.05000000,,30-11-2021 06:00,8.8
3156,3156,Khedbramha_1,CGWB,24,Gujarat,458,Sabarkantha,KHEDBRAHMA,KHEDBRAHMA,Khedbramha,-,-,-,-,-,-,24.02916667,73.05000000,,30-01-2022 07:00,19.1
3157,3157,Khedbramha_1,CGWB,24,Gujarat,458,Sabarkantha,KHEDBRAHMA,KHEDBRAHMA,Khedbramha,-,-,-,-,-,-,24.02916667,73.05000000,,30-05-2022 06:00,17.4
3158,3158,Khedbramha_1,CGWB,24,Gujarat,458,Sabarkantha,KHEDBRAHMA,KHEDBRAHMA,Khedbramha,-,-,-,-,-,-,24.02916667,73.05000000,,30-08-2022 06:00,1.8
3159,3159,Khedbramha_1,CGWB,24,Gujarat,458,Sabarkantha,KHEDBRAHMA,KHEDBRAHMA,Khedbramha,-,-,-,-,-,-,24.02916667,73.05000000,,30-05-2023 10:00,13.8
3160,3160,Khedwada (Ashram Falia),CGWB,24,Gujarat,459,Surat,SONGADH,SONGADH,Khedwada,-,-,-,-,-,-,21.28111111,73.46527778,,10-01-2021 00:00,6.65
3161,3161,Khedwada (Ashram Falia),CGWB,24,Gujarat,459,Surat,SONGADH,SONGADH,Khedwada,-,-,-,-,-,-,21.28111111,73.46527778,,31-08-2021 06:00,3.4
3162,3162,Khedwada (Ashram Falia),CGWB,24,Gujarat,459,Surat,SONGADH,SONGADH,Khedwada,-,-,-,-,-,-,21.28111111,73.46527778,,30-11-2021 06:00,4.3
3163,3163,Khedwada (Ashram Falia),CGWB,24,Gujarat,459,Surat,SONGADH,SONGADH,Khedwada,-,-,-,-,-,-,21.28111111,73.46527778,,30-01-2022 07:00,4.8
3164,3164,Khedwada (Ashram Falia),CGWB,24,Gujarat,459,Surat,SONGADH,SONGADH,Khedwada,-,-,-,-,-,-,21.28111111,73.46527778,,30-05-2022 06:00,7.84
3165,3165,Khedwada (Ashram Falia),CGWB,24,Gujarat,459,Surat,SONGADH,SONGADH,Khedwada,-,-,-,-,-,-,21.28111111,73.46527778,,30-08-2022 06:00,4
3166,3166,Khedwada (Ashram Falia),CGWB,24,Gujarat,459,Surat,SONGADH,SONGADH,Khedwada,-,-,-,-,-,-,21.28111111,73.46527778,,10-11-2022 06:00,5.6
3167,3167,Kheralu1,CGWB,24,Gujarat,451,Mahesana,KHERALU,KHERALU,Kheralu,-,-,-,-,-,-,23.88750000,72.61250000,,10-01-2021 00:00,8.52
3168,3168,Kheralu1,CGWB,24,Gujarat,451,Mahesana,KHERALU,KHERALU,Kheralu,-,-,-,-,-,-,23.88750000,72.61250000,,31-08-2021 06:00,14.88
3169,3169,Kheralu1,CGWB,24,Gujarat,451,Mahesana,KHERALU,KHERALU,Kheralu,-,-,-,-,-,-,23.88750000,72.61250000,,30-11-2021 06:00,16.42
3170,3170,Kheralu1,CGWB,24,Gujarat,451,Mahesana,KHERALU,KHERALU,Kheralu,-,-,-,-,-,-,23.88750000,72.61250000,,30-01-2022 07:00,15.8
3171,3171,Kheralu1,CGWB,24,Gujarat,451,Mahesana,KHERALU,KHERALU,Kheralu,-,-,-,-,-,-,23.88750000,72.61250000,,30-05-2022 06:00,14.88
3172,3172,Kheralu1,CGWB,24,Gujarat,451,Mahesana,KHERALU,KHERALU,Kheralu,-,-,-,-,-,-,23.88750000,72.61250000,,30-08-2022 06:00,9.7
3173,3173,Kheralu1,CGWB,24,Gujarat,451,Mahesana,KHERALU,KHERALU,Kheralu,-,-,-,-,-,-,23.88750000,72.61250000,,10-11-2022 06:00,14.75
3174,3174,Kheralu1,CGWB,24,Gujarat,451,Mahesana,KHERALU,KHERALU,Kheralu,-,-,-,-,-,-,23.88750000,72.61250000,,30-05-2023 10:00,10.08
3175,3175,Kheralu (deep),CGWB,24,Gujarat,451,Mahesana,KHERALU,KHERALU,Kheralu (deep),-,-,-,-,-,-,23.89777778,72.61055556,,10-01-2021 00:00,48.37
3176,3176,Kheralu (deep),CGWB,24,Gujarat,451,Mahesana,KHERALU,KHERALU,Kheralu (deep),-,-,-,-,-,-,23.89777778,72.61055556,,31-08-2021 06:00,48.08
3177,3177,Kheralu (deep),CGWB,24,Gujarat,451,Mahesana,KHERALU,KHERALU,Kheralu (deep),-,-,-,-,-,-,23.89777778,72.61055556,,30-11-2021 06:00,47.12
3178,3178,Kheralu (deep),CGWB,24,Gujarat,451,Mahesana,KHERALU,KHERALU,Kheralu (deep),-,-,-,-,-,-,23.89777778,72.61055556,,30-01-2022 07:00,47.42
3179,3179,Kheralu (deep),CGWB,24,Gujarat,451,Mahesana,KHERALU,KHERALU,Kheralu (deep),-,-,-,-,-,-,23.89777778,72.61055556,,30-05-2022 06:00,50.05
3180,3180,Kheralu (deep),CGWB,24,Gujarat,451,Mahesana,KHERALU,KHERALU,Kheralu (deep),-,-,-,-,-,-,23.89777778,72.61055556,,30-08-2022 06:00,47.2
3181,3181,Kheralu (deep),CGWB,24,Gujarat,451,Mahesana,KHERALU,KHERALU,Kheralu (deep),-,-,-,-,-,-,23.89777778,72.61055556,,10-11-2022 06:00,46.85
3182,3182,Kheralu(shallow,CGWB,24,Gujarat,451,Mahesana,KHERALU,KHERALU,Kheralu(shallow,-,-,-,-,-,-,23.89777778,72.61055556,,10-01-2021 00:00,3.22
3183,3183,Kheralu(shallow,CGWB,24,Gujarat,451,Mahesana,KHERALU,KHERALU,Kheralu(shallow,-,-,-,-,-,-,23.89777778,72.61055556,,31-08-2021 06:00,3.32
3184,3184,Kheralu(shallow,CGWB,24,Gujarat,451,Mahesana,KHERALU,KHERALU,Kheralu(shallow,-,-,-,-,-,-,23.89777778,72.61055556,,30-11-2021 06:00,2.77
3185,3185,Kheralu(shallow,CGWB,24,Gujarat,451,Mahesana,KHERALU,KHERALU,Kheralu(shallow,-,-,-,-,-,-,23.89777778,72.61055556,,30-01-2022 07:00,3.29
3186,3186,Kheralu(shallow,CGWB,24,Gujarat,451,Mahesana,KHERALU,KHERALU,Kheralu(shallow,-,-,-,-,-,-,23.89777778,72.61055556,,30-05-2022 06:00,4.55
3187,3187,Kheralu(shallow,CGWB,24,Gujarat,451,Mahesana,KHERALU,KHERALU,Kheralu(shallow,-,-,-,-,-,-,23.89777778,72.61055556,,30-08-2022 06:00,11.2
3188,3188,Kheralu(shallow,CGWB,24,Gujarat,451,Mahesana,KHERALU,KHERALU,Kheralu(shallow,-,-,-,-,-,-,23.89777778,72.61055556,,10-11-2022 06:00,1.43
3189,3189,Khergam,CGWB,24,Gujarat,453,Navsari,CHIKHLI,CHIKHLI,Khergam,-,-,-,-,-,-,20.63333333,73.09583333,,10-01-2021 00:00,4.16
3190,3190,Khergam,CGWB,24,Gujarat,453,Navsari,CHIKHLI,CHIKHLI,Khergam,-,-,-,-,-,-,20.63333333,73.09583333,,31-08-2021 06:00,1.4
3191,3191,Khergam,CGWB,24,Gujarat,453,Navsari,CHIKHLI,CHIKHLI,Khergam,-,-,-,-,-,-,20.63333333,73.09583333,,30-11-2021 06:00,0.7
3192,3192,Khergam,CGWB,24,Gujarat,453,Navsari,CHIKHLI,CHIKHLI,Khergam,-,-,-,-,-,-,20.63333333,73.09583333,,30-01-2022 07:00,0.8
3193,3193,Khergam,CGWB,24,Gujarat,453,Navsari,CHIKHLI,CHIKHLI,Khergam,-,-,-,-,-,-,20.63333333,73.09583333,,30-08-2022 06:00,3.4
3194,3194,Khergam,CGWB,24,Gujarat,453,Navsari,CHIKHLI,CHIKHLI,Khergam,-,-,-,-,-,-,20.63333333,73.09583333,,10-11-2022 06:00,3.92
3195,3195,Khergam,CGWB,24,Gujarat,453,Navsari,CHIKHLI,CHIKHLI,Khergam,-,-,-,-,-,-,20.63333333,73.09583333,,30-05-2023 10:00,7.3
3196,3196,Khergam,CGWB,24,Gujarat,453,Navsari,CHIKHLI,CHIKHLI,Khergam,-,-,-,-,-,-,20.63333333,73.09583333,,30-08-2023 18:00,1.7
3197,3197,Kherwa,CGWB,24,Gujarat,459,Surat,NIZAR,NIZAR,Kherwa,-,-,-,-,-,-,21.41888889,73.95972222,,10-01-2021 00:00,0.66
3198,3198,Kherwa,CGWB,24,Gujarat,460,Surendranagar,DASADA,DASADA,Kherwa,-,-,-,-,-,-,23.00416667,71.74583333,,10-01-2021 00:00,2.14
3199,3199,Kherwa,CGWB,24,Gujarat,460,Surendranagar,DASADA,DASADA,Kherwa,-,-,-,-,-,-,23.00416667,71.74583333,,31-08-2021 06:00,0.14
3200,3200,Kherwa,CGWB,24,Gujarat,460,Surendranagar,DASADA,DASADA,Kherwa,-,-,-,-,-,-,23.00416667,71.74583333,,30-11-2021 06:00,0.54
3201,3201,Kherwa,CGWB,24,Gujarat,460,Surendranagar,DASADA,DASADA,Kherwa,-,-,-,-,-,-,23.00416667,71.74583333,,30-01-2022 07:00,1.01
3202,3202,Kherwa,CGWB,24,Gujarat,460,Surendranagar,DASADA,DASADA,Kherwa,-,-,-,-,-,-,23.00416667,71.74583333,,30-05-2022 06:00,2.39
3203,3203,Kherwa,CGWB,24,Gujarat,460,Surendranagar,DASADA,DASADA,Kherwa,-,-,-,-,-,-,23.00416667,71.74583333,,30-08-2022 06:00,0.81
3204,3204,Kherwa,CGWB,24,Gujarat,460,Surendranagar,DASADA,DASADA,Kherwa,-,-,-,-,-,-,23.00416667,71.74583333,,10-11-2022 06:00,0.31
3205,3205,Kherwa,CGWB,24,Gujarat,460,Surendranagar,DASADA,DASADA,Kherwa,-,-,-,-,-,-,23.00416667,71.74583333,,30-05-2023 10:00,1.72
3206,3206,Kherwa,CGWB,24,Gujarat,459,Surat,NIZAR,NIZAR,Kherwa,-,-,-,-,-,-,21.41888889,73.95972222,,30-08-2023 18:00,3.55
3207,3207,Kherwada,CGWB,24,Gujarat,458,Sabarkantha,VIJAYNAGAR,VIJAYNAGAR,Kherwada,-,-,-,-,-,-,23.96944444,73.23361111,,10-01-2021 00:00,3.96
3208,3208,Kherwada,CGWB,24,Gujarat,458,Sabarkantha,VIJAYNAGAR,VIJAYNAGAR,Kherwada,-,-,-,-,-,-,23.96944444,73.23361111,,31-08-2021 06:00,4.47
3209,3209,Kherwada,CGWB,24,Gujarat,458,Sabarkantha,VIJAYNAGAR,VIJAYNAGAR,Kherwada,-,-,-,-,-,-,23.96944444,73.23361111,,30-11-2021 06:00,3.67
3210,3210,Kherwada,CGWB,24,Gujarat,458,Sabarkantha,VIJAYNAGAR,VIJAYNAGAR,Kherwada,-,-,-,-,-,-,23.96944444,73.23361111,,30-01-2022 07:00,4.1
3211,3211,Kherwada,CGWB,24,Gujarat,458,Sabarkantha,VIJAYNAGAR,VIJAYNAGAR,Kherwada,-,-,-,-,-,-,23.96944444,73.23361111,,30-08-2022 06:00,2.5
3212,3212,Kherwada,CGWB,24,Gujarat,458,Sabarkantha,VIJAYNAGAR,VIJAYNAGAR,Kherwada,-,-,-,-,-,-,23.96944444,73.23361111,,30-05-2023 10:00,6.9
3213,3213,Khijadiya,CGWB,24,Gujarat,443,Bhavnagar,PALITANA,PALITANA,Khijadiya,-,-,-,-,-,-,21.63750000,71.70000000,,10-01-2021 00:00,5.63
3214,3214,Khijadiya,CGWB,24,Gujarat,443,Bhavnagar,PALITANA,PALITANA,Khijadiya,-,-,-,-,-,-,21.63750000,71.70000000,,31-08-2021 06:00,4.6
3215,3215,Khijadiya,CGWB,24,Gujarat,443,Bhavnagar,PALITANA,PALITANA,Khijadiya,-,-,-,-,-,-,21.63750000,71.70000000,,30-11-2021 06:00,2.82
3216,3216,Khijadiya,CGWB,24,Gujarat,443,Bhavnagar,PALITANA,PALITANA,Khijadiya,-,-,-,-,-,-,21.63750000,71.70000000,,30-01-2022 07:00,4.46
3217,3217,Khijadiya,CGWB,24,Gujarat,443,Bhavnagar,PALITANA,PALITANA,Khijadiya,-,-,-,-,-,-,21.63750000,71.70000000,,30-05-2022 06:00,6.55
3218,3218,Khijadiya,CGWB,24,Gujarat,443,Bhavnagar,PALITANA,PALITANA,Khijadiya,-,-,-,-,-,-,21.63750000,71.70000000,,30-08-2022 06:00,7.07
3219,3219,Khijadiya,CGWB,24,Gujarat,443,Bhavnagar,PALITANA,PALITANA,Khijadiya,-,-,-,-,-,-,21.63750000,71.70000000,,10-11-2022 06:00,7.85
3220,3220,Khijadiya,CGWB,24,Gujarat,443,Bhavnagar,PALITANA,PALITANA,Khijadiya,-,-,-,-,-,-,21.63750000,71.70000000,,30-05-2023 10:00,10.400001
3221,3221,Khirsara,CGWB,24,Gujarat,447,Jamnagar,KALYANPUR,KALYANPUR,Khirsara,-,-,-,-,-,-,21.97916667,69.60000000,,10-01-2021 00:00,7.42
3222,3222,Khirsara,CGWB,24,Gujarat,447,Jamnagar,KALYANPUR,KALYANPUR,Khirsara,-,-,-,-,-,-,21.97916667,69.60000000,,31-08-2021 06:00,1.17
3223,3223,Khirsara,CGWB,24,Gujarat,447,Jamnagar,KALYANPUR,KALYANPUR,Khirsara,-,-,-,-,-,-,21.97916667,69.60000000,,30-11-2021 06:00,1.39
3224,3224,Khirsara,CGWB,24,Gujarat,447,Jamnagar,KALYANPUR,KALYANPUR,Khirsara,-,-,-,-,-,-,21.97916667,69.60000000,,30-05-2022 06:00,11.32
3225,3225,Khirsara,CGWB,24,Gujarat,447,Jamnagar,KALYANPUR,KALYANPUR,Khirsara,-,-,-,-,-,-,21.97916667,69.60000000,,10-11-2022 06:00,4.72
3226,3226,Khirsara,CGWB,24,Gujarat,447,Jamnagar,KALYANPUR,KALYANPUR,Khirsara,-,-,-,-,-,-,21.97916667,69.60000000,,30-05-2023 10:00,6.72
3227,3227,Khirsara1,CGWB,24,Gujarat,457,Rajkot,LODHIKA,LODHIKA,Khirsara,-,-,-,-,-,-,22.24166667,70.64583333,,10-11-2022 06:00,5.91
3228,3228,Khoda,CGWB,24,Gujarat,441,Banaskantha,THARAD,THARAD,Khoda,-,-,-,-,-,-,24.65833333,71.76666667,,10-01-2021 00:00,25.93
3229,3229,Khoda,CGWB,24,Gujarat,441,Banaskantha,THARAD,THARAD,Khoda,-,-,-,-,-,-,24.65833333,71.76666667,,31-08-2021 06:00,24.94
3230,3230,Khoda,CGWB,24,Gujarat,441,Banaskantha,THARAD,THARAD,Khoda,-,-,-,-,-,-,24.65833333,71.76666667,,30-11-2021 06:00,23.44
3231,3231,Khoda,CGWB,24,Gujarat,441,Banaskantha,THARAD,THARAD,Khoda,-,-,-,-,-,-,24.65833333,71.76666667,,30-01-2022 07:00,25.02
3232,3232,Khoda,CGWB,24,Gujarat,441,Banaskantha,THARAD,THARAD,Khoda,-,-,-,-,-,-,24.65833333,71.76666667,,10-11-2022 06:00,25.89
3233,3233,Khoda,CGWB,24,Gujarat,441,Banaskantha,THARAD,THARAD,Khoda,-,-,-,-,-,-,24.65833333,71.76666667,,01-01-2023 00:00,27.23
3234,3234,Khokharda,CGWB,24,Gujarat,448,Junagadh,VANTHALI,VANTHALI,Khokharda,-,-,-,-,-,-,21.42083333,70.31666667,,10-01-2021 00:00,5.8
3235,3235,Khokharda,CGWB,24,Gujarat,448,Junagadh,VANTHALI,VANTHALI,Khokharda,-,-,-,-,-,-,21.42083333,70.31666667,,31-08-2021 06:00,21.15
3236,3236,Khokharda,CGWB,24,Gujarat,448,Junagadh,VANTHALI,VANTHALI,Khokharda,-,-,-,-,-,-,21.42083333,70.31666667,,30-11-2021 06:00,4
3237,3237,Khokharda,CGWB,24,Gujarat,448,Junagadh,VANTHALI,VANTHALI,Khokharda,-,-,-,-,-,-,21.42083333,70.31666667,,30-01-2022 07:00,9.42
3238,3238,Khokharda,CGWB,24,Gujarat,448,Junagadh,VANTHALI,VANTHALI,Khokharda,-,-,-,-,-,-,21.42083333,70.31666667,,30-05-2022 06:00,23.44
3239,3239,Khokharda,CGWB,24,Gujarat,448,Junagadh,VANTHALI,VANTHALI,Khokharda,-,-,-,-,-,-,21.42083333,70.31666667,,30-08-2022 06:00,2.52
3240,3240,Khokharda,CGWB,24,Gujarat,448,Junagadh,VANTHALI,VANTHALI,Khokharda,-,-,-,-,-,-,21.42083333,70.31666667,,10-11-2022 06:00,6.95
3241,3241,Khokharda,CGWB,24,Gujarat,448,Junagadh,VANTHALI,VANTHALI,Khokharda,-,-,-,-,-,-,21.42083333,70.31666667,,30-05-2023 10:00,23.44
3242,3242,Khorada1,CGWB,24,Gujarat,448,Junagadh,MANGROL,MANGROL,Khorada,-,-,-,-,-,-,21.06388889,70.17361111,,10-01-2021 00:00,2.2
3243,3243,Khorada1,CGWB,24,Gujarat,448,Junagadh,MANGROL,MANGROL,Khorada,-,-,-,-,-,-,21.06388889,70.17361111,,31-08-2021 06:00,0.7
3244,3244,Khorada1,CGWB,24,Gujarat,448,Junagadh,MANGROL,MANGROL,Khorada,-,-,-,-,-,-,21.06388889,70.17361111,,30-11-2021 06:00,8.15
3245,3245,Khorada1,CGWB,24,Gujarat,448,Junagadh,MANGROL,MANGROL,Khorada,-,-,-,-,-,-,21.06388889,70.17361111,,30-01-2022 07:00,1.48
3246,3246,Khorada1,CGWB,24,Gujarat,448,Junagadh,MANGROL,MANGROL,Khorada,-,-,-,-,-,-,21.06388889,70.17361111,,30-05-2022 06:00,5.82
3247,3247,Khorada1,CGWB,24,Gujarat,448,Junagadh,MANGROL,MANGROL,Khorada,-,-,-,-,-,-,21.06388889,70.17361111,,30-08-2022 06:00,1.02
3248,3248,Khorada1,CGWB,24,Gujarat,448,Junagadh,MANGROL,MANGROL,Khorada,-,-,-,-,-,-,21.06388889,70.17361111,,10-11-2022 06:00,0.94
3249,3249,Khorada1,CGWB,24,Gujarat,448,Junagadh,MANGROL,MANGROL,Khorada,-,-,-,-,-,-,21.06388889,70.17361111,,30-05-2023 10:00,7.65
3250,3250,Khoras ahir,CGWB,24,Gujarat,448,Junagadh,VANTHALI,VANTHALI,Khoras ahir,-,-,-,-,-,-,21.37083333,70.33888889,,10-01-2021 00:00,7.75
3251,3251,Khoras ahir,CGWB,24,Gujarat,448,Junagadh,VANTHALI,VANTHALI,Khoras ahir,-,-,-,-,-,-,21.37083333,70.33888889,,31-08-2021 06:00,15.85
3252,3252,Khoras ahir,CGWB,24,Gujarat,448,Junagadh,VANTHALI,VANTHALI,Khoras ahir,-,-,-,-,-,-,21.37083333,70.33888889,,30-11-2021 06:00,6.25
3253,3253,Khoras ahir,CGWB,24,Gujarat,448,Junagadh,VANTHALI,VANTHALI,Khoras ahir,-,-,-,-,-,-,21.37083333,70.33888889,,30-01-2022 07:00,11.7
3254,3254,Khoras ahir,CGWB,24,Gujarat,448,Junagadh,VANTHALI,VANTHALI,Khoras ahir,-,-,-,-,-,-,21.37083333,70.33888889,,30-05-2022 06:00,16.43
3255,3255,Khoras ahir,CGWB,24,Gujarat,448,Junagadh,VANTHALI,VANTHALI,Khoras ahir,-,-,-,-,-,-,21.37083333,70.33888889,,30-08-2022 06:00,1.46
3256,3256,Khoras ahir,CGWB,24,Gujarat,448,Junagadh,VANTHALI,VANTHALI,Khoras ahir,-,-,-,-,-,-,21.37083333,70.33888889,,10-11-2022 06:00,5.35
3257,3257,Khoras ahir,CGWB,24,Gujarat,448,Junagadh,VANTHALI,VANTHALI,Khoras ahir,-,-,-,-,-,-,21.37083333,70.33888889,,30-05-2023 10:00,14.65
3258,3258,Khota amba,CGWB,24,Gujarat,452,Narmada,NANDOD,NANDOD,Khota amba,-,-,-,-,-,-,21.73333333,73.47500000,,10-01-2021 00:00,1.19
3259,3259,Khota amba,CGWB,24,Gujarat,452,Narmada,NANDOD,NANDOD,Khota amba,-,-,-,-,-,-,21.73333333,73.47500000,,31-08-2021 06:00,1.94
3260,3260,Khota amba,CGWB,24,Gujarat,452,Narmada,NANDOD,NANDOD,Khota amba,-,-,-,-,-,-,21.73333333,73.47500000,,30-11-2021 06:00,2.29
3261,3261,Khota amba,CGWB,24,Gujarat,452,Narmada,NANDOD,NANDOD,Khota amba,-,-,-,-,-,-,21.73333333,73.47500000,,30-01-2022 07:00,1.56
3262,3262,Khota amba,CGWB,24,Gujarat,452,Narmada,NANDOD,NANDOD,Khota amba,-,-,-,-,-,-,21.73333333,73.47500000,,30-08-2022 06:00,1.56
3263,3263,Khota amba,CGWB,24,Gujarat,452,Narmada,NANDOD,NANDOD,Khota amba,-,-,-,-,-,-,21.73333333,73.47500000,,30-05-2023 10:00,4.74
3264,3264,Kistoniya,CGWB,24,Gujarat,462,Valsad,KAPRADA,KAPRADA,Kaparda,-,-,-,-,-,-,20.25333333,73.15416667,,30-05-2023 10:00,9.33
3265,3265,Kodinar,CGWB,24,Gujarat,448,Junagadh,KODINAR,KODINAR,Kodinar,-,-,-,-,-,-,20.80000000,70.69166667,,10-01-2021 00:00,5.14
3266,3266,Kodinar,CGWB,24,Gujarat,448,Junagadh,KODINAR,KODINAR,Kodinar,-,-,-,-,-,-,20.80000000,70.69166667,,31-08-2021 06:00,7.29
3267,3267,Kodinar,CGWB,24,Gujarat,448,Junagadh,KODINAR,KODINAR,Kodinar,-,-,-,-,-,-,20.80000000,70.69166667,,30-11-2021 06:00,6.48
3268,3268,Kodinar,CGWB,24,Gujarat,448,Junagadh,KODINAR,KODINAR,Kodinar,-,-,-,-,-,-,20.80000000,70.69166667,,30-01-2022 07:00,7.12
3269,3269,Kodinar,CGWB,24,Gujarat,448,Junagadh,KODINAR,KODINAR,Kodinar,-,-,-,-,-,-,20.80000000,70.69166667,,30-05-2022 06:00,10.63
3270,3270,Kodinar,CGWB,24,Gujarat,448,Junagadh,KODINAR,KODINAR,Kodinar,-,-,-,-,-,-,20.80000000,70.69166667,,10-11-2022 06:00,2.83
3271,3271,Kodinar,CGWB,24,Gujarat,448,Junagadh,KODINAR,KODINAR,Kodinar,-,-,-,-,-,-,20.80000000,70.69166667,,30-05-2023 10:00,5.71
3272,3272,Kodinar1,CGWB,24,Gujarat,448,Junagadh,KODINAR,KODINAR,Kodinar,-,-,-,-,-,-,20.80000000,70.69166667,,10-01-2021 00:00,8.18
3273,3273,Kodinar1,CGWB,24,Gujarat,448,Junagadh,KODINAR,KODINAR,Kodinar,-,-,-,-,-,-,20.80000000,70.69166667,,31-08-2021 06:00,7.44
3274,3274,Kodinar1,CGWB,24,Gujarat,448,Junagadh,KODINAR,KODINAR,Kodinar,-,-,-,-,-,-,20.80000000,70.69166667,,30-11-2021 06:00,8.8
3275,3275,Kodinar1,CGWB,24,Gujarat,448,Junagadh,KODINAR,KODINAR,Kodinar,-,-,-,-,-,-,20.80000000,70.69166667,,30-01-2022 07:00,9.88
3276,3276,Kodinar1,CGWB,24,Gujarat,448,Junagadh,KODINAR,KODINAR,Kodinar,-,-,-,-,-,-,20.80000000,70.69166667,,30-05-2022 06:00,13.54
3277,3277,Kodinar1,CGWB,24,Gujarat,448,Junagadh,KODINAR,KODINAR,Kodinar,-,-,-,-,-,-,20.80000000,70.69166667,,30-08-2022 06:00,2.18
3278,3278,Kodinar1,CGWB,24,Gujarat,448,Junagadh,KODINAR,KODINAR,Kodinar,-,-,-,-,-,-,20.80000000,70.69166667,,30-05-2023 10:00,13.12
3279,3279,Kolikhada,CGWB,24,Gujarat,456,Porbandar,PORBANDAR,PORBANDAR,Kolikhada,-,-,-,-,-,-,21.69972222,69.61416667,,10-01-2021 00:00,7.88
3280,3280,Kolikhada,CGWB,24,Gujarat,456,Porbandar,PORBANDAR,PORBANDAR,Kolikhada,-,-,-,-,-,-,21.69972222,69.61416667,,31-08-2021 06:00,9.48
3281,3281,Kolikhada,CGWB,24,Gujarat,456,Porbandar,PORBANDAR,PORBANDAR,Kolikhada,-,-,-,-,-,-,21.69972222,69.61416667,,30-11-2021 06:00,7.01
3282,3282,Kolikhada,CGWB,24,Gujarat,456,Porbandar,PORBANDAR,PORBANDAR,Kolikhada,-,-,-,-,-,-,21.69972222,69.61416667,,30-01-2022 07:00,7.18
3283,3283,Kolikhada,CGWB,24,Gujarat,456,Porbandar,PORBANDAR,PORBANDAR,Kolikhada,-,-,-,-,-,-,21.69972222,69.61416667,,30-05-2022 06:00,25.7
3284,3284,Kolikhada,CGWB,24,Gujarat,456,Porbandar,PORBANDAR,PORBANDAR,Kolikhada,-,-,-,-,-,-,21.69972222,69.61416667,,30-08-2022 06:00,2.91
3285,3285,Kolikhada,CGWB,24,Gujarat,456,Porbandar,PORBANDAR,PORBANDAR,Kolikhada,-,-,-,-,-,-,21.69972222,69.61416667,,10-11-2022 06:00,5.86
3286,3286,Kolikhada,CGWB,24,Gujarat,456,Porbandar,PORBANDAR,PORBANDAR,Kolikhada,-,-,-,-,-,-,21.69972222,69.61416667,,30-05-2023 10:00,26.01
3287,3287,Kondh,CGWB,24,Gujarat,442,Bharuch,VALIA,VALIA,Kondh,-,-,-,-,-,-,21.58055556,73.06805556,,10-01-2021 00:00,3.2
3288,3288,Kondh,CGWB,24,Gujarat,442,Bharuch,VALIA,VALIA,Kondh,-,-,-,-,-,-,21.58055556,73.06805556,,31-08-2021 06:00,2
3289,3289,Kondh,CGWB,24,Gujarat,442,Bharuch,VALIA,VALIA,Kondh,-,-,-,-,-,-,21.58055556,73.06805556,,30-11-2021 06:00,1.7
3290,3290,Kondh,CGWB,24,Gujarat,442,Bharuch,VALIA,VALIA,Kondh,-,-,-,-,-,-,21.58055556,73.06805556,,30-01-2022 07:00,2.57
3291,3291,Kondh,CGWB,24,Gujarat,442,Bharuch,VALIA,VALIA,Kondh,-,-,-,-,-,-,21.58055556,73.06805556,,30-05-2022 06:00,4.05
3292,3292,Kondh,CGWB,24,Gujarat,442,Bharuch,VALIA,VALIA,Kondh,-,-,-,-,-,-,21.58055556,73.06805556,,30-08-2022 06:00,1.38
3293,3293,Kondh,CGWB,24,Gujarat,442,Bharuch,VALIA,VALIA,Kondh,-,-,-,-,-,-,21.58055556,73.06805556,,10-11-2022 06:00,1.8
3294,3294,Kondh,CGWB,24,Gujarat,442,Bharuch,VALIA,VALIA,Kondh,-,-,-,-,-,-,21.58055556,73.06805556,,30-05-2023 10:00,4.3
3295,3295,Kosindra Pz-I,CGWB,24,Gujarat,461,Vadodara,SANKHEDA,SANKHEDA,Kosindra,-,-,-,-,-,-,22.14666667,73.75555556,,10-01-2021 00:00,2.9
3296,3296,Kosindra Pz-I,CGWB,24,Gujarat,461,Vadodara,SANKHEDA,SANKHEDA,Kosindra,-,-,-,-,-,-,22.14666667,73.75555556,,31-08-2021 06:00,2.84
3297,3297,Kosindra Pz-I,CGWB,24,Gujarat,461,Vadodara,SANKHEDA,SANKHEDA,Kosindra,-,-,-,-,-,-,22.14666667,73.75555556,,30-11-2021 06:00,2.35
3298,3298,Kosindra Pz-I,CGWB,24,Gujarat,461,Vadodara,SANKHEDA,SANKHEDA,Kosindra,-,-,-,-,-,-,22.14666667,73.75555556,,30-01-2022 07:00,2.35
3299,3299,Kosindra Pz-I,CGWB,24,Gujarat,461,Vadodara,SANKHEDA,SANKHEDA,Kosindra,-,-,-,-,-,-,22.14666667,73.75555556,,30-05-2022 06:00,4.46
3300,3300,Kosindra Pz-I,CGWB,24,Gujarat,461,Vadodara,SANKHEDA,SANKHEDA,Kosindra,-,-,-,-,-,-,22.14666667,73.75555556,,10-11-2022 06:00,3.42
3301,3301,Kosindra Pz-I,CGWB,24,Gujarat,461,Vadodara,SANKHEDA,SANKHEDA,Kosindra,-,-,-,-,-,-,22.14666667,73.75555556,,30-05-2023 10:00,4.3300004
3302,3302,Kotada,CGWB,24,Gujarat,449,Kachchh,NAKHATRANA,NAKHATRANA,Kotada,-,-,-,-,-,-,23.37694444,69.19916667,,10-01-2021 00:00,39.8
3303,3303,Kotada,CGWB,24,Gujarat,449,Kachchh,NAKHATRANA,NAKHATRANA,Kotada,-,-,-,-,-,-,23.37694444,69.19916667,,31-08-2021 06:00,23
3304,3304,Kotada,CGWB,24,Gujarat,449,Kachchh,NAKHATRANA,NAKHATRANA,Kotada,-,-,-,-,-,-,23.37694444,69.19916667,,30-11-2021 06:00,27.6
3305,3305,Kotada,CGWB,24,Gujarat,449,Kachchh,NAKHATRANA,NAKHATRANA,Kotada,-,-,-,-,-,-,23.37694444,69.19916667,,30-01-2022 07:00,36.82
3306,3306,Kotada,CGWB,24,Gujarat,449,Kachchh,NAKHATRANA,NAKHATRANA,Kotada,-,-,-,-,-,-,23.37694444,69.19916667,,30-08-2022 06:00,28.9
3307,3307,Kotada,CGWB,24,Gujarat,449,Kachchh,NAKHATRANA,NAKHATRANA,Kotada,-,-,-,-,-,-,23.37694444,69.19916667,,10-11-2022 06:00,28.8
3308,3308,Kotadapitha,CGWB,24,Gujarat,439,Amreli,BABRA,BABRA,Kotadapitha,-,-,-,-,-,-,21.95833333,71.20416667,,10-01-2021 00:00,4.94
3309,3309,Kotadapitha,CGWB,24,Gujarat,439,Amreli,BABRA,BABRA,Kotadapitha,-,-,-,-,-,-,21.95833333,71.20416667,,30-11-2021 06:00,0.19
3310,3310,Kotadapitha,CGWB,24,Gujarat,439,Amreli,BABRA,BABRA,Kotadapitha,-,-,-,-,-,-,21.95833333,71.20416667,,30-01-2022 07:00,3.06
3311,3311,Kotadapitha,CGWB,24,Gujarat,439,Amreli,BABRA,BABRA,Kotadapitha,-,-,-,-,-,-,21.95833333,71.20416667,,10-11-2022 06:00,5.35
3312,3312,Kotadapitha,CGWB,24,Gujarat,439,Amreli,BABRA,BABRA,Kotadapitha,-,-,-,-,-,-,21.95833333,71.20416667,,30-05-2023 10:00,5.36
3313,3313,Kotadi,CGWB,24,Gujarat,449,Kachchh,MANDVI,MANDVI,Kotadi,-,-,-,-,-,-,23.04166667,69.19166667,,31-08-2021 06:00,4.2
3314,3314,Kotadi,CGWB,24,Gujarat,449,Kachchh,MANDVI,MANDVI,Kotadi,-,-,-,-,-,-,23.04166667,69.19166667,,30-11-2021 06:00,3.22
3315,3315,Kotadi,CGWB,24,Gujarat,449,Kachchh,MANDVI,MANDVI,Kotadi,-,-,-,-,-,-,23.04166667,69.19166667,,30-01-2022 07:00,4.06
3316,3316,Kotadi,CGWB,24,Gujarat,449,Kachchh,MANDVI,MANDVI,Kotadi,-,-,-,-,-,-,23.04166667,69.19166667,,30-05-2022 06:00,6.67
3317,3317,Kotadi,CGWB,24,Gujarat,449,Kachchh,MANDVI,MANDVI,Kotadi,-,-,-,-,-,-,23.04166667,69.19166667,,30-08-2022 06:00,5.02
3318,3318,Kotadi,CGWB,24,Gujarat,449,Kachchh,MANDVI,MANDVI,Kotadi,-,-,-,-,-,-,23.04166667,69.19166667,,10-11-2022 06:00,7.99
3319,3319,Kotadi,CGWB,24,Gujarat,449,Kachchh,MANDVI,MANDVI,Kotadi,-,-,-,-,-,-,23.04166667,69.19166667,,30-05-2023 10:00,5.54
3320,3320,Kotaya,CGWB,24,Gujarat,449,Kachchh,ABDASA,ABDASA,Kotaya,-,-,-,-,-,-,23.04166667,69.07500000,,10-01-2021 00:00,10.3
3321,3321,Kotaya,CGWB,24,Gujarat,449,Kachchh,ABDASA,ABDASA,Kotaya,-,-,-,-,-,-,23.04166667,69.07500000,,31-08-2021 06:00,9.82
3322,3322,Kotaya,CGWB,24,Gujarat,449,Kachchh,ABDASA,ABDASA,Kotaya,-,-,-,-,-,-,23.04166667,69.07500000,,30-11-2021 06:00,5.16
3323,3323,Kotaya,CGWB,24,Gujarat,449,Kachchh,ABDASA,ABDASA,Kotaya,-,-,-,-,-,-,23.04166667,69.07500000,,30-01-2022 07:00,10.14
3324,3324,Kotaya,CGWB,24,Gujarat,449,Kachchh,ABDASA,ABDASA,Kotaya,-,-,-,-,-,-,23.04166667,69.07500000,,30-05-2022 06:00,7.85
3325,3325,Kotaya,CGWB,24,Gujarat,449,Kachchh,ABDASA,ABDASA,Kotaya,-,-,-,-,-,-,23.04166667,69.07500000,,10-11-2022 06:00,1.49
3326,3326,Kotaya,CGWB,24,Gujarat,449,Kachchh,ABDASA,ABDASA,Kotaya,-,-,-,-,-,-,23.04166667,69.07500000,,30-05-2023 10:00,4.8
3327,3327,Kothamba,CGWB,24,Gujarat,454,Panchmahals,LUNAWADA,LUNAWADA,Kothamba,-,-,-,-,-,-,23.01944444,73.51944444,,10-01-2021 00:00,3.4
3328,3328,Kothamba,CGWB,24,Gujarat,454,Panchmahals,LUNAWADA,LUNAWADA,Kothamba,-,-,-,-,-,-,23.01944444,73.51944444,,31-08-2021 06:00,3.74
3329,3329,Kothamba,CGWB,24,Gujarat,454,Panchmahals,LUNAWADA,LUNAWADA,Kothamba,-,-,-,-,-,-,23.01944444,73.51944444,,30-11-2021 06:00,3.1
3330,3330,Kothamba,CGWB,24,Gujarat,454,Panchmahals,LUNAWADA,LUNAWADA,Kothamba,-,-,-,-,-,-,23.01944444,73.51944444,,30-01-2022 07:00,3.8
3331,3331,Kothamba,CGWB,24,Gujarat,454,Panchmahals,LUNAWADA,LUNAWADA,Kothamba,-,-,-,-,-,-,23.01944444,73.51944444,,30-05-2022 06:00,4.2
3332,3332,Kothamba,CGWB,24,Gujarat,454,Panchmahals,LUNAWADA,LUNAWADA,Kothamba,-,-,-,-,-,-,23.01944444,73.51944444,,30-08-2022 06:00,1.32
3333,3333,Kothamba,CGWB,24,Gujarat,454,Panchmahals,LUNAWADA,LUNAWADA,Kothamba,-,-,-,-,-,-,23.01944444,73.51944444,,10-11-2022 06:00,3.81
3334,3334,Kothamba,CGWB,24,Gujarat,454,Panchmahals,LUNAWADA,LUNAWADA,Kothamba,-,-,-,-,-,-,23.01944444,73.51944444,,10-01-2023 18:00,4.47
3335,3335,Kothamba,CGWB,24,Gujarat,454,Panchmahals,LUNAWADA,LUNAWADA,Kothamba,-,-,-,-,-,-,23.01944444,73.51944444,,30-05-2023 10:00,5.05
3336,3336,Kothara,CGWB,24,Gujarat,449,Kachchh,ABDASA,ABDASA,Kothara,-,-,-,-,-,-,23.16194444,68.91194444,,10-11-2022 06:00,9.12
3337,3337,Kothara,CGWB,24,Gujarat,449,Kachchh,ABDASA,ABDASA,Kothara,-,-,-,-,-,-,23.16194444,68.91194444,,30-05-2023 10:00,4.86
3338,3338,Kot Pz_1,CGWB,24,Gujarat,455,Patan,SIDHPUR,-,-,-,-,-,-,-,-,23.89972222,72.40944444,,10-01-2021 06:00,101.47
3339,3339,Kot Pz_1,CGWB,24,Gujarat,455,Patan,SIDHPUR,-,-,-,-,-,-,-,-,23.89972222,72.40944444,,30-05-2021 06:00,92.25
3340,3340,Kot Pz_1,CGWB,24,Gujarat,455,Patan,SIDHPUR,-,-,-,-,-,-,-,-,23.89972222,72.40944444,,10-01-2022 06:00,93.07
3341,3341,Kot Pz_1,CGWB,24,Gujarat,455,Patan,SIDHPUR,-,-,-,-,-,-,-,-,23.89972222,72.40944444,,30-05-2022 06:00,93.2
3342,3342,Kot Pz_1,CGWB,24,Gujarat,455,Patan,SIDHPUR,-,-,-,-,-,-,-,-,23.89972222,72.40944444,,30-08-2022 06:00,91.25
3343,3343,Kot Pz_1,CGWB,24,Gujarat,455,Patan,SIDHPUR,-,-,-,-,-,-,-,-,23.89972222,72.40944444,,10-11-2022 06:00,91.02
3344,3344,Kuchhadi,CGWB,24,Gujarat,456,Porbandar,PORBANDAR,PORBANDAR,Kuchhadi,-,-,-,-,-,-,21.68333333,69.55000000,,10-01-2021 00:00,2.35
3345,3345,Kuchhadi,CGWB,24,Gujarat,456,Porbandar,PORBANDAR,PORBANDAR,Kuchhadi,-,-,-,-,-,-,21.68333333,69.55000000,,31-08-2021 06:00,1.55
3346,3346,Kuchhadi,CGWB,24,Gujarat,456,Porbandar,PORBANDAR,PORBANDAR,Kuchhadi,-,-,-,-,-,-,21.68333333,69.55000000,,30-11-2021 06:00,1.8
3347,3347,Kuchhadi,CGWB,24,Gujarat,456,Porbandar,PORBANDAR,PORBANDAR,Kuchhadi,-,-,-,-,-,-,21.68333333,69.55000000,,30-01-2022 07:00,2.28
3348,3348,Kuchhadi,CGWB,24,Gujarat,456,Porbandar,PORBANDAR,PORBANDAR,Kuchhadi,-,-,-,-,-,-,21.68333333,69.55000000,,30-05-2022 06:00,2.6
3349,3349,Kuchhadi,CGWB,24,Gujarat,456,Porbandar,PORBANDAR,PORBANDAR,Kuchhadi,-,-,-,-,-,-,21.68333333,69.55000000,,30-08-2022 06:00,1.17
3350,3350,Kuchhadi,CGWB,24,Gujarat,456,Porbandar,PORBANDAR,PORBANDAR,Kuchhadi,-,-,-,-,-,-,21.68333333,69.55000000,,10-11-2022 06:00,2.01
3351,3351,Kuchhadi,CGWB,24,Gujarat,456,Porbandar,PORBANDAR,PORBANDAR,Kuchhadi,-,-,-,-,-,-,21.68333333,69.55000000,,30-05-2023 10:00,2.9
3352,3352,Kuda,CGWB,24,Gujarat,449,Kachchh,RAPAR,RAPAR,Kuda,-,-,-,-,-,-,23.53444444,70.44027778,,10-01-2021 00:00,27.3
3353,3353,Kuda,CGWB,24,Gujarat,449,Kachchh,RAPAR,RAPAR,Kuda,-,-,-,-,-,-,23.53444444,70.44027778,,31-08-2021 06:00,18.4
3354,3354,Kuda,CGWB,24,Gujarat,449,Kachchh,RAPAR,RAPAR,Kuda,-,-,-,-,-,-,23.53444444,70.44027778,,30-11-2021 06:00,20.14
3355,3355,Kuda,CGWB,24,Gujarat,449,Kachchh,RAPAR,RAPAR,Kuda,-,-,-,-,-,-,23.53444444,70.44027778,,30-01-2022 07:00,25.55
3356,3356,Kuda,CGWB,24,Gujarat,449,Kachchh,RAPAR,RAPAR,Kuda,-,-,-,-,-,-,23.53444444,70.44027778,,30-05-2022 06:00,29.78
3357,3357,Kuda,CGWB,24,Gujarat,449,Kachchh,RAPAR,RAPAR,Kuda,-,-,-,-,-,-,23.53444444,70.44027778,,30-08-2022 06:00,27.02
3358,3358,Kuda,CGWB,24,Gujarat,449,Kachchh,RAPAR,RAPAR,Kuda,-,-,-,-,-,-,23.53444444,70.44027778,,10-11-2022 06:00,25.6
3359,3359,Kukaswada,CGWB,24,Gujarat,448,Junagadh,MALIA,MALIA,Kukaswada,-,-,-,-,-,-,21.05416667,70.20833333,,10-01-2021 00:00,8.32
3360,3360,Kukaswada,CGWB,24,Gujarat,448,Junagadh,MALIA,MALIA,Kukaswada,-,-,-,-,-,-,21.05416667,70.20833333,,31-08-2021 06:00,6.09
3361,3361,Kukaswada,CGWB,24,Gujarat,448,Junagadh,MALIA,MALIA,Kukaswada,-,-,-,-,-,-,21.05416667,70.20833333,,30-11-2021 06:00,4.4
3362,3362,Kukaswada,CGWB,24,Gujarat,448,Junagadh,MALIA,MALIA,Kukaswada,-,-,-,-,-,-,21.05416667,70.20833333,,30-01-2022 07:00,7.28
3363,3363,Kukaswada,CGWB,24,Gujarat,448,Junagadh,MALIA,MALIA,Kukaswada,-,-,-,-,-,-,21.05416667,70.20833333,,30-08-2022 06:00,4.38
3364,3364,Kukaswada,CGWB,24,Gujarat,448,Junagadh,MALIA,MALIA,Kukaswada,-,-,-,-,-,-,21.05416667,70.20833333,,10-11-2022 06:00,7.12
3365,3365,Kukaswada,CGWB,24,Gujarat,448,Junagadh,MALIA,MALIA,Kukaswada,-,-,-,-,-,-,21.05416667,70.20833333,,30-05-2023 10:00,
3366,3366,Kukavati,CGWB,24,Gujarat,460,Surendranagar,DHRANGADHRA,DHRANGADHRA,Kukavati,-,-,-,-,-,-,23.12277778,71.47972222,,10-01-2021 00:00,3.9
3367,3367,Kukavati,CGWB,24,Gujarat,460,Surendranagar,DHRANGADHRA,DHRANGADHRA,Kukavati,-,-,-,-,-,-,23.12277778,71.47972222,,31-08-2021 06:00,2.1
3368,3368,Kukavati,CGWB,24,Gujarat,460,Surendranagar,DHRANGADHRA,DHRANGADHRA,Kukavati,-,-,-,-,-,-,23.12277778,71.47972222,,30-11-2021 06:00,3.16
3369,3369,Kukavati,CGWB,24,Gujarat,460,Surendranagar,DHRANGADHRA,DHRANGADHRA,Kukavati,-,-,-,-,-,-,23.12277778,71.47972222,,30-01-2022 07:00,3.26
3370,3370,Kukavati,CGWB,24,Gujarat,460,Surendranagar,DHRANGADHRA,DHRANGADHRA,Kukavati,-,-,-,-,-,-,23.12277778,71.47972222,,30-05-2022 06:00,4.7
3371,3371,Kukavati,CGWB,24,Gujarat,460,Surendranagar,DHRANGADHRA,DHRANGADHRA,Kukavati,-,-,-,-,-,-,23.12277778,71.47972222,,30-08-2022 06:00,2.7
3372,3372,Kukavati,CGWB,24,Gujarat,460,Surendranagar,DHRANGADHRA,DHRANGADHRA,Kukavati,-,-,-,-,-,-,23.12277778,71.47972222,,10-11-2022 06:00,3.67
3373,3373,Kumarkhan,CGWB,24,Gujarat,438,Ahmedabad,VIRAMGAM,VIRAMGAM,Kumarkhan,-,-,-,-,-,-,22.90000000,72.01666667,,10-01-2021 00:00,2
3374,3374,Kumarkhan,CGWB,24,Gujarat,438,Ahmedabad,VIRAMGAM,VIRAMGAM,Kumarkhan,-,-,-,-,-,-,22.90000000,72.01666667,,31-08-2021 06:00,27.55
3375,3375,Kumarkhan,CGWB,24,Gujarat,438,Ahmedabad,VIRAMGAM,VIRAMGAM,Kumarkhan,-,-,-,-,-,-,22.90000000,72.01666667,,30-11-2021 06:00,2
3376,3376,Kumarkhan,CGWB,24,Gujarat,438,Ahmedabad,VIRAMGAM,VIRAMGAM,Kumarkhan,-,-,-,-,-,-,22.90000000,72.01666667,,30-01-2022 07:00,2.6
3377,3377,Kumarkhan,CGWB,24,Gujarat,438,Ahmedabad,VIRAMGAM,VIRAMGAM,Kumarkhan,-,-,-,-,-,-,22.90000000,72.01666667,,30-05-2022 06:00,2.8
3378,3378,Kumarkhan,CGWB,24,Gujarat,438,Ahmedabad,VIRAMGAM,VIRAMGAM,Kumarkhan,-,-,-,-,-,-,22.90000000,72.01666667,,30-08-2022 06:00,2.22
3379,3379,Kumarkhan,CGWB,24,Gujarat,438,Ahmedabad,VIRAMGAM,VIRAMGAM,Kumarkhan,-,-,-,-,-,-,22.90000000,72.01666667,,10-11-2022 06:00,2.57
3380,3380,Kumarkhan,CGWB,24,Gujarat,438,Ahmedabad,VIRAMGAM,VIRAMGAM,Kumarkhan,-,-,-,-,-,-,22.90000000,72.01666667,,01-01-2023 00:00,3.68
3381,3381,Kumarkhan,CGWB,24,Gujarat,438,Ahmedabad,VIRAMGAM,VIRAMGAM,Kumarkhan,-,-,-,-,-,-,22.90000000,72.01666667,,10-01-2023 18:00,2.58
3382,3382,Kundal,CGWB,24,Gujarat,438,Ahmedabad,SANAND,SANAND,Kundal,-,-,-,-,-,-,22.90138889,72.22361111,,31-08-2021 06:00,11.8
3383,3383,Kundal,CGWB,24,Gujarat,438,Ahmedabad,SANAND,SANAND,Kundal,-,-,-,-,-,-,22.90138889,72.22361111,,30-11-2021 06:00,11.8
3384,3384,Kundal,CGWB,24,Gujarat,438,Ahmedabad,SANAND,SANAND,Kundal,-,-,-,-,-,-,22.90138889,72.22361111,,30-01-2022 07:00,7.7
3385,3385,Kundal,CGWB,24,Gujarat,438,Ahmedabad,SANAND,SANAND,Kundal,-,-,-,-,-,-,22.90138889,72.22361111,,30-08-2022 06:00,2.2
3386,3386,Kundal,CGWB,24,Gujarat,438,Ahmedabad,SANAND,SANAND,Kundal,-,-,-,-,-,-,22.90138889,72.22361111,,10-11-2022 06:00,2.97
3387,3387,Kundal,CGWB,24,Gujarat,438,Ahmedabad,SANAND,SANAND,Kundal,-,-,-,-,-,-,22.90138889,72.22361111,,30-05-2023 10:00,6.1
3388,3388,Kundali,CGWB,24,Gujarat,438,Ahmedabad,RANPUR,RANPUR,Kundali,-,-,-,-,-,-,22.26944444,71.70000000,,10-01-2021 00:00,2.3
3389,3389,Kundali,CGWB,24,Gujarat,438,Ahmedabad,RANPUR,RANPUR,Kundali,-,-,-,-,-,-,22.26944444,71.70000000,,31-08-2021 06:00,9.18
3390,3390,Kundali,CGWB,24,Gujarat,438,Ahmedabad,RANPUR,RANPUR,Kundali,-,-,-,-,-,-,22.26944444,71.70000000,,30-01-2022 07:00,1.86
3391,3391,Kundali,CGWB,24,Gujarat,438,Ahmedabad,RANPUR,RANPUR,Kundali,-,-,-,-,-,-,22.26944444,71.70000000,,30-05-2022 06:00,25.3
3392,3392,Kundali,CGWB,24,Gujarat,438,Ahmedabad,RANPUR,RANPUR,Kundali,-,-,-,-,-,-,22.26944444,71.70000000,,30-08-2022 06:00,6.8
3393,3393,Kundali,CGWB,24,Gujarat,438,Ahmedabad,RANPUR,RANPUR,Kundali,-,-,-,-,-,-,22.26944444,71.70000000,,10-11-2022 06:00,16
3394,3394,Kundali,CGWB,24,Gujarat,438,Ahmedabad,RANPUR,RANPUR,Kundali,-,-,-,-,-,-,22.26944444,71.70000000,,10-01-2023 18:00,14.17
3395,3395,Kundali,CGWB,24,Gujarat,438,Ahmedabad,RANPUR,RANPUR,Kundali,-,-,-,-,-,-,22.26944444,71.70000000,,30-05-2023 10:00,25.73
3396,3396,Kundheli,CGWB,24,Gujarat,443,Bhavnagar,TALAJA,TALAJA,Kundheli,-,-,-,-,-,-,21.37944444,71.98055556,,10-01-2021 00:00,11.6
3397,3397,Kundheli,CGWB,24,Gujarat,443,Bhavnagar,TALAJA,TALAJA,Kundheli,-,-,-,-,-,-,21.37944444,71.98055556,,31-08-2021 06:00,4.09
3398,3398,Kundheli,CGWB,24,Gujarat,443,Bhavnagar,TALAJA,TALAJA,Kundheli,-,-,-,-,-,-,21.37944444,71.98055556,,30-11-2021 06:00,1.48
3399,3399,Kundheli,CGWB,24,Gujarat,443,Bhavnagar,TALAJA,TALAJA,Kundheli,-,-,-,-,-,-,21.37944444,71.98055556,,30-01-2022 07:00,3.28
3400,3400,Kundheli,CGWB,24,Gujarat,443,Bhavnagar,TALAJA,TALAJA,Kundheli,-,-,-,-,-,-,21.37944444,71.98055556,,30-05-2022 06:00,8.1
3401,3401,Kundheli,CGWB,24,Gujarat,443,Bhavnagar,TALAJA,TALAJA,Kundheli,-,-,-,-,-,-,21.37944444,71.98055556,,30-08-2022 06:00,4.1
3402,3402,Kundheli,CGWB,24,Gujarat,443,Bhavnagar,TALAJA,TALAJA,Kundheli,-,-,-,-,-,-,21.37944444,71.98055556,,30-05-2023 10:00,12.39
3403,3403,Kunkavav,CGWB,24,Gujarat,439,Amreli,KUNKAVAV-VADIA,KUNKAVAV-VADIA,Kunkavav,-,-,-,-,-,-,21.66250000,70.98333333,,10-01-2021 00:00,18.15
3404,3404,Kunkavav,CGWB,24,Gujarat,439,Amreli,KUNKAVAV-VADIA,KUNKAVAV-VADIA,Kunkavav,-,-,-,-,-,-,21.66250000,70.98333333,,31-08-2021 06:00,7.54
3405,3405,Kunkavav,CGWB,24,Gujarat,439,Amreli,KUNKAVAV-VADIA,KUNKAVAV-VADIA,Kunkavav,-,-,-,-,-,-,21.66250000,70.98333333,,30-11-2021 06:00,17.4
3406,3406,Kunkavav,CGWB,24,Gujarat,439,Amreli,KUNKAVAV-VADIA,KUNKAVAV-VADIA,Kunkavav,-,-,-,-,-,-,21.66250000,70.98333333,,30-01-2022 07:00,19.78
3407,3407,Kunkavav,CGWB,24,Gujarat,439,Amreli,KUNKAVAV-VADIA,KUNKAVAV-VADIA,Kunkavav,-,-,-,-,-,-,21.66250000,70.98333333,,30-05-2022 06:00,23.55
3408,3408,Kunkavav,CGWB,24,Gujarat,439,Amreli,KUNKAVAV-VADIA,KUNKAVAV-VADIA,Kunkavav,-,-,-,-,-,-,21.66250000,70.98333333,,30-08-2022 06:00,5.98
3409,3409,Kunkavav,CGWB,24,Gujarat,439,Amreli,KUNKAVAV-VADIA,KUNKAVAV-VADIA,Kunkavav,-,-,-,-,-,-,21.66250000,70.98333333,,10-11-2022 06:00,25.15
3410,3410,Kunkavav,CGWB,24,Gujarat,439,Amreli,KUNKAVAV-VADIA,KUNKAVAV-VADIA,Kunkavav,-,-,-,-,-,-,21.66250000,70.98333333,,30-05-2023 10:00,29.51
3411,3411,Kuski_Pz,CGWB,24,Gujarat,458,Sabarkantha,BHILODA,BHILODA,Kuski,-,-,-,-,-,-,23.63888889,73.36944444,,10-01-2021 00:00,10.35
3412,3412,Kuski_Pz,CGWB,24,Gujarat,458,Sabarkantha,BHILODA,BHILODA,Kuski,-,-,-,-,-,-,23.63888889,73.36944444,,31-08-2021 06:00,10.37
3413,3413,Kuski_Pz,CGWB,24,Gujarat,458,Sabarkantha,BHILODA,BHILODA,Kuski,-,-,-,-,-,-,23.63888889,73.36944444,,30-11-2021 06:00,3.75
3414,3414,Kuski_Pz,CGWB,24,Gujarat,458,Sabarkantha,BHILODA,BHILODA,Kuski,-,-,-,-,-,-,23.63888889,73.36944444,,30-01-2022 07:00,11.89
3415,3415,Kuski_Pz,CGWB,24,Gujarat,458,Sabarkantha,BHILODA,BHILODA,Kuski,-,-,-,-,-,-,23.63888889,73.36944444,,30-05-2022 06:00,18.55
3416,3416,Kuski_Pz,CGWB,24,Gujarat,458,Sabarkantha,BHILODA,BHILODA,Kuski,-,-,-,-,-,-,23.63888889,73.36944444,,30-08-2022 06:00,0.41
3417,3417,Kuski_Pz,CGWB,24,Gujarat,458,Sabarkantha,BHILODA,BHILODA,Kuski,-,-,-,-,-,-,23.63888889,73.36944444,,10-11-2022 06:00,3.81
3418,3418,Kuski_Pz,CGWB,24,Gujarat,458,Sabarkantha,BHILODA,BHILODA,Kuski,-,-,-,-,-,-,23.63888889,73.36944444,,10-01-2023 18:00,4.42
3419,3419,Kuski_Pz,CGWB,24,Gujarat,458,Sabarkantha,BHILODA,BHILODA,Kuski,-,-,-,-,-,-,23.63888889,73.36944444,,30-05-2023 10:00,17.6
3420,3420,Kutiyana1,CGWB,24,Gujarat,456,Porbandar,KUTIYANA,KUTIYANA,Kutiyana,-,-,-,-,-,-,21.63055556,70.01666667,,10-01-2021 00:00,8.6
3421,3421,Kutiyana1,CGWB,24,Gujarat,456,Porbandar,KUTIYANA,KUTIYANA,Kutiyana,-,-,-,-,-,-,21.63055556,70.01666667,,31-08-2021 06:00,3.47
3422,3422,Kutiyana1,CGWB,24,Gujarat,456,Porbandar,KUTIYANA,KUTIYANA,Kutiyana,-,-,-,-,-,-,21.63055556,70.01666667,,30-11-2021 06:00,2.56
3423,3423,Kutiyana1,CGWB,24,Gujarat,456,Porbandar,KUTIYANA,KUTIYANA,Kutiyana,-,-,-,-,-,-,21.63055556,70.01666667,,30-01-2022 07:00,5.05
3424,3424,Kutiyana1,CGWB,24,Gujarat,456,Porbandar,KUTIYANA,KUTIYANA,Kutiyana,-,-,-,-,-,-,21.63055556,70.01666667,,30-05-2022 06:00,10.71
3425,3425,Kutiyana1,CGWB,24,Gujarat,456,Porbandar,KUTIYANA,KUTIYANA,Kutiyana,-,-,-,-,-,-,21.63055556,70.01666667,,30-08-2022 06:00,1.81
3426,3426,Kutiyana1,CGWB,24,Gujarat,456,Porbandar,KUTIYANA,KUTIYANA,Kutiyana,-,-,-,-,-,-,21.63055556,70.01666667,,10-11-2022 06:00,3.11
3427,3427,Kutiyana1,CGWB,24,Gujarat,456,Porbandar,KUTIYANA,KUTIYANA,Kutiyana,-,-,-,-,-,-,21.63055556,70.01666667,,30-05-2023 10:00,10.43
3428,3428,Kutiyana_Pz,CGWB,24,Gujarat,456,Porbandar,KUTIYANA,KUTIYANA,Kutiyana,-,-,-,-,-,-,21.62222222,69.99722222,,10-01-2021 00:00,6.82
3429,3429,Kutiyana_Pz,CGWB,24,Gujarat,456,Porbandar,KUTIYANA,KUTIYANA,Kutiyana,-,-,-,-,-,-,21.62222222,69.99722222,,31-08-2021 06:00,1.77
3430,3430,Kutiyana_Pz,CGWB,24,Gujarat,456,Porbandar,KUTIYANA,KUTIYANA,Kutiyana,-,-,-,-,-,-,21.62222222,69.99722222,,30-11-2021 06:00,2.25
3431,3431,Kutiyana_Pz,CGWB,24,Gujarat,456,Porbandar,KUTIYANA,KUTIYANA,Kutiyana,-,-,-,-,-,-,21.62222222,69.99722222,,30-01-2022 07:00,4.85
3432,3432,Kutiyana_Pz,CGWB,24,Gujarat,456,Porbandar,KUTIYANA,KUTIYANA,Kutiyana,-,-,-,-,-,-,21.62222222,69.99722222,,30-05-2022 06:00,11.65
3433,3433,Kutiyana_Pz,CGWB,24,Gujarat,456,Porbandar,KUTIYANA,KUTIYANA,Kutiyana,-,-,-,-,-,-,21.62222222,69.99722222,,10-11-2022 06:00,3.25
3434,3434,Kutiyana_Pz,CGWB,24,Gujarat,456,Porbandar,KUTIYANA,KUTIYANA,Kutiyana,-,-,-,-,-,-,21.62222222,69.99722222,,30-05-2023 10:00,11.55
3435,3435,Kuvadia,CGWB,24,Gujarat,447,Jamnagar,KHAMBHALIA,KHAMBHALIA,Kuvadia,-,-,-,-,-,-,22.20138889,69.58333333,,10-01-2021 00:00,21.55
3436,3436,Kuvadia,CGWB,24,Gujarat,447,Jamnagar,KHAMBHALIA,KHAMBHALIA,Kuvadia,-,-,-,-,-,-,22.20138889,69.58333333,,31-08-2021 06:00,1.55
3437,3437,Kuvadia,CGWB,24,Gujarat,447,Jamnagar,KHAMBHALIA,KHAMBHALIA,Kuvadia,-,-,-,-,-,-,22.20138889,69.58333333,,30-11-2021 06:00,4.65
3438,3438,Kuvadia,CGWB,24,Gujarat,447,Jamnagar,KHAMBHALIA,KHAMBHALIA,Kuvadia,-,-,-,-,-,-,22.20138889,69.58333333,,30-01-2022 07:00,17.05
3439,3439,Kuvadia,CGWB,24,Gujarat,447,Jamnagar,KHAMBHALIA,KHAMBHALIA,Kuvadia,-,-,-,-,-,-,22.20138889,69.58333333,,30-05-2022 06:00,7.1
3440,3440,Kuvadia,CGWB,24,Gujarat,447,Jamnagar,KHAMBHALIA,KHAMBHALIA,Kuvadia,-,-,-,-,-,-,22.20138889,69.58333333,,10-11-2022 06:00,5.86
3441,3441,Kuvadia,CGWB,24,Gujarat,447,Jamnagar,KHAMBHALIA,KHAMBHALIA,Kuvadia,-,-,-,-,-,-,22.20138889,69.58333333,,30-05-2023 10:00,11.1
3442,3442,Ladvel,CGWB,24,Gujarat,450,Kheda,KATHLAL,KATHLAL,Ladvel,-,-,-,-,-,-,22.90833333,73.12083333,,10-01-2021 00:00,1.44
3443,3443,Ladvel,CGWB,24,Gujarat,450,Kheda,KATHLAL,KATHLAL,Ladvel,-,-,-,-,-,-,22.90833333,73.12083333,,31-08-2021 06:00,0.4
3444,3444,Ladvel,CGWB,24,Gujarat,450,Kheda,KATHLAL,KATHLAL,Ladvel,-,-,-,-,-,-,22.90833333,73.12083333,,30-11-2021 06:00,0.7
3445,3445,Ladvel,CGWB,24,Gujarat,450,Kheda,KATHLAL,KATHLAL,Ladvel,-,-,-,-,-,-,22.90833333,73.12083333,,30-01-2022 07:00,1.08
3446,3446,Ladvel,CGWB,24,Gujarat,450,Kheda,KATHLAL,KATHLAL,Ladvel,-,-,-,-,-,-,22.90833333,73.12083333,,30-05-2022 06:00,2.45
3447,3447,Ladvel,CGWB,24,Gujarat,450,Kheda,KATHLAL,KATHLAL,Ladvel,-,-,-,-,-,-,22.90833333,73.12083333,,30-08-2022 06:00,0.28
3448,3448,Ladvel,CGWB,24,Gujarat,450,Kheda,KATHLAL,KATHLAL,Ladvel,-,-,-,-,-,-,22.90833333,73.12083333,,10-11-2022 06:00,0.36
3449,3449,Ladvel,CGWB,24,Gujarat,450,Kheda,KATHLAL,KATHLAL,Ladvel,-,-,-,-,-,-,22.90833333,73.12083333,,10-01-2023 18:00,1.15
3450,3450,Ladvel,CGWB,24,Gujarat,450,Kheda,KATHLAL,KATHLAL,Ladvel,-,-,-,-,-,-,22.90833333,73.12083333,,30-05-2023 10:00,1.8000001
3451,3451,Lajai,CGWB,24,Gujarat,457,Rajkot,TANKARA,TANKARA,Lajai,-,-,-,-,-,-,22.71666667,70.77916667,,10-01-2021 00:00,2.95
3452,3452,Lajai,CGWB,24,Gujarat,457,Rajkot,TANKARA,TANKARA,Lajai,-,-,-,-,-,-,22.71666667,70.77916667,,30-11-2021 06:00,2.65
3453,3453,Lajai,CGWB,24,Gujarat,457,Rajkot,TANKARA,TANKARA,Lajai,-,-,-,-,-,-,22.71666667,70.77916667,,30-05-2022 06:00,5.14
3454,3454,Lakadmal,CGWB,24,Gujarat,462,Valsad,DHARAMPUR,DHARAMPUR,Lakadmal,-,-,-,-,-,-,20.46666667,73.15833333,,30-08-2022 06:00,2.4
3455,3455,Lakhani  i,CGWB,24,Gujarat,441,Banaskantha,DEESA,DEESA,Lakhani  i,-,-,-,-,-,-,24.31388889,71.81805556,,10-01-2021 00:00,118.56
3456,3456,Lakhani  i,CGWB,24,Gujarat,441,Banaskantha,DEESA,DEESA,Lakhani  i,-,-,-,-,-,-,24.31388889,71.81805556,,31-08-2021 06:00,90.58
3457,3457,Lakhani  i,CGWB,24,Gujarat,441,Banaskantha,DEESA,DEESA,Lakhani  i,-,-,-,-,-,-,24.31388889,71.81805556,,30-11-2021 06:00,91.21
3458,3458,Lakhani  i,CGWB,24,Gujarat,441,Banaskantha,DEESA,DEESA,Lakhani  i,-,-,-,-,-,-,24.31388889,71.81805556,,30-01-2022 07:00,91.55
3459,3459,Lakhani  i,CGWB,24,Gujarat,441,Banaskantha,DEESA,DEESA,Lakhani  i,-,-,-,-,-,-,24.31388889,71.81805556,,30-05-2022 06:00,91.2
3460,3460,Lakhpat,CGWB,24,Gujarat,449,Kachchh,LAKHPAT,LAKHPAT,Lakhpat,-,-,-,-,-,-,23.82305556,68.77500000,,10-01-2021 00:00,3.95
3461,3461,Lakhpat,CGWB,24,Gujarat,449,Kachchh,LAKHPAT,LAKHPAT,Lakhpat,-,-,-,-,-,-,23.82305556,68.77500000,,31-08-2021 06:00,8.23
3462,3462,Lakhpat,CGWB,24,Gujarat,449,Kachchh,LAKHPAT,LAKHPAT,Lakhpat,-,-,-,-,-,-,23.82305556,68.77500000,,30-11-2021 06:00,6.7
3463,3463,Lakhpat,CGWB,24,Gujarat,449,Kachchh,LAKHPAT,LAKHPAT,Lakhpat,-,-,-,-,-,-,23.82305556,68.77500000,,30-01-2022 07:00,6.45
3464,3464,Lakhpat,CGWB,24,Gujarat,449,Kachchh,LAKHPAT,LAKHPAT,Lakhpat,-,-,-,-,-,-,23.82305556,68.77500000,,30-05-2022 06:00,8.63
3465,3465,Lakhpat,CGWB,24,Gujarat,449,Kachchh,LAKHPAT,LAKHPAT,Lakhpat,-,-,-,-,-,-,23.82305556,68.77500000,,30-08-2022 06:00,2.45
3466,3466,Lakhpat,CGWB,24,Gujarat,449,Kachchh,LAKHPAT,LAKHPAT,Lakhpat,-,-,-,-,-,-,23.82305556,68.77500000,,10-11-2022 06:00,2.05
3467,3467,Lakhtar,CGWB,24,Gujarat,460,Surendranagar,LAKHTAR,LAKHTAR,Lakhtar,-,-,-,-,-,-,22.85833333,71.78333333,,10-01-2021 00:00,5.81
3468,3468,Lakhtar,CGWB,24,Gujarat,460,Surendranagar,LAKHTAR,LAKHTAR,Lakhtar,-,-,-,-,-,-,22.85833333,71.78333333,,30-11-2021 06:00,3.97
3469,3469,Lakhtar,CGWB,24,Gujarat,460,Surendranagar,LAKHTAR,LAKHTAR,Lakhtar,-,-,-,-,-,-,22.85833333,71.78333333,,30-01-2022 07:00,4.15
3470,3470,Lakhtar,CGWB,24,Gujarat,460,Surendranagar,LAKHTAR,LAKHTAR,Lakhtar,-,-,-,-,-,-,22.85833333,71.78333333,,30-05-2022 06:00,6.2
3471,3471,Lakhtar,CGWB,24,Gujarat,460,Surendranagar,LAKHTAR,LAKHTAR,Lakhtar,-,-,-,-,-,-,22.85833333,71.78333333,,30-08-2022 06:00,3.25
3472,3472,Lakhtar,CGWB,24,Gujarat,460,Surendranagar,LAKHTAR,LAKHTAR,Lakhtar,-,-,-,-,-,-,22.85833333,71.78333333,,10-11-2022 06:00,2.3
3473,3473,Lakhtar,CGWB,24,Gujarat,460,Surendranagar,LAKHTAR,LAKHTAR,Lakhtar,-,-,-,-,-,-,22.85833333,71.78333333,,30-05-2023 10:00,3.9
3474,3474,Lakroda Pz,CGWB,24,Gujarat,446,Gandhinagar,-,-,-,-,-,-,-,-,-,23.43000000,72.79000000,,10-01-2023 18:00,73.43
3475,3475,Lakroda Pz_1,CGWB,24,Gujarat,446,Gandhinagar,MANSA,-,-,-,-,-,-,-,-,23.43000000,72.79000000,,30-05-2021 06:00,44.3
3476,3476,Lakroda Pz_1,CGWB,24,Gujarat,446,Gandhinagar,MANSA,-,-,-,-,-,-,-,-,23.43000000,72.79000000,,30-08-2021 06:00,71.03
3477,3477,Lakroda Pz_1,CGWB,24,Gujarat,446,Gandhinagar,MANSA,-,-,-,-,-,-,-,-,23.43000000,72.79000000,,30-08-2022 06:00,46.56
3478,3478,Lakroda Pz_1,CGWB,24,Gujarat,446,Gandhinagar,MANSA,-,-,-,-,-,-,-,-,23.43000000,72.79000000,,10-11-2022 06:00,73.89
3479,3479,Lalavadar,CGWB,24,Gujarat,457,Rajkot,JASDAN,JASDAN,Lalavadar,-,-,-,-,-,-,22.13333333,71.30416667,,10-01-2021 00:00,5.13
3480,3480,Lalavadar,CGWB,24,Gujarat,457,Rajkot,JASDAN,JASDAN,Lalavadar,-,-,-,-,-,-,22.13333333,71.30416667,,31-08-2021 06:00,3.53
3481,3481,Lalavadar,CGWB,24,Gujarat,457,Rajkot,JASDAN,JASDAN,Lalavadar,-,-,-,-,-,-,22.13333333,71.30416667,,30-11-2021 06:00,3.21
3482,3482,Lalavadar,CGWB,24,Gujarat,457,Rajkot,JASDAN,JASDAN,Lalavadar,-,-,-,-,-,-,22.13333333,71.30416667,,30-01-2022 07:00,5.56
3483,3483,Lalavadar,CGWB,24,Gujarat,457,Rajkot,JASDAN,JASDAN,Lalavadar,-,-,-,-,-,-,22.13333333,71.30416667,,30-05-2022 06:00,6.45
3484,3484,Lalavadar,CGWB,24,Gujarat,457,Rajkot,JASDAN,JASDAN,Lalavadar,-,-,-,-,-,-,22.13333333,71.30416667,,30-08-2022 06:00,1.91
3485,3485,Lalavadar,CGWB,24,Gujarat,457,Rajkot,JASDAN,JASDAN,Lalavadar,-,-,-,-,-,-,22.13333333,71.30416667,,10-11-2022 06:00,4.54
3486,3486,Lalavadar,CGWB,24,Gujarat,457,Rajkot,JASDAN,JASDAN,Lalavadar,-,-,-,-,-,-,22.13333333,71.30416667,,30-05-2023 10:00,7.0299997
3487,3487,Lalpur1,CGWB,24,Gujarat,447,Jamnagar,LALPUR,LALPUR,Lalpur,-,-,-,-,-,-,22.19166667,69.96111111,,10-01-2021 00:00,5.1
3488,3488,Lalpur1,CGWB,24,Gujarat,447,Jamnagar,LALPUR,LALPUR,Lalpur,-,-,-,-,-,-,22.19166667,69.96111111,,31-08-2021 06:00,5.98
3489,3489,Lalpur1,CGWB,24,Gujarat,447,Jamnagar,LALPUR,LALPUR,Lalpur,-,-,-,-,-,-,22.19166667,69.96111111,,30-01-2022 07:00,2.03
3490,3490,Lalpur1,CGWB,24,Gujarat,447,Jamnagar,LALPUR,LALPUR,Lalpur,-,-,-,-,-,-,22.19166667,69.96111111,,30-05-2022 06:00,7.7
3491,3491,Lalpur1,CGWB,24,Gujarat,447,Jamnagar,LALPUR,LALPUR,Lalpur,-,-,-,-,-,-,22.19166667,69.96111111,,10-11-2022 06:00,5.9
3492,3492,Lalpur1,CGWB,24,Gujarat,447,Jamnagar,LALPUR,LALPUR,Lalpur,-,-,-,-,-,-,22.19166667,69.96111111,,30-05-2023 10:00,12.4
3493,3493,Lambha 1,CGWB,24,Gujarat,447,Jamnagar,KALYANPUR,KALYANPUR,Lambha,-,-,-,-,-,-,21.89888889,69.32361111,,10-01-2021 00:00,2.2
3494,3494,Lambha 1,CGWB,24,Gujarat,447,Jamnagar,KALYANPUR,KALYANPUR,Lambha,-,-,-,-,-,-,21.89888889,69.32361111,,31-08-2021 06:00,1.6
3495,3495,Lambha 1,CGWB,24,Gujarat,447,Jamnagar,KALYANPUR,KALYANPUR,Lambha,-,-,-,-,-,-,21.89888889,69.32361111,,30-11-2021 06:00,1.6
3496,3496,Lambha 1,CGWB,24,Gujarat,447,Jamnagar,KALYANPUR,KALYANPUR,Lambha,-,-,-,-,-,-,21.89888889,69.32361111,,30-01-2022 07:00,1.76
3497,3497,Lambha 1,CGWB,24,Gujarat,447,Jamnagar,KALYANPUR,KALYANPUR,Lambha,-,-,-,-,-,-,21.89888889,69.32361111,,30-05-2022 06:00,5.76
3498,3498,Lambha 1,CGWB,24,Gujarat,447,Jamnagar,KALYANPUR,KALYANPUR,Lambha,-,-,-,-,-,-,21.89888889,69.32361111,,30-08-2022 06:00,0.9
3499,3499,Lambha 1,CGWB,24,Gujarat,447,Jamnagar,KALYANPUR,KALYANPUR,Lambha,-,-,-,-,-,-,21.89888889,69.32361111,,10-11-2022 06:00,1.55
3500,3500,Lambha 1,CGWB,24,Gujarat,447,Jamnagar,KALYANPUR,KALYANPUR,Lambha,-,-,-,-,-,-,21.89888889,69.32361111,,30-05-2023 10:00,5.78
3501,3501,Lanwa Pz-I,CGWB,24,Gujarat,455,Patan,CHANASMA,CHANASMA,Lanwa,-,-,-,-,-,-,23.68666667,72.24861111,,31-08-2021 06:00,129.49
3502,3502,Lanwa Pz-I,CGWB,24,Gujarat,455,Patan,CHANASMA,CHANASMA,Lanwa,-,-,-,-,-,-,23.68666667,72.24861111,,30-11-2021 06:00,131.63
3503,3503,Lanwa Pz-I,CGWB,24,Gujarat,455,Patan,CHANASMA,CHANASMA,Lanwa,-,-,-,-,-,-,23.68666667,72.24861111,,30-01-2022 07:00,131.2
3504,3504,Lanwa Pz-I,CGWB,24,Gujarat,455,Patan,CHANASMA,CHANASMA,Lanwa,-,-,-,-,-,-,23.68666667,72.24861111,,30-05-2022 06:00,130.35
3505,3505,Lathi,CGWB,24,Gujarat,439,Amreli,LATHI,LATHI,Lathi,-,-,-,-,-,-,21.72083333,71.38333333,,10-01-2021 00:00,2.32
3506,3506,Lathi,CGWB,24,Gujarat,439,Amreli,LATHI,LATHI,Lathi,-,-,-,-,-,-,21.72083333,71.38333333,,31-08-2021 06:00,1.31
3507,3507,Lathi,CGWB,24,Gujarat,439,Amreli,LATHI,LATHI,Lathi,-,-,-,-,-,-,21.72083333,71.38333333,,30-11-2021 06:00,1.45
3508,3508,Lathi,CGWB,24,Gujarat,439,Amreli,LATHI,LATHI,Lathi,-,-,-,-,-,-,21.72083333,71.38333333,,30-01-2022 07:00,1.83
3509,3509,Lathi,CGWB,24,Gujarat,439,Amreli,LATHI,LATHI,Lathi,-,-,-,-,-,-,21.72083333,71.38333333,,30-05-2022 06:00,3.4
3510,3510,Lathi,CGWB,24,Gujarat,439,Amreli,LATHI,LATHI,Lathi,-,-,-,-,-,-,21.72083333,71.38333333,,30-08-2022 06:00,0.99
3511,3511,Lathi,CGWB,24,Gujarat,439,Amreli,LATHI,LATHI,Lathi,-,-,-,-,-,-,21.72083333,71.38333333,,30-05-2023 10:00,22.789999
3512,3512,Latuda,CGWB,24,Gujarat,460,Surendranagar,WADHWAN,WADHWAN,Latuda,-,-,-,-,-,-,22.81305556,71.60805556,,31-08-2021 06:00,0.95
3513,3513,Latuda,CGWB,24,Gujarat,460,Surendranagar,WADHWAN,WADHWAN,Latuda,-,-,-,-,-,-,22.81305556,71.60805556,,30-11-2021 06:00,1.85
3514,3514,Latuda,CGWB,24,Gujarat,460,Surendranagar,WADHWAN,WADHWAN,Latuda,-,-,-,-,-,-,22.81305556,71.60805556,,30-01-2022 07:00,2.3
3515,3515,Latuda,CGWB,24,Gujarat,460,Surendranagar,WADHWAN,WADHWAN,Latuda,-,-,-,-,-,-,22.81305556,71.60805556,,30-08-2022 06:00,1.8
3516,3516,Latuda,CGWB,24,Gujarat,460,Surendranagar,WADHWAN,WADHWAN,Latuda,-,-,-,-,-,-,22.81305556,71.60805556,,10-11-2022 06:00,1.8
3517,3517,Latuda,CGWB,24,Gujarat,460,Surendranagar,WADHWAN,WADHWAN,Latuda,-,-,-,-,-,-,22.81305556,71.60805556,,30-05-2023 10:00,4.0600004
3518,3518,Laxmipura,CGWB,24,Gujarat,440,Anand,CAMBAY,CAMBAY,Laxmipura,-,-,-,-,-,-,22.41666667,72.60833333,,10-01-2021 00:00,1.25
3519,3519,Laxmipura,CGWB,24,Gujarat,440,Anand,CAMBAY,CAMBAY,Laxmipura,-,-,-,-,-,-,22.41666667,72.60833333,,31-08-2021 06:00,1.15
3520,3520,Laxmipura,CGWB,24,Gujarat,440,Anand,CAMBAY,CAMBAY,Laxmipura,-,-,-,-,-,-,22.41666667,72.60833333,,30-11-2021 06:00,0.55
3521,3521,Laxmipura,CGWB,24,Gujarat,440,Anand,CAMBAY,CAMBAY,Laxmipura,-,-,-,-,-,-,22.41666667,72.60833333,,30-01-2022 07:00,1.15
3522,3522,Laxmipura,CGWB,24,Gujarat,440,Anand,CAMBAY,CAMBAY,Laxmipura,-,-,-,-,-,-,22.41666667,72.60833333,,30-05-2022 06:00,2.1
3523,3523,Laxmipura,CGWB,24,Gujarat,440,Anand,CAMBAY,CAMBAY,Laxmipura,-,-,-,-,-,-,22.41666667,72.60833333,,30-08-2022 06:00,0.89
3524,3524,Laxmipura,CGWB,24,Gujarat,440,Anand,CAMBAY,CAMBAY,Laxmipura,-,-,-,-,-,-,22.41666667,72.60833333,,10-11-2022 06:00,0.82
3525,3525,Laxmipura,CGWB,24,Gujarat,440,Anand,CAMBAY,CAMBAY,Laxmipura,-,-,-,-,-,-,22.41666667,72.60833333,,01-01-2023 00:00,2.08
3526,3526,Laxmipura,CGWB,24,Gujarat,440,Anand,CAMBAY,CAMBAY,Laxmipura,-,-,-,-,-,-,22.41666667,72.60833333,,30-05-2023 10:00,1.93
3527,3527,Liliya_Pz_I,CGWB,24,Gujarat,439,Amreli,LILIA,LILIA,Liliya,-,-,-,-,-,-,21.53472222,71.37916667,,10-01-2021 00:00,1.89
3528,3528,Liliya_Pz_I,CGWB,24,Gujarat,439,Amreli,LILIA,LILIA,Liliya,-,-,-,-,-,-,21.53472222,71.37916667,,31-08-2021 06:00,2.17
3529,3529,Liliya_Pz_I,CGWB,24,Gujarat,439,Amreli,LILIA,LILIA,Liliya,-,-,-,-,-,-,21.53472222,71.37916667,,30-11-2021 06:00,1.66
3530,3530,Liliya_Pz_I,CGWB,24,Gujarat,439,Amreli,LILIA,LILIA,Liliya,-,-,-,-,-,-,21.53472222,71.37916667,,30-01-2022 07:00,2.77
3531,3531,Liliya_Pz_I,CGWB,24,Gujarat,439,Amreli,LILIA,LILIA,Liliya,-,-,-,-,-,-,21.53472222,71.37916667,,30-05-2022 06:00,4.25
3532,3532,Liliya_Pz_I,CGWB,24,Gujarat,439,Amreli,LILIA,LILIA,Liliya,-,-,-,-,-,-,21.53472222,71.37916667,,10-11-2022 06:00,1.98
3533,3533,Liliya_Pz_I,CGWB,24,Gujarat,439,Amreli,LILIA,LILIA,Liliya,-,-,-,-,-,-,21.53472222,71.37916667,,30-05-2023 10:00,5.2
3534,3534,Lilpur,CGWB,24,Gujarat,449,Kachchh,RAPAR,RAPAR,Lilpur,-,-,-,-,-,-,23.51111111,70.65000000,,10-01-2021 00:00,0.98
3535,3535,Lilpur,CGWB,24,Gujarat,449,Kachchh,RAPAR,RAPAR,Lilpur,-,-,-,-,-,-,23.51111111,70.65000000,,31-08-2021 06:00,6.08
3536,3536,Lilpur,CGWB,24,Gujarat,449,Kachchh,RAPAR,RAPAR,Lilpur,-,-,-,-,-,-,23.51111111,70.65000000,,30-11-2021 06:00,7.07
3537,3537,Lilpur,CGWB,24,Gujarat,449,Kachchh,RAPAR,RAPAR,Lilpur,-,-,-,-,-,-,23.51111111,70.65000000,,30-01-2022 07:00,0.39
3538,3538,Lilpur,CGWB,24,Gujarat,449,Kachchh,RAPAR,RAPAR,Lilpur,-,-,-,-,-,-,23.51111111,70.65000000,,30-08-2022 06:00,1.5
3539,3539,Lilpur,CGWB,24,Gujarat,449,Kachchh,RAPAR,RAPAR,Lilpur,-,-,-,-,-,-,23.51111111,70.65000000,,10-11-2022 06:00,1.26
3540,3540,Limbadia peti,CGWB,24,Gujarat,454,Panchmahals,LUNAWADA,LUNAWADA,Limbadia peti,-,-,-,-,-,-,23.20416667,73.60000000,,10-01-2021 00:00,4.62
3541,3541,Limbadia peti,CGWB,24,Gujarat,454,Panchmahals,LUNAWADA,LUNAWADA,Limbadia peti,-,-,-,-,-,-,23.20416667,73.60000000,,31-08-2021 06:00,7.62
3542,3542,Limbadia peti,CGWB,24,Gujarat,454,Panchmahals,LUNAWADA,LUNAWADA,Limbadia peti,-,-,-,-,-,-,23.20416667,73.60000000,,30-11-2021 06:00,5.15
3543,3543,Limbadia peti,CGWB,24,Gujarat,454,Panchmahals,LUNAWADA,LUNAWADA,Limbadia peti,-,-,-,-,-,-,23.20416667,73.60000000,,30-01-2022 07:00,5.5
3544,3544,Limbadia peti,CGWB,24,Gujarat,454,Panchmahals,LUNAWADA,LUNAWADA,Limbadia peti,-,-,-,-,-,-,23.20416667,73.60000000,,30-05-2022 06:00,8.9
3545,3545,Limbadia peti,CGWB,24,Gujarat,454,Panchmahals,LUNAWADA,LUNAWADA,Limbadia peti,-,-,-,-,-,-,23.20416667,73.60000000,,30-08-2022 06:00,1.8
3546,3546,Limbadia peti,CGWB,24,Gujarat,454,Panchmahals,LUNAWADA,LUNAWADA,Limbadia peti,-,-,-,-,-,-,23.20416667,73.60000000,,10-11-2022 06:00,2.4
3547,3547,Limbadia peti,CGWB,24,Gujarat,454,Panchmahals,LUNAWADA,LUNAWADA,Limbadia peti,-,-,-,-,-,-,23.20416667,73.60000000,,10-01-2023 18:00,2.75
3548,3548,Limbadia peti,CGWB,24,Gujarat,454,Panchmahals,LUNAWADA,LUNAWADA,Limbadia peti,-,-,-,-,-,-,23.20416667,73.60000000,,30-05-2023 10:00,6.6000004
3549,3549,Limbdi1,CGWB,24,Gujarat,460,Surendranagar,LIMBDI,LIMBDI,Limbdi,-,-,-,-,-,-,22.56666667,71.81250000,,10-01-2021 00:00,1.11
3550,3550,Limbdi1,CGWB,24,Gujarat,460,Surendranagar,LIMBDI,LIMBDI,Limbdi,-,-,-,-,-,-,22.56666667,71.81250000,,30-05-2022 06:00,2.3
3551,3551,Limbdi2,CGWB,24,Gujarat,445,Dohad,JHALOD,JHALOD,Limbdi,-,-,-,-,-,-,23.00416667,74.15833333,,10-01-2021 00:00,1.9
3552,3552,Limbdi2,CGWB,24,Gujarat,445,Dohad,JHALOD,JHALOD,Limbdi,-,-,-,-,-,-,23.00416667,74.15833333,,31-08-2021 06:00,3.07
3553,3553,Limbdi2,CGWB,24,Gujarat,445,Dohad,JHALOD,JHALOD,Limbdi,-,-,-,-,-,-,23.00416667,74.15833333,,30-11-2021 06:00,1.6
3554,3554,Limbdi2,CGWB,24,Gujarat,445,Dohad,JHALOD,JHALOD,Limbdi,-,-,-,-,-,-,23.00416667,74.15833333,,30-01-2022 07:00,1.3
3555,3555,Limbdi2,CGWB,24,Gujarat,445,Dohad,JHALOD,JHALOD,Limbdi,-,-,-,-,-,-,23.00416667,74.15833333,,30-05-2022 06:00,3.8
3556,3556,Limbdi2,CGWB,24,Gujarat,445,Dohad,JHALOD,JHALOD,Limbdi,-,-,-,-,-,-,23.00416667,74.15833333,,30-08-2022 06:00,1
3557,3557,Limbdi2,CGWB,24,Gujarat,445,Dohad,JHALOD,JHALOD,Limbdi,-,-,-,-,-,-,23.00416667,74.15833333,,10-11-2022 06:00,0.44
3558,3558,Limbdi2,CGWB,24,Gujarat,445,Dohad,JHALOD,JHALOD,Limbdi,-,-,-,-,-,-,23.00416667,74.15833333,,10-01-2023 18:00,0.98
3559,3559,Limbdi-Pz,CGWB,24,Gujarat,460,Surendranagar,LIMBDI,LIMBDI,Limbdi,-,-,-,-,-,-,22.57222222,71.80833333,,10-01-2021 00:00,1.81
3560,3560,Limbdi-Pz,CGWB,24,Gujarat,460,Surendranagar,LIMBDI,LIMBDI,Limbdi,-,-,-,-,-,-,22.57222222,71.80833333,,30-01-2022 07:00,1.81
3561,3561,Limbdi-Pz,CGWB,24,Gujarat,460,Surendranagar,LIMBDI,LIMBDI,Limbdi,-,-,-,-,-,-,22.57222222,71.80833333,,30-05-2022 06:00,2.67
3562,3562,Limbdi-Pz,CGWB,24,Gujarat,460,Surendranagar,LIMBDI,LIMBDI,Limbdi,-,-,-,-,-,-,22.57222222,71.80833333,,30-08-2022 06:00,1.42
3563,3563,Limbdi-Pz,CGWB,24,Gujarat,460,Surendranagar,LIMBDI,LIMBDI,Limbdi,-,-,-,-,-,-,22.57222222,71.80833333,,10-11-2022 06:00,2
3564,3564,Limkheda,CGWB,24,Gujarat,445,Dohad,LIMKHEDA,LIMKHEDA,Limkheda,-,-,-,-,-,-,22.83055556,73.98611111,,10-01-2021 00:00,4.71
3565,3565,Limkheda,CGWB,24,Gujarat,445,Dohad,LIMKHEDA,LIMKHEDA,Limkheda,-,-,-,-,-,-,22.83055556,73.98611111,,31-08-2021 06:00,3.52
3566,3566,Limkheda,CGWB,24,Gujarat,445,Dohad,LIMKHEDA,LIMKHEDA,Limkheda,-,-,-,-,-,-,22.83055556,73.98611111,,30-11-2021 06:00,4.8
3567,3567,Limkheda,CGWB,24,Gujarat,445,Dohad,LIMKHEDA,LIMKHEDA,Limkheda,-,-,-,-,-,-,22.83055556,73.98611111,,30-01-2022 07:00,5.35
3568,3568,Limkheda,CGWB,24,Gujarat,445,Dohad,LIMKHEDA,LIMKHEDA,Limkheda,-,-,-,-,-,-,22.83055556,73.98611111,,30-05-2022 06:00,7.8
3569,3569,Limkheda,CGWB,24,Gujarat,445,Dohad,LIMKHEDA,LIMKHEDA,Limkheda,-,-,-,-,-,-,22.83055556,73.98611111,,30-08-2022 06:00,2.85
3570,3570,Limkheda,CGWB,24,Gujarat,445,Dohad,LIMKHEDA,LIMKHEDA,Limkheda,-,-,-,-,-,-,22.83055556,73.98611111,,10-11-2022 06:00,4.58
3571,3571,Limkheda,CGWB,24,Gujarat,445,Dohad,LIMKHEDA,LIMKHEDA,Limkheda,-,-,-,-,-,-,22.83055556,73.98611111,,10-01-2023 18:00,5.38
3572,3572,Limkheda,CGWB,24,Gujarat,445,Dohad,LIMKHEDA,LIMKHEDA,Limkheda,-,-,-,-,-,-,22.83055556,73.98611111,,30-05-2023 10:00,7.78
3573,3573,Lodai,CGWB,24,Gujarat,449,Kachchh,BHUJ,BHUJ,Lodai,-,-,-,-,-,-,23.40000000,69.89166667,,10-01-2021 00:00,15.34
3574,3574,Lodai,CGWB,24,Gujarat,449,Kachchh,BHUJ,BHUJ,Lodai,-,-,-,-,-,-,23.40000000,69.89166667,,30-11-2021 06:00,13.95
3575,3575,Lodai,CGWB,24,Gujarat,449,Kachchh,BHUJ,BHUJ,Lodai,-,-,-,-,-,-,23.40000000,69.89166667,,30-01-2022 07:00,14.5
3576,3576,Lodai,CGWB,24,Gujarat,449,Kachchh,BHUJ,BHUJ,Lodai,-,-,-,-,-,-,23.40000000,69.89166667,,30-05-2022 06:00,14.93
3577,3577,Lodai,CGWB,24,Gujarat,449,Kachchh,BHUJ,BHUJ,Lodai,-,-,-,-,-,-,23.40000000,69.89166667,,30-08-2022 06:00,14.75
3578,3578,Lodai,CGWB,24,Gujarat,449,Kachchh,BHUJ,BHUJ,Lodai,-,-,-,-,-,-,23.40000000,69.89166667,,30-05-2023 10:00,18.25
3579,3579,Lodhika,CGWB,24,Gujarat,457,Rajkot,LODHIKA,LODHIKA,Lodhika,-,-,-,-,-,-,22.13333333,70.63194444,,10-01-2021 00:00,4.36
3580,3580,Lodhika,CGWB,24,Gujarat,457,Rajkot,LODHIKA,LODHIKA,Lodhika,-,-,-,-,-,-,22.13333333,70.63194444,,31-08-2021 06:00,1.01
3581,3581,Lodhika,CGWB,24,Gujarat,457,Rajkot,LODHIKA,LODHIKA,Lodhika,-,-,-,-,-,-,22.13333333,70.63194444,,30-11-2021 06:00,3.05
3582,3582,Lodhika,CGWB,24,Gujarat,457,Rajkot,LODHIKA,LODHIKA,Lodhika,-,-,-,-,-,-,22.13333333,70.63194444,,30-01-2022 07:00,3.53
3583,3583,Lodhika,CGWB,24,Gujarat,457,Rajkot,LODHIKA,LODHIKA,Lodhika,-,-,-,-,-,-,22.13333333,70.63194444,,30-05-2022 06:00,5.7
3584,3584,Lodhika,CGWB,24,Gujarat,457,Rajkot,LODHIKA,LODHIKA,Lodhika,-,-,-,-,-,-,22.13333333,70.63194444,,10-11-2022 06:00,3.6
3585,3585,Lodhika1,CGWB,24,Gujarat,457,Rajkot,LODHIKA,LODHIKA,Lodhika,-,-,-,-,-,-,22.14166667,70.64166667,,10-01-2021 00:00,4.31
3586,3586,Lodhika1,CGWB,24,Gujarat,457,Rajkot,LODHIKA,LODHIKA,Lodhika,-,-,-,-,-,-,22.14166667,70.64166667,,30-01-2022 07:00,4.1
3587,3587,Lodhika1,CGWB,24,Gujarat,457,Rajkot,LODHIKA,LODHIKA,Lodhika,-,-,-,-,-,-,22.14166667,70.64166667,,30-05-2022 06:00,6.65
3588,3588,Lodhika1,CGWB,24,Gujarat,457,Rajkot,LODHIKA,LODHIKA,Lodhika,-,-,-,-,-,-,22.14166667,70.64166667,,10-11-2022 06:00,3
3589,3589,Lodhika1,CGWB,24,Gujarat,457,Rajkot,LODHIKA,LODHIKA,Lodhika,-,-,-,-,-,-,22.14166667,70.64166667,,30-05-2023 10:00,8.46
3590,3590,Lodra,CGWB,24,Gujarat,446,Gandhinagar,MANSA,MANSA,Lodra,-,-,-,-,-,-,23.46388889,72.72027778,,31-08-2021 06:00,52.31
3591,3591,Lodra,CGWB,24,Gujarat,446,Gandhinagar,MANSA,MANSA,Lodra,-,-,-,-,-,-,23.46388889,72.72027778,,30-11-2021 06:00,52.33
3592,3592,Lodra,CGWB,24,Gujarat,446,Gandhinagar,MANSA,MANSA,Lodra,-,-,-,-,-,-,23.46388889,72.72027778,,30-01-2022 07:00,51.53
3593,3593,Lodra,CGWB,24,Gujarat,446,Gandhinagar,MANSA,MANSA,Lodra,-,-,-,-,-,-,23.46388889,72.72027778,,30-05-2022 06:00,52.42
3594,3594,Lodra,CGWB,24,Gujarat,446,Gandhinagar,MANSA,MANSA,Lodra,-,-,-,-,-,-,23.46388889,72.72027778,,30-08-2022 06:00,52.49
3595,3595,Lodra,CGWB,24,Gujarat,446,Gandhinagar,MANSA,MANSA,Lodra,-,-,-,-,-,-,23.46388889,72.72027778,,10-11-2022 06:00,52.92
3596,3596,Lodra,CGWB,24,Gujarat,446,Gandhinagar,MANSA,MANSA,Lodra,-,-,-,-,-,-,23.46388889,72.72027778,,30-05-2023 10:00,66.54
3597,3597,Lohariya,CGWB,24,Gujarat,449,Kachchh,ANJAR,ANJAR,Lohariya,-,-,-,-,-,-,23.09305556,69.88416667,,30-01-2022 07:00,54.55
3598,3598,Lohariya,CGWB,24,Gujarat,449,Kachchh,ANJAR,ANJAR,Lohariya,-,-,-,-,-,-,23.09305556,69.88416667,,30-05-2022 06:00,55.77
3599,3599,Lohariya,CGWB,24,Gujarat,449,Kachchh,ANJAR,ANJAR,Lohariya,-,-,-,-,-,-,23.09305556,69.88416667,,30-08-2022 06:00,53.3
3600,3600,Lohariya,CGWB,24,Gujarat,449,Kachchh,ANJAR,ANJAR,Lohariya,-,-,-,-,-,-,23.09305556,69.88416667,,10-11-2022 06:00,54.83
3601,3601,Lohariya,CGWB,24,Gujarat,449,Kachchh,ANJAR,ANJAR,Lohariya,-,-,-,-,-,-,23.09305556,69.88416667,,30-05-2023 10:00,56.16
3602,3602,Lohej,CGWB,24,Gujarat,448,Junagadh,MANGROL,MANGROL,Lohej,-,-,-,-,-,-,21.16666667,70.06666667,,10-01-2021 00:00,9.6
3603,3603,Lohej,CGWB,24,Gujarat,448,Junagadh,MANGROL,MANGROL,Lohej,-,-,-,-,-,-,21.16666667,70.06666667,,31-08-2021 06:00,3.76
3604,3604,Lohej,CGWB,24,Gujarat,448,Junagadh,MANGROL,MANGROL,Lohej,-,-,-,-,-,-,21.16666667,70.06666667,,30-01-2022 07:00,9.12
3605,3605,Lohej,CGWB,24,Gujarat,448,Junagadh,MANGROL,MANGROL,Lohej,-,-,-,-,-,-,21.16666667,70.06666667,,30-08-2022 06:00,7.87
3606,3606,Lohej,CGWB,24,Gujarat,448,Junagadh,MANGROL,MANGROL,Lohej,-,-,-,-,-,-,21.16666667,70.06666667,,10-11-2022 06:00,8.92
3607,3607,Lohej,CGWB,24,Gujarat,448,Junagadh,MANGROL,MANGROL,Lohej,-,-,-,-,-,-,21.16666667,70.06666667,,30-05-2023 10:00,
3608,3608,Longadi,CGWB,24,Gujarat,443,Bhavnagar,MAHUVA,MAHUVA,Longadi,-,-,-,-,-,-,21.21388889,71.88333333,,10-01-2021 00:00,3.2
3609,3609,Longadi,CGWB,24,Gujarat,443,Bhavnagar,MAHUVA,MAHUVA,Longadi,-,-,-,-,-,-,21.21388889,71.88333333,,31-08-2021 06:00,0.2
3610,3610,Longadi,CGWB,24,Gujarat,443,Bhavnagar,MAHUVA,MAHUVA,Longadi,-,-,-,-,-,-,21.21388889,71.88333333,,30-11-2021 06:00,1.05
3611,3611,Longadi,CGWB,24,Gujarat,443,Bhavnagar,MAHUVA,MAHUVA,Longadi,-,-,-,-,-,-,21.21388889,71.88333333,,30-01-2022 07:00,2.2
3612,3612,Longadi,CGWB,24,Gujarat,443,Bhavnagar,MAHUVA,MAHUVA,Longadi,-,-,-,-,-,-,21.21388889,71.88333333,,30-05-2022 06:00,4.5
3613,3613,Longadi,CGWB,24,Gujarat,443,Bhavnagar,MAHUVA,MAHUVA,Longadi,-,-,-,-,-,-,21.21388889,71.88333333,,30-08-2022 06:00,12.76
3614,3614,Longadi,CGWB,24,Gujarat,443,Bhavnagar,MAHUVA,MAHUVA,Longadi,-,-,-,-,-,-,21.21388889,71.88333333,,30-05-2023 10:00,4.3700004
3615,3615,Lonjdhara,CGWB,24,Gujarat,443,Bhavnagar,VALLABHIPUR,VALLABHIPUR,Lonjdhara,-,-,-,-,-,-,22.09722222,71.89722222,,10-01-2021 00:00,10.87
3616,3616,Lonjdhara,CGWB,24,Gujarat,443,Bhavnagar,VALLABHIPUR,VALLABHIPUR,Lonjdhara,-,-,-,-,-,-,22.09722222,71.89722222,,31-08-2021 06:00,12.27
3617,3617,Lonjdhara,CGWB,24,Gujarat,443,Bhavnagar,VALLABHIPUR,VALLABHIPUR,Lonjdhara,-,-,-,-,-,-,22.09722222,71.89722222,,30-11-2021 06:00,7.76
3618,3618,Lonjdhara,CGWB,24,Gujarat,443,Bhavnagar,VALLABHIPUR,VALLABHIPUR,Lonjdhara,-,-,-,-,-,-,22.09722222,71.89722222,,30-01-2022 07:00,10.98
3619,3619,Lonjdhara,CGWB,24,Gujarat,443,Bhavnagar,VALLABHIPUR,VALLABHIPUR,Lonjdhara,-,-,-,-,-,-,22.09722222,71.89722222,,30-05-2022 06:00,12.22
3620,3620,Lonjdhara,CGWB,24,Gujarat,443,Bhavnagar,VALLABHIPUR,VALLABHIPUR,Lonjdhara,-,-,-,-,-,-,22.09722222,71.89722222,,30-08-2022 06:00,10.52
3621,3621,Lonjdhara,CGWB,24,Gujarat,443,Bhavnagar,VALLABHIPUR,VALLABHIPUR,Lonjdhara,-,-,-,-,-,-,22.09722222,71.89722222,,10-11-2022 06:00,13.82
3622,3622,Lonjdhara,CGWB,24,Gujarat,443,Bhavnagar,VALLABHIPUR,VALLABHIPUR,Lonjdhara,-,-,-,-,-,-,22.09722222,71.89722222,,30-05-2023 10:00,16.99
3623,3623,Luhara,CGWB,24,Gujarat,442,Bharuch,VAGRA,VAGRA,Luhara,-,-,-,-,-,-,21.67500000,72.55833333,,10-01-2021 00:00,0.2
3624,3624,Luhara,CGWB,24,Gujarat,442,Bharuch,VAGRA,VAGRA,Luhara,-,-,-,-,-,-,21.67500000,72.55833333,,31-08-2021 06:00,0.31
3625,3625,Luhara,CGWB,24,Gujarat,442,Bharuch,VAGRA,VAGRA,Luhara,-,-,-,-,-,-,21.67500000,72.55833333,,30-11-2021 06:00,0.48
3626,3626,Luhara,CGWB,24,Gujarat,442,Bharuch,VAGRA,VAGRA,Luhara,-,-,-,-,-,-,21.67500000,72.55833333,,30-01-2022 07:00,-1.12
3627,3627,Luhara,CGWB,24,Gujarat,442,Bharuch,VAGRA,VAGRA,Luhara,-,-,-,-,-,-,21.67500000,72.55833333,,30-05-2022 06:00,0.75
3628,3628,Luhara,CGWB,24,Gujarat,442,Bharuch,VAGRA,VAGRA,Luhara,-,-,-,-,-,-,21.67500000,72.55833333,,10-11-2022 06:00,-1.5
3629,3629,Luhara,CGWB,24,Gujarat,442,Bharuch,VAGRA,VAGRA,Luhara,-,-,-,-,-,-,21.67500000,72.55833333,,30-05-2023 10:00,0.8900001
3630,3630,Lukhasan_1,CGWB,24,Gujarat,455,Patan,SIDHPUR,-,-,-,-,-,-,-,-,23.96000000,72.47000000,,10-01-2021 06:00,136.52
3631,3631,Lukhasan_1,CGWB,24,Gujarat,455,Patan,SIDHPUR,-,-,-,-,-,-,-,-,23.96000000,72.47000000,,30-05-2021 06:00,133.9
3632,3632,Lukhasan_1,CGWB,24,Gujarat,455,Patan,SIDHPUR,-,-,-,-,-,-,-,-,23.96000000,72.47000000,,30-08-2021 06:00,109.1
3633,3633,Lukhasan_1,CGWB,24,Gujarat,455,Patan,SIDHPUR,-,-,-,-,-,-,-,-,23.96000000,72.47000000,,10-11-2021 06:00,125.32
3634,3634,Lukhasan_1,CGWB,24,Gujarat,455,Patan,SIDHPUR,-,-,-,-,-,-,-,-,23.96000000,72.47000000,,10-01-2022 06:00,136.05
3635,3635,Lukhasan_1,CGWB,24,Gujarat,455,Patan,SIDHPUR,-,-,-,-,-,-,-,-,23.96000000,72.47000000,,30-05-2022 06:00,135.82
3636,3636,Lukhasan_1,CGWB,24,Gujarat,455,Patan,SIDHPUR,-,-,-,-,-,-,-,-,23.96000000,72.47000000,,30-08-2022 06:00,128.8
3637,3637,Lukhasan_1,CGWB,24,Gujarat,455,Patan,SIDHPUR,-,-,-,-,-,-,-,-,23.96000000,72.47000000,,10-11-2022 06:00,129.07
3638,3638,Lunawada,CGWB,24,Gujarat,454,Panchmahals,LUNAWADA,LUNAWADA,Lunawada,-,-,-,-,-,-,23.12916667,73.60833333,,10-01-2021 00:00,7.05
3639,3639,Lunawada,CGWB,24,Gujarat,454,Panchmahals,LUNAWADA,LUNAWADA,Lunawada,-,-,-,-,-,-,23.12916667,73.60833333,,31-08-2021 06:00,9.38
3640,3640,Lunawada,CGWB,24,Gujarat,454,Panchmahals,LUNAWADA,LUNAWADA,Lunawada,-,-,-,-,-,-,23.12916667,73.60833333,,30-11-2021 06:00,8.01
3641,3641,Lunawada,CGWB,24,Gujarat,454,Panchmahals,LUNAWADA,LUNAWADA,Lunawada,-,-,-,-,-,-,23.12916667,73.60833333,,30-01-2022 07:00,9.26
3642,3642,Lunawada,CGWB,24,Gujarat,454,Panchmahals,LUNAWADA,LUNAWADA,Lunawada,-,-,-,-,-,-,23.12916667,73.60833333,,30-05-2022 06:00,11.61
3643,3643,Lunawada,CGWB,24,Gujarat,454,Panchmahals,LUNAWADA,LUNAWADA,Lunawada,-,-,-,-,-,-,23.12916667,73.60833333,,30-08-2022 06:00,5.35
3644,3644,Lunawada,CGWB,24,Gujarat,454,Panchmahals,LUNAWADA,LUNAWADA,Lunawada,-,-,-,-,-,-,23.12916667,73.60833333,,10-11-2022 06:00,4.21
3645,3645,Lunawada,CGWB,24,Gujarat,454,Panchmahals,LUNAWADA,LUNAWADA,Lunawada,-,-,-,-,-,-,23.12916667,73.60833333,,10-01-2023 18:00,4.78
3646,3646,Lunawada,CGWB,24,Gujarat,454,Panchmahals,LUNAWADA,LUNAWADA,Lunawada,-,-,-,-,-,-,23.12916667,73.60833333,,30-05-2023 10:00,11.41
3647,3647,Luni,CGWB,24,Gujarat,449,Kachchh,MUNDRA,MUNDRA,Luni,-,-,-,-,-,-,22.87333333,69.81166667,,10-01-2021 00:00,4.82
3648,3648,Luni,CGWB,24,Gujarat,449,Kachchh,MUNDRA,MUNDRA,Luni,-,-,-,-,-,-,22.87333333,69.81166667,,31-08-2021 06:00,2.26
3649,3649,Luni,CGWB,24,Gujarat,449,Kachchh,MUNDRA,MUNDRA,Luni,-,-,-,-,-,-,22.87333333,69.81166667,,30-11-2021 06:00,2.49
3650,3650,Luni,CGWB,24,Gujarat,449,Kachchh,MUNDRA,MUNDRA,Luni,-,-,-,-,-,-,22.87333333,69.81166667,,30-01-2022 07:00,3.08
3651,3651,Luni,CGWB,24,Gujarat,449,Kachchh,MUNDRA,MUNDRA,Luni,-,-,-,-,-,-,22.87333333,69.81166667,,30-05-2022 06:00,6.25
3652,3652,Luni,CGWB,24,Gujarat,449,Kachchh,MUNDRA,MUNDRA,Luni,-,-,-,-,-,-,22.87333333,69.81166667,,30-08-2022 06:00,1.76
3653,3653,Luni,CGWB,24,Gujarat,449,Kachchh,MUNDRA,MUNDRA,Luni,-,-,-,-,-,-,22.87333333,69.81166667,,10-11-2022 06:00,2
3654,3654,Luni,CGWB,24,Gujarat,449,Kachchh,MUNDRA,MUNDRA,Luni,-,-,-,-,-,-,22.87333333,69.81166667,,30-05-2023 10:00,4.87
3655,3655,Luvariya,CGWB,24,Gujarat,439,Amreli,LATHI,LATHI,Luvariya,-,-,-,-,-,-,21.62500000,71.39583333,,30-05-2023 10:00,6.14
3656,3656,Macchukunda,CGWB,24,Gujarat,457,Rajkot,MORVI,MORVI,Macchukunda,-,-,-,-,-,-,23.00138889,70.89583333,,31-08-2021 06:00,5.7
3657,3657,Macchukunda,CGWB,24,Gujarat,457,Rajkot,MORVI,MORVI,Macchukunda,-,-,-,-,-,-,23.00138889,70.89583333,,30-11-2021 06:00,5.82
3658,3658,Macchukunda,CGWB,24,Gujarat,457,Rajkot,MORVI,MORVI,Macchukunda,-,-,-,-,-,-,23.00138889,70.89583333,,30-01-2022 07:00,6.86
3659,3659,Macchukunda,CGWB,24,Gujarat,457,Rajkot,MORVI,MORVI,Macchukunda,-,-,-,-,-,-,23.00138889,70.89583333,,10-11-2022 06:00,3.75
3660,3660,Madhapar,CGWB,24,Gujarat,449,Kachchh,BHUJ,BHUJ,Madhapar,-,-,-,-,-,-,23.23194444,69.69722222,,10-01-2021 00:00,47.67
3661,3661,Madhapar,CGWB,24,Gujarat,449,Kachchh,BHUJ,BHUJ,Madhapar,-,-,-,-,-,-,23.23194444,69.69722222,,31-08-2021 06:00,47.27
3662,3662,Madhapar,CGWB,24,Gujarat,449,Kachchh,BHUJ,BHUJ,Madhapar,-,-,-,-,-,-,23.23194444,69.69722222,,30-11-2021 06:00,47.07
3663,3663,Madhapar,CGWB,24,Gujarat,449,Kachchh,BHUJ,BHUJ,Madhapar,-,-,-,-,-,-,23.23194444,69.69722222,,30-01-2022 07:00,47.02
3664,3664,Madhapar,CGWB,24,Gujarat,449,Kachchh,BHUJ,BHUJ,Madhapar,-,-,-,-,-,-,23.23194444,69.69722222,,30-05-2022 06:00,47.29
3665,3665,Madhapar,CGWB,24,Gujarat,449,Kachchh,BHUJ,BHUJ,Madhapar,-,-,-,-,-,-,23.23194444,69.69722222,,30-08-2022 06:00,46.91
3666,3666,Madhapar,CGWB,24,Gujarat,449,Kachchh,BHUJ,BHUJ,Madhapar,-,-,-,-,-,-,23.23194444,69.69722222,,10-11-2022 06:00,49.23
3667,3667,Madhapar,CGWB,24,Gujarat,449,Kachchh,BHUJ,BHUJ,Madhapar,-,-,-,-,-,-,23.23194444,69.69722222,,30-05-2023 10:00,46.76
3668,3668,Madhi 1,CGWB,24,Gujarat,459,Surat,BARDOLI,BARDOLI,Madhi,-,-,-,-,-,-,21.13361111,73.24861111,,30-08-2023 18:00,4
3669,3669,Magod,CGWB,24,Gujarat,462,Valsad,PARDI,PARDI,Vapi,-,-,-,-,-,-,20.56583333,72.95472222,,30-05-2023 10:00,12.18
3670,3670,Magroda Pz_1,CGWB,24,Gujarat,451,Mahesana,VISNAGAR,-,-,-,-,-,-,-,-,23.61000000,72.50055556,,30-05-2021 06:00,169.05
3671,3671,Magroda Pz_1,CGWB,24,Gujarat,451,Mahesana,VISNAGAR,-,-,-,-,-,-,-,-,23.61000000,72.50055556,,30-08-2021 00:00,168.5
3672,3672,Magroda Pz_1,CGWB,24,Gujarat,451,Mahesana,VISNAGAR,-,-,-,-,-,-,-,-,23.61000000,72.50055556,,10-11-2021 06:00,171.66
3673,3673,Magroda Pz_1,CGWB,24,Gujarat,451,Mahesana,VISNAGAR,-,-,-,-,-,-,-,-,23.61000000,72.50055556,,10-01-2022 06:00,176.5
3674,3674,Magroda Pz_1,CGWB,24,Gujarat,451,Mahesana,VISNAGAR,-,-,-,-,-,-,-,-,23.61000000,72.50055556,,30-05-2022 06:00,173.82
3675,3675,Magroda Pz_1,CGWB,24,Gujarat,451,Mahesana,VISNAGAR,-,-,-,-,-,-,-,-,23.61000000,72.50055556,,30-08-2022 06:00,167.2
3676,3676,Magroda Pz_1,CGWB,24,Gujarat,451,Mahesana,VISNAGAR,-,-,-,-,-,-,-,-,23.61000000,72.50055556,,10-11-2022 06:00,174.5
3677,3677,Maguna,CGWB,24,Gujarat,451,Mahesana,MAHESANA,MAHESANA,Maguna,-,-,-,-,-,-,23.57777778,72.28888889,,10-01-2021 00:00,5.47
3678,3678,Maguna,CGWB,24,Gujarat,451,Mahesana,MAHESANA,MAHESANA,Maguna,-,-,-,-,-,-,23.57777778,72.28888889,,31-08-2021 06:00,6.3
3679,3679,Maguna,CGWB,24,Gujarat,451,Mahesana,MAHESANA,MAHESANA,Maguna,-,-,-,-,-,-,23.57777778,72.28888889,,30-11-2021 06:00,5.21
3680,3680,Maguna,CGWB,24,Gujarat,451,Mahesana,MAHESANA,MAHESANA,Maguna,-,-,-,-,-,-,23.57777778,72.28888889,,30-01-2022 07:00,5.25
3681,3681,Maguna,CGWB,24,Gujarat,451,Mahesana,MAHESANA,MAHESANA,Maguna,-,-,-,-,-,-,23.57777778,72.28888889,,30-05-2022 06:00,6.75
3682,3682,Maguna,CGWB,24,Gujarat,451,Mahesana,MAHESANA,MAHESANA,Maguna,-,-,-,-,-,-,23.57777778,72.28888889,,30-08-2022 06:00,6.6
3683,3683,Maguna,CGWB,24,Gujarat,451,Mahesana,MAHESANA,MAHESANA,Maguna,-,-,-,-,-,-,23.57777778,72.28888889,,10-11-2022 06:00,4.77
3684,3684,Maguna,CGWB,24,Gujarat,451,Mahesana,MAHESANA,MAHESANA,Maguna,-,-,-,-,-,-,23.57777778,72.28888889,,30-05-2023 10:00,5.17
3685,3685,Mahal,CGWB,24,Gujarat,444,Dang,The dangs,The dangs,Mahal,-,-,-,-,-,-,20.91666667,73.67916667,,10-01-2021 00:00,3.82
3686,3686,Mahal,CGWB,24,Gujarat,444,Dang,The dangs,The dangs,Mahal,-,-,-,-,-,-,20.91666667,73.67916667,,31-08-2021 06:00,4.3
3687,3687,Mahal,CGWB,24,Gujarat,444,Dang,The dangs,The dangs,Mahal,-,-,-,-,-,-,20.91666667,73.67916667,,30-11-2021 06:00,3.05
3688,3688,Mahal,CGWB,24,Gujarat,444,Dang,The dangs,The dangs,Mahal,-,-,-,-,-,-,20.91666667,73.67916667,,30-01-2022 07:00,3.2
3689,3689,Mahal,CGWB,24,Gujarat,444,Dang,The dangs,The dangs,Mahal,-,-,-,-,-,-,20.91666667,73.67916667,,30-08-2022 06:00,4.7
3690,3690,Mahal,CGWB,24,Gujarat,444,Dang,The dangs,The dangs,Mahal,-,-,-,-,-,-,20.91666667,73.67916667,,10-11-2022 06:00,3.4
3691,3691,Mahal,CGWB,24,Gujarat,444,Dang,The dangs,The dangs,Mahal,-,-,-,-,-,-,20.91666667,73.67916667,,30-05-2023 10:00,
3692,3692,Mahal,CGWB,24,Gujarat,444,Dang,The dangs,The dangs,Mahal,-,-,-,-,-,-,20.91666667,73.67916667,,30-08-2023 18:00,2.1
3693,3693,Mahegam1,CGWB,24,Gujarat,442,Bharuch,BHARUCH,BHARUCH,Mahegam,-,-,-,-,-,-,21.68333333,72.75833333,,10-01-2021 00:00,0.45
3694,3694,Mahegam1,CGWB,24,Gujarat,442,Bharuch,BHARUCH,BHARUCH,Mahegam,-,-,-,-,-,-,21.68333333,72.75833333,,31-08-2021 06:00,1.65
3695,3695,Mahegam1,CGWB,24,Gujarat,442,Bharuch,BHARUCH,BHARUCH,Mahegam,-,-,-,-,-,-,21.68333333,72.75833333,,30-11-2021 06:00,0.75
3696,3696,Mahegam1,CGWB,24,Gujarat,442,Bharuch,BHARUCH,BHARUCH,Mahegam,-,-,-,-,-,-,21.68333333,72.75833333,,30-01-2022 07:00,4.07
3697,3697,Mahegam1,CGWB,24,Gujarat,442,Bharuch,BHARUCH,BHARUCH,Mahegam,-,-,-,-,-,-,21.68333333,72.75833333,,30-05-2022 06:00,4.88
3698,3698,Mahegam1,CGWB,24,Gujarat,442,Bharuch,BHARUCH,BHARUCH,Mahegam,-,-,-,-,-,-,21.68333333,72.75833333,,30-08-2022 06:00,0.93
3699,3699,Mahegam1,CGWB,24,Gujarat,442,Bharuch,BHARUCH,BHARUCH,Mahegam,-,-,-,-,-,-,21.68333333,72.75833333,,10-11-2022 06:00,3.55
3700,3700,Mahegam1,CGWB,24,Gujarat,442,Bharuch,BHARUCH,BHARUCH,Mahegam,-,-,-,-,-,-,21.68333333,72.75833333,,30-05-2023 10:00,3.9499998
3701,3701,Mahi_Pz,CGWB,24,Gujarat,441,Banaskantha,VADGAM,VADGAM,Mahi,-,-,-,-,-,-,24.02861111,72.38083333,,31-08-2021 06:00,159.96
3702,3702,Mahi_Pz,CGWB,24,Gujarat,441,Banaskantha,VADGAM,VADGAM,Mahi,-,-,-,-,-,-,24.02861111,72.38083333,,30-11-2021 06:00,156.92
3703,3703,Mahi_Pz,CGWB,24,Gujarat,441,Banaskantha,VADGAM,VADGAM,Mahi,-,-,-,-,-,-,24.02861111,72.38083333,,30-01-2022 07:00,161.6
3704,3704,Mahi_Pz,CGWB,24,Gujarat,441,Banaskantha,VADGAM,VADGAM,Mahi,-,-,-,-,-,-,24.02861111,72.38083333,,30-05-2022 06:00,165.23
3705,3705,Mahi_Pz,CGWB,24,Gujarat,441,Banaskantha,VADGAM,VADGAM,Mahi,-,-,-,-,-,-,24.02861111,72.38083333,,30-08-2022 06:00,157.74
3706,3706,Mahi_Pz,CGWB,24,Gujarat,441,Banaskantha,VADGAM,VADGAM,Mahi,-,-,-,-,-,-,24.02861111,72.38083333,,10-11-2022 06:00,158.92
3707,3707,Mahi_Pz,CGWB,24,Gujarat,441,Banaskantha,VADGAM,VADGAM,Mahi,-,-,-,-,-,-,24.02861111,72.38083333,,01-01-2023 00:00,161.81
3708,3708,Mahudha,CGWB,24,Gujarat,450,Kheda,MAHUDHA,MAHUDHA,Mahudha,-,-,-,-,-,-,22.78333333,72.94166667,,10-01-2021 00:00,2.8
3709,3709,Mahudha,CGWB,24,Gujarat,450,Kheda,MAHUDHA,MAHUDHA,Mahudha,-,-,-,-,-,-,22.78333333,72.94166667,,31-08-2021 06:00,3.22
3710,3710,Mahudha,CGWB,24,Gujarat,450,Kheda,MAHUDHA,MAHUDHA,Mahudha,-,-,-,-,-,-,22.78333333,72.94166667,,30-11-2021 06:00,2.81
3711,3711,Mahudha,CGWB,24,Gujarat,450,Kheda,MAHUDHA,MAHUDHA,Mahudha,-,-,-,-,-,-,22.78333333,72.94166667,,30-01-2022 07:00,2.5
3712,3712,Mahudha,CGWB,24,Gujarat,450,Kheda,MAHUDHA,MAHUDHA,Mahudha,-,-,-,-,-,-,22.78333333,72.94166667,,30-05-2022 06:00,4.05
3713,3713,Mahudha,CGWB,24,Gujarat,450,Kheda,MAHUDHA,MAHUDHA,Mahudha,-,-,-,-,-,-,22.78333333,72.94166667,,30-08-2022 06:00,2.2
3714,3714,Mahudha,CGWB,24,Gujarat,450,Kheda,MAHUDHA,MAHUDHA,Mahudha,-,-,-,-,-,-,22.78333333,72.94166667,,10-11-2022 06:00,2.32
3715,3715,Mahudha,CGWB,24,Gujarat,450,Kheda,MAHUDHA,MAHUDHA,Mahudha,-,-,-,-,-,-,22.78333333,72.94166667,,10-01-2023 18:00,3.08
3716,3716,Mahudha,CGWB,24,Gujarat,450,Kheda,MAHUDHA,MAHUDHA,Mahudha,-,-,-,-,-,-,22.78333333,72.94166667,,30-05-2023 10:00,1.85
3717,3717,Mahuva,CGWB,24,Gujarat,443,Bhavnagar,MAHUVA,MAHUVA,Mahuva,-,-,-,-,-,-,21.08333333,71.75833333,,30-08-2022 06:00,7.01
3718,3718,Mahuva1,CGWB,24,Gujarat,443,Bhavnagar,MAHUVA,MAHUVA,Mahuva,-,-,-,-,-,-,21.09583333,71.76666667,,10-01-2021 00:00,6.96
3719,3719,Mahuva1,CGWB,24,Gujarat,443,Bhavnagar,MAHUVA,MAHUVA,Mahuva,-,-,-,-,-,-,21.09583333,71.76666667,,30-01-2022 07:00,8.84
3720,3720,Mahuva1,CGWB,24,Gujarat,443,Bhavnagar,MAHUVA,MAHUVA,Mahuva,-,-,-,-,-,-,21.09583333,71.76666667,,30-05-2022 06:00,9.16
3721,3721,Mahuva1,CGWB,24,Gujarat,443,Bhavnagar,MAHUVA,MAHUVA,Mahuva,-,-,-,-,-,-,21.09583333,71.76666667,,10-11-2022 06:00,6.86
3722,3722,Mahuva1,CGWB,24,Gujarat,443,Bhavnagar,MAHUVA,MAHUVA,Mahuva,-,-,-,-,-,-,21.09583333,71.76666667,,30-05-2023 10:00,8.3
3723,3723,Mahuva2,CGWB,24,Gujarat,459,Surat,MAHUVA,MAHUVA,Mahuva,-,-,-,-,-,-,21.02083333,73.14583333,,10-01-2021 00:00,16.95
3724,3724,Mahuva2,CGWB,24,Gujarat,459,Surat,MAHUVA,MAHUVA,Mahuva,-,-,-,-,-,-,21.02083333,73.14583333,,31-08-2021 06:00,14.92
3725,3725,Mahuva2,CGWB,24,Gujarat,459,Surat,MAHUVA,MAHUVA,Mahuva,-,-,-,-,-,-,21.02083333,73.14583333,,30-11-2021 06:00,14.95
3726,3726,Mahuva2,CGWB,24,Gujarat,459,Surat,MAHUVA,MAHUVA,Mahuva,-,-,-,-,-,-,21.02083333,73.14583333,,30-01-2022 07:00,16.35
3727,3727,Mahuva2,CGWB,24,Gujarat,459,Surat,MAHUVA,MAHUVA,Mahuva,-,-,-,-,-,-,21.02083333,73.14583333,,30-05-2022 06:00,17.65
3728,3728,Mahuva2,CGWB,24,Gujarat,459,Surat,MAHUVA,MAHUVA,Mahuva,-,-,-,-,-,-,21.02083333,73.14583333,,30-08-2022 06:00,11.25
3729,3729,Mahuva2,CGWB,24,Gujarat,459,Surat,MAHUVA,MAHUVA,Mahuva,-,-,-,-,-,-,21.02083333,73.14583333,,10-11-2022 06:00,13.7
3730,3730,Mahuva2,CGWB,24,Gujarat,459,Surat,MAHUVA,MAHUVA,Mahuva,-,-,-,-,-,-,21.02083333,73.14583333,,30-05-2023 10:00,
3731,3731,Mahuva2,CGWB,24,Gujarat,459,Surat,MAHUVA,MAHUVA,Mahuva,-,-,-,-,-,-,21.02083333,73.14583333,,30-08-2023 18:00,13.35
3732,3732,Makni,CGWB,24,Gujarat,461,Vadodara,SANKHEDA,SANKHEDA,Makni,-,-,-,-,-,-,22.22500000,73.67916667,,10-11-2022 06:00,8.37
3733,3733,Makni,CGWB,24,Gujarat,461,Vadodara,SANKHEDA,SANKHEDA,Makni,-,-,-,-,-,-,22.22500000,73.67916667,,30-05-2023 10:00,11.49
3734,3734,Maktupur1,CGWB,24,Gujarat,448,Junagadh,MANGROL,MANGROL,Maktupur,-,-,-,-,-,-,21.14305556,70.09583333,,10-01-2021 00:00,7.5
3735,3735,Maktupur1,CGWB,24,Gujarat,448,Junagadh,MANGROL,MANGROL,Maktupur,-,-,-,-,-,-,21.14305556,70.09583333,,31-08-2021 06:00,3.95
3736,3736,Maktupur1,CGWB,24,Gujarat,448,Junagadh,MANGROL,MANGROL,Maktupur,-,-,-,-,-,-,21.14305556,70.09583333,,30-01-2022 07:00,7.21
3737,3737,Maktupur1,CGWB,24,Gujarat,448,Junagadh,MANGROL,MANGROL,Maktupur,-,-,-,-,-,-,21.14305556,70.09583333,,30-05-2022 06:00,6.85
3738,3738,Maktupur1,CGWB,24,Gujarat,448,Junagadh,MANGROL,MANGROL,Maktupur,-,-,-,-,-,-,21.14305556,70.09583333,,30-08-2022 06:00,5.82
3739,3739,Maktupur1,CGWB,24,Gujarat,448,Junagadh,MANGROL,MANGROL,Maktupur,-,-,-,-,-,-,21.14305556,70.09583333,,10-11-2022 06:00,7.58
3740,3740,Maktupur1,CGWB,24,Gujarat,448,Junagadh,MANGROL,MANGROL,Maktupur,-,-,-,-,-,-,21.14305556,70.09583333,,30-05-2023 10:00,8.1
3741,3741,Malegaon,CGWB,24,Gujarat,444,Dang,The dangs,The dangs,Malegaon,-,-,-,-,-,-,20.60000000,73.74583333,,10-01-2021 00:00,0.44
3742,3742,Malegaon,CGWB,24,Gujarat,444,Dang,The dangs,The dangs,Malegaon,-,-,-,-,-,-,20.60000000,73.74583333,,31-08-2021 06:00,1.34
3743,3743,Malegaon,CGWB,24,Gujarat,444,Dang,The dangs,The dangs,Malegaon,-,-,-,-,-,-,20.60000000,73.74583333,,30-11-2021 06:00,0.4
3744,3744,Malegaon,CGWB,24,Gujarat,444,Dang,The dangs,The dangs,Malegaon,-,-,-,-,-,-,20.60000000,73.74583333,,30-01-2022 07:00,0.95
3745,3745,Malegaon,CGWB,24,Gujarat,444,Dang,The dangs,The dangs,Malegaon,-,-,-,-,-,-,20.60000000,73.74583333,,30-05-2022 06:00,2.32
3746,3746,Malegaon,CGWB,24,Gujarat,444,Dang,The dangs,The dangs,Malegaon,-,-,-,-,-,-,20.60000000,73.74583333,,30-08-2022 06:00,0.2
3747,3747,Malegaon,CGWB,24,Gujarat,444,Dang,The dangs,The dangs,Malegaon,-,-,-,-,-,-,20.60000000,73.74583333,,10-11-2022 06:00,0.2
3748,3748,Malegaon,CGWB,24,Gujarat,444,Dang,The dangs,The dangs,Malegaon,-,-,-,-,-,-,20.60000000,73.74583333,,30-05-2023 10:00,5.15
3749,3749,Malegaon,CGWB,24,Gujarat,444,Dang,The dangs,The dangs,Malegaon,-,-,-,-,-,-,20.60000000,73.74583333,,30-08-2023 18:00,0.5
3750,3750,Malekpur1,CGWB,24,Gujarat,454,Panchmahals,LUNAWADA,LUNAWADA,Malekpur,-,-,-,-,-,-,23.23055556,73.73611111,,10-01-2021 00:00,2.65
3751,3751,Malekpur1,CGWB,24,Gujarat,454,Panchmahals,LUNAWADA,LUNAWADA,Malekpur,-,-,-,-,-,-,23.23055556,73.73611111,,31-08-2021 06:00,2.85
3752,3752,Malekpur1,CGWB,24,Gujarat,454,Panchmahals,LUNAWADA,LUNAWADA,Malekpur,-,-,-,-,-,-,23.23055556,73.73611111,,30-11-2021 06:00,2.8
3753,3753,Malekpur1,CGWB,24,Gujarat,454,Panchmahals,LUNAWADA,LUNAWADA,Malekpur,-,-,-,-,-,-,23.23055556,73.73611111,,30-01-2022 07:00,3.2
3754,3754,Malekpur1,CGWB,24,Gujarat,454,Panchmahals,LUNAWADA,LUNAWADA,Malekpur,-,-,-,-,-,-,23.23055556,73.73611111,,30-05-2022 06:00,3.4
3755,3755,Malekpur1,CGWB,24,Gujarat,454,Panchmahals,LUNAWADA,LUNAWADA,Malekpur,-,-,-,-,-,-,23.23055556,73.73611111,,30-08-2022 06:00,4.4
3756,3756,Malekpur1,CGWB,24,Gujarat,454,Panchmahals,LUNAWADA,LUNAWADA,Malekpur,-,-,-,-,-,-,23.23055556,73.73611111,,10-11-2022 06:00,1.45
3757,3757,Malekpur1,CGWB,24,Gujarat,454,Panchmahals,LUNAWADA,LUNAWADA,Malekpur,-,-,-,-,-,-,23.23055556,73.73611111,,10-01-2023 18:00,1.89
3758,3758,Malekpur1,CGWB,24,Gujarat,454,Panchmahals,LUNAWADA,LUNAWADA,Malekpur,-,-,-,-,-,-,23.23055556,73.73611111,,30-05-2023 10:00,2.8
3759,3759,Malia,CGWB,24,Gujarat,457,Rajkot,MALIYA,MALIYA,Malia,-,-,-,-,-,-,23.09166667,70.76250000,,10-01-2021 00:00,2.35
3760,3760,Malia,CGWB,24,Gujarat,457,Rajkot,MALIYA,MALIYA,Malia,-,-,-,-,-,-,23.09166667,70.76250000,,31-08-2021 06:00,2.9
3761,3761,Malia,CGWB,24,Gujarat,457,Rajkot,MALIYA,MALIYA,Malia,-,-,-,-,-,-,23.09166667,70.76250000,,30-11-2021 06:00,2.91
3762,3762,Malia,CGWB,24,Gujarat,457,Rajkot,MALIYA,MALIYA,Malia,-,-,-,-,-,-,23.09166667,70.76250000,,30-01-2022 07:00,4.02
3763,3763,Malia,CGWB,24,Gujarat,457,Rajkot,MALIYA,MALIYA,Malia,-,-,-,-,-,-,23.09166667,70.76250000,,30-05-2022 06:00,7.2
3764,3764,Malia,CGWB,24,Gujarat,457,Rajkot,MALIYA,MALIYA,Malia,-,-,-,-,-,-,23.09166667,70.76250000,,30-08-2022 06:00,1.13
3765,3765,Malia,CGWB,24,Gujarat,457,Rajkot,MALIYA,MALIYA,Malia,-,-,-,-,-,-,23.09166667,70.76250000,,10-11-2022 06:00,1.65
3766,3766,Malia,CGWB,24,Gujarat,457,Rajkot,MALIYA,MALIYA,Malia,-,-,-,-,-,-,23.09166667,70.76250000,,30-05-2023 10:00,2.3
3767,3767,Malpur_1,CGWB,24,Gujarat,458,Sabarkantha,MALPUR,MALPUR,Malpur,-,-,-,-,-,-,23.34472222,73.46444444,,10-01-2021 00:00,13.57
3768,3768,Malpur_1,CGWB,24,Gujarat,458,Sabarkantha,MALPUR,MALPUR,Malpur,-,-,-,-,-,-,23.34472222,73.46444444,,30-11-2021 06:00,21.2
3769,3769,Malpur_1,CGWB,24,Gujarat,458,Sabarkantha,MALPUR,MALPUR,Malpur,-,-,-,-,-,-,23.34472222,73.46444444,,30-08-2022 06:00,2.98
3770,3770,Malpur_1,CGWB,24,Gujarat,458,Sabarkantha,MALPUR,MALPUR,Malpur,-,-,-,-,-,-,23.34472222,73.46444444,,10-01-2023 18:00,3.8
3771,3771,Malpur_1,CGWB,24,Gujarat,458,Sabarkantha,MALPUR,MALPUR,Malpur,-,-,-,-,-,-,23.34472222,73.46444444,,30-05-2023 10:00,6.05
3772,3772,Malpur_Pz,CGWB,24,Gujarat,458,Sabarkantha,MALPUR,MALPUR,Malpur,-,-,-,-,-,-,23.34166667,73.46805556,,10-01-2021 00:00,8.7
3773,3773,Malpur_Pz,CGWB,24,Gujarat,458,Sabarkantha,MALPUR,MALPUR,Malpur,-,-,-,-,-,-,23.34166667,73.46805556,,30-11-2021 06:00,11.05
3774,3774,Malpur_Pz,CGWB,24,Gujarat,458,Sabarkantha,MALPUR,MALPUR,Malpur,-,-,-,-,-,-,23.34166667,73.46805556,,30-05-2022 06:00,19.33
3775,3775,Malpur_Pz,CGWB,24,Gujarat,458,Sabarkantha,MALPUR,MALPUR,Malpur,-,-,-,-,-,-,23.34166667,73.46805556,,10-11-2022 06:00,7.15
3776,3776,Malpur_Pz,CGWB,24,Gujarat,458,Sabarkantha,MALPUR,MALPUR,Malpur,-,-,-,-,-,-,23.34166667,73.46805556,,10-01-2023 18:00,9.02
3777,3777,Malvav_Pz,CGWB,24,Gujarat,443,Bhavnagar,MAHUVA,MAHUVA,Malvav,-,-,-,-,-,-,21.16055556,71.90833333,,10-01-2021 00:00,18.69
3778,3778,Malwan Kakwadi,CGWB,24,Gujarat,462,Valsad,PARDI,PARDI,Karwad,-,-,-,-,-,-,20.32916667,72.81472222,,30-05-2023 10:00,5.55
3779,3779,Manav Khadak,CGWB,24,Gujarat,453,Navsari,CHIKHLI,CHIKHLI,Manav Khadak,-,-,-,-,-,-,20.67416667,73.23333333,,10-01-2021 00:00,2.82
3780,3780,Manav Khadak,CGWB,24,Gujarat,453,Navsari,CHIKHLI,CHIKHLI,Manav Khadak,-,-,-,-,-,-,20.67416667,73.23333333,,31-08-2021 06:00,1.8
3781,3781,Manav Khadak,CGWB,24,Gujarat,453,Navsari,CHIKHLI,CHIKHLI,Manav Khadak,-,-,-,-,-,-,20.67416667,73.23333333,,30-11-2021 06:00,2.8
3782,3782,Manav Khadak,CGWB,24,Gujarat,453,Navsari,CHIKHLI,CHIKHLI,Manav Khadak,-,-,-,-,-,-,20.67416667,73.23333333,,30-01-2022 07:00,3.3
3783,3783,Manav Khadak,CGWB,24,Gujarat,453,Navsari,CHIKHLI,CHIKHLI,Manav Khadak,-,-,-,-,-,-,20.67416667,73.23333333,,30-05-2022 06:00,3.02
3784,3784,Manav Khadak,CGWB,24,Gujarat,453,Navsari,CHIKHLI,CHIKHLI,Manav Khadak,-,-,-,-,-,-,20.67416667,73.23333333,,30-08-2022 06:00,1.98
3785,3785,Manav Khadak,CGWB,24,Gujarat,453,Navsari,CHIKHLI,CHIKHLI,Manav Khadak,-,-,-,-,-,-,20.67416667,73.23333333,,10-11-2022 06:00,2.7
3786,3786,Manav Khadak,CGWB,24,Gujarat,453,Navsari,CHIKHLI,CHIKHLI,Manav Khadak,-,-,-,-,-,-,20.67416667,73.23333333,,30-05-2023 10:00,3.1499999
3787,3787,Manav Khadak,CGWB,24,Gujarat,453,Navsari,CHIKHLI,CHIKHLI,Manav Khadak,-,-,-,-,-,-,20.67416667,73.23333333,,30-08-2023 18:00,1.8000001
3788,3788,Mandal,CGWB,24,Gujarat,439,Amreli,RAJULA,RAJULA,Mandal,-,-,-,-,-,-,21.10000000,71.58333333,,10-01-2021 00:00,7.75
3789,3789,Mandal,CGWB,24,Gujarat,439,Amreli,RAJULA,RAJULA,Mandal,-,-,-,-,-,-,21.10000000,71.58333333,,31-08-2021 06:00,7.58
3790,3790,Mandal,CGWB,24,Gujarat,439,Amreli,RAJULA,RAJULA,Mandal,-,-,-,-,-,-,21.10000000,71.58333333,,30-11-2021 06:00,6.4
3791,3791,Mandal,CGWB,24,Gujarat,439,Amreli,RAJULA,RAJULA,Mandal,-,-,-,-,-,-,21.10000000,71.58333333,,30-01-2022 07:00,9.36
3792,3792,Mandal,CGWB,24,Gujarat,439,Amreli,RAJULA,RAJULA,Mandal,-,-,-,-,-,-,21.10000000,71.58333333,,30-05-2022 06:00,9.87
3793,3793,Mandal,CGWB,24,Gujarat,439,Amreli,RAJULA,RAJULA,Mandal,-,-,-,-,-,-,21.10000000,71.58333333,,30-08-2022 06:00,7.98
3794,3794,Mandal,CGWB,24,Gujarat,439,Amreli,RAJULA,RAJULA,Mandal,-,-,-,-,-,-,21.10000000,71.58333333,,30-05-2023 10:00,17.57
3795,3795,Mandal2,CGWB,24,Gujarat,438,Ahmedabad,MANDAL,MANDAL,Mandal,-,-,-,-,-,-,23.27500000,71.91666667,,10-01-2021 00:00,2.7
3796,3796,Mandawad,CGWB,24,Gujarat,448,Junagadh,VISAVADAR,VISAVADAR,Mandawad,-,-,-,-,-,-,21.35833333,70.74583333,,10-01-2021 00:00,12.51
3797,3797,Mandawad,CGWB,24,Gujarat,448,Junagadh,VISAVADAR,VISAVADAR,Mandawad,-,-,-,-,-,-,21.35833333,70.74583333,,31-08-2021 06:00,12.96
3798,3798,Mandawad,CGWB,24,Gujarat,448,Junagadh,VISAVADAR,VISAVADAR,Mandawad,-,-,-,-,-,-,21.35833333,70.74583333,,30-01-2022 07:00,14.51
3799,3799,Mandawad,CGWB,24,Gujarat,448,Junagadh,VISAVADAR,VISAVADAR,Mandawad,-,-,-,-,-,-,21.35833333,70.74583333,,30-08-2022 06:00,4.54
3800,3800,Mandawad,CGWB,24,Gujarat,448,Junagadh,VISAVADAR,VISAVADAR,Mandawad,-,-,-,-,-,-,21.35833333,70.74583333,,10-11-2022 06:00,12.18
3801,3801,Mandawad,CGWB,24,Gujarat,448,Junagadh,VISAVADAR,VISAVADAR,Mandawad,-,-,-,-,-,-,21.35833333,70.74583333,,30-05-2023 10:00,
3802,3802,Mandvi,CGWB,24,Gujarat,449,Kachchh,MANDVI,MANDVI,Mandvi,-,-,-,-,-,-,22.84222222,69.37083333,,10-01-2021 00:00,20.85
3803,3803,Mandvi,CGWB,24,Gujarat,449,Kachchh,MANDVI,MANDVI,Mandvi,-,-,-,-,-,-,22.84222222,69.37083333,,30-11-2021 06:00,20.95
3804,3804,Mandvi,CGWB,24,Gujarat,449,Kachchh,MANDVI,MANDVI,Mandvi,-,-,-,-,-,-,22.84222222,69.37083333,,30-01-2022 07:00,21.02
3805,3805,Mandvi,CGWB,24,Gujarat,449,Kachchh,MANDVI,MANDVI,Mandvi,-,-,-,-,-,-,22.84222222,69.37083333,,30-05-2022 06:00,20.45
3806,3806,Mandvi,CGWB,24,Gujarat,449,Kachchh,MANDVI,MANDVI,Mandvi,-,-,-,-,-,-,22.84222222,69.37083333,,30-08-2022 06:00,16.16
3807,3807,Mandvi,CGWB,24,Gujarat,449,Kachchh,MANDVI,MANDVI,Mandvi,-,-,-,-,-,-,22.84222222,69.37083333,,10-11-2022 06:00,17.87
3808,3808,Mandvi,CGWB,24,Gujarat,449,Kachchh,MANDVI,MANDVI,Mandvi,-,-,-,-,-,-,22.84222222,69.37083333,,30-05-2023 10:00,18.6
3809,3809,Mandvi (Mahadev Temple),CGWB,24,Gujarat,449,Kachchh,MANDVI,MANDVI,Mandvi,-,-,-,-,-,-,22.83333333,69.33333333,,30-01-2022 07:00,5.53
3810,3810,Mandvi (Mahadev Temple),CGWB,24,Gujarat,449,Kachchh,MANDVI,MANDVI,Mandvi,-,-,-,-,-,-,22.83333333,69.33333333,,30-05-2022 06:00,8.63
3811,3811,Mandvi (Mahadev Temple),CGWB,24,Gujarat,449,Kachchh,MANDVI,MANDVI,Mandvi,-,-,-,-,-,-,22.83333333,69.33333333,,10-11-2022 06:00,2.18
3812,3812,Mandvi (Shitla Mata),CGWB,24,Gujarat,449,Kachchh,MANDVI,MANDVI,Mandvi,-,-,-,-,-,-,22.83333333,69.33333333,,31-08-2021 06:00,4.36
3813,3813,Mandvi (Shitla Mata),CGWB,24,Gujarat,449,Kachchh,MANDVI,MANDVI,Mandvi,-,-,-,-,-,-,22.83333333,69.33333333,,30-11-2021 06:00,3.72
3814,3814,Mandvi (Shitla Mata),CGWB,24,Gujarat,449,Kachchh,MANDVI,MANDVI,Mandvi,-,-,-,-,-,-,22.83333333,69.33333333,,30-08-2022 06:00,0.34
3815,3815,Mandwa,CGWB,24,Gujarat,462,Valsad,KAPRADA,KAPRADA,Mandwa,-,-,-,-,-,-,20.36666667,73.17500000,,30-01-2022 07:00,7.5
3816,3816,Mandwa,CGWB,24,Gujarat,462,Valsad,KAPRADA,KAPRADA,Mandwa,-,-,-,-,-,-,20.36666667,73.17500000,,30-05-2022 06:00,10.65
3817,3817,Mandwa,CGWB,24,Gujarat,462,Valsad,KAPRADA,KAPRADA,Mandwa,-,-,-,-,-,-,20.36666667,73.17500000,,30-08-2022 06:00,7.05
3818,3818,Mandwa,CGWB,24,Gujarat,462,Valsad,KAPRADA,KAPRADA,Mandwa,-,-,-,-,-,-,20.36666667,73.17500000,,10-11-2022 06:00,10.75
3819,3819,Mandwa,CGWB,24,Gujarat,462,Valsad,KAPRADA,KAPRADA,Mandwa,-,-,-,-,-,-,20.36666667,73.17500000,,30-05-2023 10:00,
3820,3820,Mandwa 1,CGWB,24,Gujarat,462,Valsad,KAPRADA,KAPRADA,Mandwa,-,-,-,-,-,-,20.36583333,73.18000000,,31-08-2021 06:00,3.59
3821,3821,Mandwa 1,CGWB,24,Gujarat,462,Valsad,KAPRADA,KAPRADA,Mandwa,-,-,-,-,-,-,20.36583333,73.18000000,,30-11-2021 06:00,2.15
3822,3822,Mangrol,CGWB,24,Gujarat,448,Junagadh,MANGROL,MANGROL,Mangrol,-,-,-,-,-,-,21.12500000,70.10833333,,10-01-2021 00:00,16.72
3823,3823,Mangrol,CGWB,24,Gujarat,448,Junagadh,MANGROL,MANGROL,Mangrol,-,-,-,-,-,-,21.12500000,70.10833333,,31-08-2021 06:00,14.24
3824,3824,Mangrol,CGWB,24,Gujarat,448,Junagadh,MANGROL,MANGROL,Mangrol,-,-,-,-,-,-,21.12500000,70.10833333,,30-11-2021 06:00,15.5
3825,3825,Mangrol,CGWB,24,Gujarat,448,Junagadh,MANGROL,MANGROL,Mangrol,-,-,-,-,-,-,21.12500000,70.10833333,,30-01-2022 07:00,16.25
3826,3826,Mangrol,CGWB,24,Gujarat,448,Junagadh,MANGROL,MANGROL,Mangrol,-,-,-,-,-,-,21.12500000,70.10833333,,30-05-2022 06:00,16.85
3827,3827,Mangrol,CGWB,24,Gujarat,448,Junagadh,MANGROL,MANGROL,Mangrol,-,-,-,-,-,-,21.12500000,70.10833333,,30-08-2022 06:00,15.19
3828,3828,Mangrol,CGWB,24,Gujarat,448,Junagadh,MANGROL,MANGROL,Mangrol,-,-,-,-,-,-,21.12500000,70.10833333,,10-11-2022 06:00,16.42
3829,3829,Mangrol,CGWB,24,Gujarat,448,Junagadh,MANGROL,MANGROL,Mangrol,-,-,-,-,-,-,21.12500000,70.10833333,,30-05-2023 10:00,17.300001
3830,3830,Mangrol1,CGWB,24,Gujarat,448,Junagadh,MANGROL,MANGROL,Mangrol,-,-,-,-,-,-,21.13055556,70.11944444,,10-01-2021 00:00,9.59
3831,3831,Mangrol1,CGWB,24,Gujarat,448,Junagadh,MANGROL,MANGROL,Mangrol,-,-,-,-,-,-,21.13055556,70.11944444,,31-08-2021 06:00,6.79
3832,3832,Mangrol1,CGWB,24,Gujarat,448,Junagadh,MANGROL,MANGROL,Mangrol,-,-,-,-,-,-,21.13055556,70.11944444,,30-01-2022 07:00,8.86
3833,3833,Mangrol1,CGWB,24,Gujarat,448,Junagadh,MANGROL,MANGROL,Mangrol,-,-,-,-,-,-,21.13055556,70.11944444,,30-05-2022 06:00,9.57
3834,3834,Manila Pz,CGWB,24,Gujarat,439,Amreli,DHARI,DHARI,Manila Pz,-,-,-,-,-,-,21.43333333,71.16666667,,10-01-2021 00:00,22.51
3835,3835,Manila Pz,CGWB,24,Gujarat,439,Amreli,DHARI,DHARI,Manila Pz,-,-,-,-,-,-,21.43333333,71.16666667,,31-08-2021 06:00,18.38
3836,3836,Manila Pz,CGWB,24,Gujarat,439,Amreli,DHARI,DHARI,Manila Pz,-,-,-,-,-,-,21.43333333,71.16666667,,30-11-2021 06:00,17.4
3837,3837,Manila Pz,CGWB,24,Gujarat,439,Amreli,DHARI,DHARI,Manila Pz,-,-,-,-,-,-,21.43333333,71.16666667,,30-01-2022 07:00,18.53
3838,3838,Manila Pz,CGWB,24,Gujarat,439,Amreli,DHARI,DHARI,Manila Pz,-,-,-,-,-,-,21.43333333,71.16666667,,30-05-2022 06:00,18.75
3839,3839,Manila Pz,CGWB,24,Gujarat,439,Amreli,DHARI,DHARI,Manila Pz,-,-,-,-,-,-,21.43333333,71.16666667,,30-05-2023 10:00,18.449999
3840,3840,Manketara,CGWB,24,Gujarat,448,Junagadh,MANGROL,MANGROL,Manketara,-,-,-,-,-,-,21.15000000,70.12916667,,10-01-2021 00:00,14.43
3841,3841,Manketara,CGWB,24,Gujarat,448,Junagadh,MANGROL,MANGROL,Manketara,-,-,-,-,-,-,21.15000000,70.12916667,,31-08-2021 06:00,16.25
3842,3842,Manketara,CGWB,24,Gujarat,448,Junagadh,MANGROL,MANGROL,Manketara,-,-,-,-,-,-,21.15000000,70.12916667,,30-01-2022 07:00,9.72
3843,3843,Manketara,CGWB,24,Gujarat,448,Junagadh,MANGROL,MANGROL,Manketara,-,-,-,-,-,-,21.15000000,70.12916667,,30-05-2022 06:00,25.9
3844,3844,Manketara,CGWB,24,Gujarat,448,Junagadh,MANGROL,MANGROL,Manketara,-,-,-,-,-,-,21.15000000,70.12916667,,30-08-2022 06:00,10.75
3845,3845,Manketara,CGWB,24,Gujarat,448,Junagadh,MANGROL,MANGROL,Manketara,-,-,-,-,-,-,21.15000000,70.12916667,,10-11-2022 06:00,12.36
3846,3846,Manketara,CGWB,24,Gujarat,448,Junagadh,MANGROL,MANGROL,Manketara,-,-,-,-,-,-,21.15000000,70.12916667,,30-05-2023 10:00,32.4
3847,3847,Mansa,CGWB,24,Gujarat,446,Gandhinagar,MANSA,MANSA,Mansa,-,-,-,-,-,-,23.42305556,72.66500000,,10-01-2021 00:00,119.54
3848,3848,Mansa,CGWB,24,Gujarat,446,Gandhinagar,MANSA,MANSA,Mansa,-,-,-,-,-,-,23.42305556,72.66500000,,31-08-2021 06:00,120.01
3849,3849,Mansa,CGWB,24,Gujarat,446,Gandhinagar,MANSA,MANSA,Mansa,-,-,-,-,-,-,23.42305556,72.66500000,,30-11-2021 06:00,120.55
3850,3850,Mansa,CGWB,24,Gujarat,446,Gandhinagar,MANSA,MANSA,Mansa,-,-,-,-,-,-,23.42305556,72.66500000,,30-01-2022 07:00,119.44
3851,3851,Mansa,CGWB,24,Gujarat,446,Gandhinagar,MANSA,MANSA,Mansa,-,-,-,-,-,-,23.42305556,72.66500000,,30-05-2022 06:00,126.45
3852,3852,Mansa,CGWB,24,Gujarat,446,Gandhinagar,MANSA,MANSA,Mansa,-,-,-,-,-,-,23.42305556,72.66500000,,30-08-2022 06:00,124.69
3853,3853,Mansa,CGWB,24,Gujarat,446,Gandhinagar,MANSA,MANSA,Mansa,-,-,-,-,-,-,23.42305556,72.66500000,,10-11-2022 06:00,125.28
3854,3854,Mansa,CGWB,24,Gujarat,446,Gandhinagar,MANSA,MANSA,Mansa,-,-,-,-,-,-,23.42305556,72.66500000,,10-01-2023 18:00,127.72
3855,3855,Mansa,CGWB,24,Gujarat,446,Gandhinagar,MANSA,MANSA,Mansa,-,-,-,-,-,-,23.42305556,72.66500000,,30-05-2023 10:00,11.65
3856,3856,Masor,CGWB,24,Gujarat,461,Vadodara,PADRA,PADRA,Masor,-,-,-,-,-,-,22.14166667,72.90833333,,10-01-2021 00:00,9.45
3857,3857,Masor,CGWB,24,Gujarat,461,Vadodara,PADRA,PADRA,Masor,-,-,-,-,-,-,22.14166667,72.90833333,,31-08-2021 06:00,10.75
3858,3858,Masor,CGWB,24,Gujarat,461,Vadodara,PADRA,PADRA,Masor,-,-,-,-,-,-,22.14166667,72.90833333,,30-11-2021 06:00,9.05
3859,3859,Masor,CGWB,24,Gujarat,461,Vadodara,PADRA,PADRA,Masor,-,-,-,-,-,-,22.14166667,72.90833333,,30-01-2022 07:00,8.09
3860,3860,Masor,CGWB,24,Gujarat,461,Vadodara,PADRA,PADRA,Masor,-,-,-,-,-,-,22.14166667,72.90833333,,30-08-2022 06:00,8.19
3861,3861,Masor,CGWB,24,Gujarat,461,Vadodara,PADRA,PADRA,Masor,-,-,-,-,-,-,22.14166667,72.90833333,,10-11-2022 06:00,12.85
3862,3862,Masor,CGWB,24,Gujarat,461,Vadodara,PADRA,PADRA,Masor,-,-,-,-,-,-,22.14166667,72.90833333,,30-05-2023 10:00,10.45
3863,3863,Mata faliya(Amba Jungle),CGWB,24,Gujarat,462,Valsad,KAPRADA,KAPRADA,Fali,-,-,-,-,-,-,20.30000000,73.30027778,,30-05-2023 10:00,12.2
3864,3864,Mata no madh,CGWB,24,Gujarat,449,Kachchh,LAKHPAT,LAKHPAT,Mata no madh,-,-,-,-,-,-,23.53333333,68.95000000,,10-01-2021 00:00,6.59
3865,3865,Mata no madh,CGWB,24,Gujarat,449,Kachchh,LAKHPAT,LAKHPAT,Mata no madh,-,-,-,-,-,-,23.53333333,68.95000000,,31-08-2021 06:00,9.79
3866,3866,Mata no madh,CGWB,24,Gujarat,449,Kachchh,LAKHPAT,LAKHPAT,Mata no madh,-,-,-,-,-,-,23.53333333,68.95000000,,30-11-2021 06:00,8.47
3867,3867,Mata no madh,CGWB,24,Gujarat,449,Kachchh,LAKHPAT,LAKHPAT,Mata no madh,-,-,-,-,-,-,23.53333333,68.95000000,,30-01-2022 07:00,6.92
3868,3868,Mata no madh,CGWB,24,Gujarat,449,Kachchh,LAKHPAT,LAKHPAT,Mata no madh,-,-,-,-,-,-,23.53333333,68.95000000,,30-05-2022 06:00,9.32
3869,3869,Mata no madh,CGWB,24,Gujarat,449,Kachchh,LAKHPAT,LAKHPAT,Mata no madh,-,-,-,-,-,-,23.53333333,68.95000000,,30-05-2023 10:00,6.33
3870,3870,Matar I,CGWB,24,Gujarat,450,Kheda,MATAR,MATAR,Matar I,-,-,-,-,-,-,22.70972222,72.66805556,,10-01-2021 00:00,16.92
3871,3871,Matar I,CGWB,24,Gujarat,450,Kheda,MATAR,MATAR,Matar I,-,-,-,-,-,-,22.70972222,72.66805556,,31-08-2021 06:00,21.85
3872,3872,Matar I,CGWB,24,Gujarat,450,Kheda,MATAR,MATAR,Matar I,-,-,-,-,-,-,22.70972222,72.66805556,,30-11-2021 06:00,15.38
3873,3873,Matar I,CGWB,24,Gujarat,450,Kheda,MATAR,MATAR,Matar I,-,-,-,-,-,-,22.70972222,72.66805556,,30-01-2022 07:00,15.62
3874,3874,Matar I,CGWB,24,Gujarat,450,Kheda,MATAR,MATAR,Matar I,-,-,-,-,-,-,22.70972222,72.66805556,,10-01-2023 18:00,17.24
3875,3875,Matar I,CGWB,24,Gujarat,450,Kheda,MATAR,MATAR,Matar I,-,-,-,-,-,-,22.70972222,72.66805556,,30-05-2023 10:00,16.76
3876,3876,Matar II,CGWB,24,Gujarat,450,Kheda,MATAR,MATAR,Matar II,-,-,-,-,-,-,22.70972222,72.66805556,,10-01-2021 00:00,6.4
3877,3877,Matar II,CGWB,24,Gujarat,450,Kheda,MATAR,MATAR,Matar II,-,-,-,-,-,-,22.70972222,72.66805556,,31-08-2021 06:00,5.34
3878,3878,Matar II,CGWB,24,Gujarat,450,Kheda,MATAR,MATAR,Matar II,-,-,-,-,-,-,22.70972222,72.66805556,,30-11-2021 06:00,3.84
3879,3879,Matar II,CGWB,24,Gujarat,450,Kheda,MATAR,MATAR,Matar II,-,-,-,-,-,-,22.70972222,72.66805556,,30-01-2022 07:00,4.55
3880,3880,Matar II,CGWB,24,Gujarat,450,Kheda,MATAR,MATAR,Matar II,-,-,-,-,-,-,22.70972222,72.66805556,,10-01-2023 18:00,4.43
3881,3881,Matar II,CGWB,24,Gujarat,450,Kheda,MATAR,MATAR,Matar II,-,-,-,-,-,-,22.70972222,72.66805556,,30-05-2023 10:00,11.02
3882,3882,Matarwadi II,CGWB,24,Gujarat,455,Patan,PATAN,PATAN,Matarwadi I,-,-,-,-,-,-,23.86833333,72.14722222,,10-01-2021 00:00,102.62
3883,3883,Mathak,CGWB,24,Gujarat,460,Surendranagar,HALVAD,HALVAD,Mathak,-,-,-,-,-,-,22.84000000,71.05777778,,10-01-2021 00:00,9.5
3884,3884,Mathak,CGWB,24,Gujarat,460,Surendranagar,HALVAD,HALVAD,Mathak,-,-,-,-,-,-,22.84000000,71.05777778,,31-08-2021 06:00,8.18
3885,3885,Mathak,CGWB,24,Gujarat,460,Surendranagar,HALVAD,HALVAD,Mathak,-,-,-,-,-,-,22.84000000,71.05777778,,30-11-2021 06:00,8.82
3886,3886,Mathak,CGWB,24,Gujarat,460,Surendranagar,HALVAD,HALVAD,Mathak,-,-,-,-,-,-,22.84000000,71.05777778,,30-01-2022 07:00,9.65
3887,3887,Mathak,CGWB,24,Gujarat,460,Surendranagar,HALVAD,HALVAD,Mathak,-,-,-,-,-,-,22.84000000,71.05777778,,30-08-2022 06:00,9.1
3888,3888,Mathak1,CGWB,24,Gujarat,449,Kachchh,ANJAR,ANJAR,Mathak,-,-,-,-,-,-,22.99722222,70.02500000,,31-08-2021 06:00,11.65
3889,3889,Mathak1,CGWB,24,Gujarat,449,Kachchh,ANJAR,ANJAR,Mathak,-,-,-,-,-,-,22.99722222,70.02500000,,30-11-2021 06:00,11.65
3890,3890,Mathak1,CGWB,24,Gujarat,449,Kachchh,ANJAR,ANJAR,Mathak,-,-,-,-,-,-,22.99722222,70.02500000,,30-01-2022 07:00,11.65
3891,3891,Mathasuliya,CGWB,24,Gujarat,458,Sabarkantha,HIMATNAGAR,HIMATNAGAR,Mathasuliya,-,-,-,-,-,-,23.60250000,73.15444444,,10-01-2021 00:00,4.3
3892,3892,Mathasuliya,CGWB,24,Gujarat,458,Sabarkantha,HIMATNAGAR,HIMATNAGAR,Mathasuliya,-,-,-,-,-,-,23.60250000,73.15444444,,31-08-2021 06:00,6.78
3893,3893,Mathasuliya,CGWB,24,Gujarat,458,Sabarkantha,HIMATNAGAR,HIMATNAGAR,Mathasuliya,-,-,-,-,-,-,23.60250000,73.15444444,,30-11-2021 06:00,5.6
3894,3894,Mathasuliya,CGWB,24,Gujarat,458,Sabarkantha,HIMATNAGAR,HIMATNAGAR,Mathasuliya,-,-,-,-,-,-,23.60250000,73.15444444,,30-01-2022 07:00,6.33
3895,3895,Mathasuliya,CGWB,24,Gujarat,458,Sabarkantha,HIMATNAGAR,HIMATNAGAR,Mathasuliya,-,-,-,-,-,-,23.60250000,73.15444444,,30-05-2022 06:00,10.93
3896,3896,Mathasuliya,CGWB,24,Gujarat,458,Sabarkantha,HIMATNAGAR,HIMATNAGAR,Mathasuliya,-,-,-,-,-,-,23.60250000,73.15444444,,30-08-2022 06:00,1.34
3897,3897,Mathasuliya,CGWB,24,Gujarat,458,Sabarkantha,HIMATNAGAR,HIMATNAGAR,Mathasuliya,-,-,-,-,-,-,23.60250000,73.15444444,,10-11-2022 06:00,2.81
3898,3898,Mathasuliya,CGWB,24,Gujarat,458,Sabarkantha,HIMATNAGAR,HIMATNAGAR,Mathasuliya,-,-,-,-,-,-,23.60250000,73.15444444,,10-01-2023 18:00,3.51
3899,3899,Mathasuliya,CGWB,24,Gujarat,458,Sabarkantha,HIMATNAGAR,HIMATNAGAR,Mathasuliya,-,-,-,-,-,-,23.60250000,73.15444444,,30-05-2023 10:00,7.4300003
3900,3900,Matoda,CGWB,24,Gujarat,458,Sabarkantha,KHEDBRAHMA,KHEDBRAHMA,Matoda,-,-,-,-,-,-,24.11111111,73.00833333,,10-01-2021 00:00,11.28
3901,3901,Matoda,CGWB,24,Gujarat,458,Sabarkantha,KHEDBRAHMA,KHEDBRAHMA,Matoda,-,-,-,-,-,-,24.11111111,73.00833333,,31-08-2021 06:00,17
3902,3902,Matoda,CGWB,24,Gujarat,458,Sabarkantha,KHEDBRAHMA,KHEDBRAHMA,Matoda,-,-,-,-,-,-,24.11111111,73.00833333,,30-11-2021 06:00,13.4
3903,3903,Matoda,CGWB,24,Gujarat,458,Sabarkantha,KHEDBRAHMA,KHEDBRAHMA,Matoda,-,-,-,-,-,-,24.11111111,73.00833333,,30-01-2022 07:00,15.3
3904,3904,Matoda,CGWB,24,Gujarat,458,Sabarkantha,KHEDBRAHMA,KHEDBRAHMA,Matoda,-,-,-,-,-,-,24.11111111,73.00833333,,30-05-2022 06:00,17.3
3905,3905,Matoda,CGWB,24,Gujarat,458,Sabarkantha,KHEDBRAHMA,KHEDBRAHMA,Matoda,-,-,-,-,-,-,24.11111111,73.00833333,,30-08-2022 06:00,5.22
3906,3906,Matoda,CGWB,24,Gujarat,458,Sabarkantha,KHEDBRAHMA,KHEDBRAHMA,Matoda,-,-,-,-,-,-,24.11111111,73.00833333,,30-05-2023 10:00,15.7
3907,3907,Mau,CGWB,24,Gujarat,451,Mahesana,MAHESANA,MAHESANA,Mau,-,-,-,-,-,-,23.51027778,72.51916667,,10-01-2021 00:00,8.14
3908,3908,Mau,CGWB,24,Gujarat,451,Mahesana,MAHESANA,MAHESANA,Mau,-,-,-,-,-,-,23.51027778,72.51916667,,30-11-2021 06:00,7.38
3909,3909,Mau,CGWB,24,Gujarat,451,Mahesana,MAHESANA,MAHESANA,Mau,-,-,-,-,-,-,23.51027778,72.51916667,,30-01-2022 07:00,8.48
3910,3910,Mau,CGWB,24,Gujarat,451,Mahesana,MAHESANA,MAHESANA,Mau,-,-,-,-,-,-,23.51027778,72.51916667,,30-08-2022 06:00,7.84
3911,3911,Mau,CGWB,24,Gujarat,451,Mahesana,MAHESANA,MAHESANA,Mau,-,-,-,-,-,-,23.51027778,72.51916667,,10-11-2022 06:00,7.19
3912,3912,Mau,CGWB,24,Gujarat,451,Mahesana,MAHESANA,MAHESANA,Mau,-,-,-,-,-,-,23.51027778,72.51916667,,30-05-2023 10:00,10.14
3913,3913,Mau Moti_1,CGWB,24,Gujarat,449,Kachchh,MANDVI,MANDVI,Mau Moti,-,-,-,-,-,-,23.07638889,69.29861111,,30-01-2022 07:00,3.15
3914,3914,Mau Moti_1,CGWB,24,Gujarat,449,Kachchh,MANDVI,MANDVI,Mau Moti,-,-,-,-,-,-,23.07638889,69.29861111,,30-05-2022 06:00,3.72
3915,3915,Mau Moti_1,CGWB,24,Gujarat,449,Kachchh,MANDVI,MANDVI,Mau Moti,-,-,-,-,-,-,23.07638889,69.29861111,,30-08-2022 06:00,5.27
3916,3916,Mau Moti_1,CGWB,24,Gujarat,449,Kachchh,MANDVI,MANDVI,Mau Moti,-,-,-,-,-,-,23.07638889,69.29861111,,10-11-2022 06:00,2.3
3917,3917,Mau Moti_1,CGWB,24,Gujarat,449,Kachchh,MANDVI,MANDVI,Mau Moti,-,-,-,-,-,-,23.07638889,69.29861111,,30-05-2023 10:00,4.05
3918,3918,Meda,CGWB,24,Gujarat,441,Banaskantha,DEESA,DEESA,Meda,-,-,-,-,-,-,24.39722222,72.28472222,,10-01-2021 00:00,6.23
3919,3919,Meda,CGWB,24,Gujarat,441,Banaskantha,DEESA,DEESA,Meda,-,-,-,-,-,-,24.39722222,72.28472222,,31-08-2021 06:00,17.3
3920,3920,Meda,CGWB,24,Gujarat,441,Banaskantha,DEESA,DEESA,Meda,-,-,-,-,-,-,24.39722222,72.28472222,,30-11-2021 06:00,9.71
3921,3921,Meda,CGWB,24,Gujarat,441,Banaskantha,DEESA,DEESA,Meda,-,-,-,-,-,-,24.39722222,72.28472222,,30-01-2022 07:00,17.36
3922,3922,Meda,CGWB,24,Gujarat,441,Banaskantha,DEESA,DEESA,Meda,-,-,-,-,-,-,24.39722222,72.28472222,,30-05-2022 06:00,13.05
3923,3923,Meda,CGWB,24,Gujarat,441,Banaskantha,DEESA,DEESA,Meda,-,-,-,-,-,-,24.39722222,72.28472222,,30-08-2022 06:00,19.8
3924,3924,Meda,CGWB,24,Gujarat,441,Banaskantha,DEESA,DEESA,Meda,-,-,-,-,-,-,24.39722222,72.28472222,,10-11-2022 06:00,16.99
3925,3925,Meda,CGWB,24,Gujarat,441,Banaskantha,DEESA,DEESA,Meda,-,-,-,-,-,-,24.39722222,72.28472222,,30-05-2023 10:00,6.24
3926,3926,Medasana,CGWB,24,Gujarat,458,Sabarkantha,MODASA,MODASA,Medasana,-,-,-,-,-,-,23.51194444,73.27444444,,10-01-2021 00:00,7.09
3927,3927,Medasana,CGWB,24,Gujarat,458,Sabarkantha,MODASA,MODASA,Medasana,-,-,-,-,-,-,23.51194444,73.27444444,,31-08-2021 06:00,6.63
3928,3928,Medasana,CGWB,24,Gujarat,458,Sabarkantha,MODASA,MODASA,Medasana,-,-,-,-,-,-,23.51194444,73.27444444,,30-11-2021 06:00,8.4
3929,3929,Medasana,CGWB,24,Gujarat,458,Sabarkantha,MODASA,MODASA,Medasana,-,-,-,-,-,-,23.51194444,73.27444444,,30-01-2022 07:00,6.95
3930,3930,Medasana,CGWB,24,Gujarat,458,Sabarkantha,MODASA,MODASA,Medasana,-,-,-,-,-,-,23.51194444,73.27444444,,30-05-2022 06:00,11.1
3931,3931,Medasana,CGWB,24,Gujarat,458,Sabarkantha,MODASA,MODASA,Medasana,-,-,-,-,-,-,23.51194444,73.27444444,,30-08-2022 06:00,7.72
3932,3932,Medasana,CGWB,24,Gujarat,458,Sabarkantha,MODASA,MODASA,Medasana,-,-,-,-,-,-,23.51194444,73.27444444,,30-05-2023 10:00,7.69
3933,3933,Meghraj,CGWB,24,Gujarat,458,Sabarkantha,MEGHRAJ,MEGHRAJ,Meghraj,-,-,-,-,-,-,23.49583333,73.50833333,,10-01-2023 18:00,3.17
3934,3934,Meghraj_1,CGWB,24,Gujarat,458,Sabarkantha,MEGHRAJ,MEGHRAJ,Meghraj,-,-,-,-,-,-,23.49583333,73.50833333,,10-01-2021 00:00,9.52
3935,3935,Meghraj_1,CGWB,24,Gujarat,458,Sabarkantha,MEGHRAJ,MEGHRAJ,Meghraj,-,-,-,-,-,-,23.49583333,73.50833333,,30-11-2021 06:00,13.5
3936,3936,Meghraj_1,CGWB,24,Gujarat,458,Sabarkantha,MEGHRAJ,MEGHRAJ,Meghraj,-,-,-,-,-,-,23.49583333,73.50833333,,30-08-2022 06:00,4.15
3937,3937,Meghraj_1,CGWB,24,Gujarat,458,Sabarkantha,MEGHRAJ,MEGHRAJ,Meghraj,-,-,-,-,-,-,23.49583333,73.50833333,,10-11-2022 06:00,2.46
3938,3938,Meghraj_1,CGWB,24,Gujarat,458,Sabarkantha,MEGHRAJ,MEGHRAJ,Meghraj,-,-,-,-,-,-,23.49583333,73.50833333,,30-05-2023 10:00,16.3
3939,3939,Mehsana I,CGWB,24,Gujarat,451,Mahesana,MAHESANA,MAHESANA,Mehsana I,-,-,-,-,-,-,23.59750000,72.39861111,,10-01-2021 00:00,154.87
3940,3940,Mehsana I,CGWB,24,Gujarat,451,Mahesana,MAHESANA,MAHESANA,Mehsana I,-,-,-,-,-,-,23.59750000,72.39861111,,31-08-2021 06:00,150.07
3941,3941,Mehsana I,CGWB,24,Gujarat,451,Mahesana,MAHESANA,MAHESANA,Mehsana I,-,-,-,-,-,-,23.59750000,72.39861111,,30-11-2021 06:00,148.59
3942,3942,Mehsana I,CGWB,24,Gujarat,451,Mahesana,MAHESANA,MAHESANA,Mehsana I,-,-,-,-,-,-,23.59750000,72.39861111,,30-01-2022 07:00,150.43
3943,3943,Mehsana I,CGWB,24,Gujarat,451,Mahesana,MAHESANA,MAHESANA,Mehsana I,-,-,-,-,-,-,23.59750000,72.39861111,,30-05-2022 06:00,155.49
3944,3944,Mehsana I,CGWB,24,Gujarat,451,Mahesana,MAHESANA,MAHESANA,Mehsana I,-,-,-,-,-,-,23.59750000,72.39861111,,30-08-2022 06:00,151.03
3945,3945,Mehsana II,CGWB,24,Gujarat,451,Mahesana,MAHESANA,MAHESANA,Mehsana II,-,-,-,-,-,-,23.59750000,72.39861111,,10-01-2021 00:00,155.42
3946,3946,Mehsana II,CGWB,24,Gujarat,451,Mahesana,MAHESANA,MAHESANA,Mehsana II,-,-,-,-,-,-,23.59750000,72.39861111,,31-08-2021 06:00,150
3947,3947,Mehsana II,CGWB,24,Gujarat,451,Mahesana,MAHESANA,MAHESANA,Mehsana II,-,-,-,-,-,-,23.59750000,72.39861111,,30-11-2021 06:00,148.69
3948,3948,Mehsana II,CGWB,24,Gujarat,451,Mahesana,MAHESANA,MAHESANA,Mehsana II,-,-,-,-,-,-,23.59750000,72.39861111,,30-01-2022 07:00,150.85
3949,3949,Mehsana II,CGWB,24,Gujarat,451,Mahesana,MAHESANA,MAHESANA,Mehsana II,-,-,-,-,-,-,23.59750000,72.39861111,,30-05-2022 06:00,155.81
3950,3950,Mehsana II,CGWB,24,Gujarat,451,Mahesana,MAHESANA,MAHESANA,Mehsana II,-,-,-,-,-,-,23.59750000,72.39861111,,30-08-2022 06:00,150.45
3951,3951,Mehsana III,CGWB,24,Gujarat,451,Mahesana,MAHESANA,MAHESANA,Mehsana III,-,-,-,-,-,-,23.59750000,72.39861111,,10-01-2021 00:00,103.88
3952,3952,Mehsana III,CGWB,24,Gujarat,451,Mahesana,MAHESANA,MAHESANA,Mehsana III,-,-,-,-,-,-,23.59750000,72.39861111,,31-08-2021 06:00,99.16
3953,3953,Mehsana III,CGWB,24,Gujarat,451,Mahesana,MAHESANA,MAHESANA,Mehsana III,-,-,-,-,-,-,23.59750000,72.39861111,,30-11-2021 06:00,89.5
3954,3954,Mehsana III,CGWB,24,Gujarat,451,Mahesana,MAHESANA,MAHESANA,Mehsana III,-,-,-,-,-,-,23.59750000,72.39861111,,30-01-2022 07:00,100.72
3955,3955,Mehsana III,CGWB,24,Gujarat,451,Mahesana,MAHESANA,MAHESANA,Mehsana III,-,-,-,-,-,-,23.59750000,72.39861111,,30-05-2022 06:00,100.64
3956,3956,Mehsana III,CGWB,24,Gujarat,451,Mahesana,MAHESANA,MAHESANA,Mehsana III,-,-,-,-,-,-,23.59750000,72.39861111,,30-08-2022 06:00,96.47
3957,3957,Mehsana III,CGWB,24,Gujarat,451,Mahesana,MAHESANA,MAHESANA,Mehsana III,-,-,-,-,-,-,23.59750000,72.39861111,,10-11-2022 06:00,99.09
3958,3958,Mendarda,CGWB,24,Gujarat,448,Junagadh,MENDARDA,MENDARDA,Mendarda,-,-,-,-,-,-,21.32500000,70.44027778,,10-11-2022 06:00,7.4
3959,3959,Mendarda1,CGWB,24,Gujarat,448,Junagadh,MENDARDA,MENDARDA,Mendarda,-,-,-,-,-,-,21.32500000,70.43333333,,10-01-2021 00:00,14.5
3960,3960,Mendarda1,CGWB,24,Gujarat,448,Junagadh,MENDARDA,MENDARDA,Mendarda,-,-,-,-,-,-,21.32500000,70.43333333,,31-08-2021 06:00,15.8
3961,3961,Mendarda1,CGWB,24,Gujarat,448,Junagadh,MENDARDA,MENDARDA,Mendarda,-,-,-,-,-,-,21.32500000,70.43333333,,30-11-2021 06:00,6.6
3962,3962,Mendarda1,CGWB,24,Gujarat,448,Junagadh,MENDARDA,MENDARDA,Mendarda,-,-,-,-,-,-,21.32500000,70.43333333,,30-01-2022 07:00,13.4
3963,3963,Mendarda1,CGWB,24,Gujarat,448,Junagadh,MENDARDA,MENDARDA,Mendarda,-,-,-,-,-,-,21.32500000,70.43333333,,30-05-2022 06:00,17.35
3964,3964,Mendarda1,CGWB,24,Gujarat,448,Junagadh,MENDARDA,MENDARDA,Mendarda,-,-,-,-,-,-,21.32500000,70.43333333,,30-08-2022 06:00,3.5
3965,3965,Mendarda1,CGWB,24,Gujarat,448,Junagadh,MENDARDA,MENDARDA,Mendarda,-,-,-,-,-,-,21.32500000,70.43333333,,10-11-2022 06:00,7.85
3966,3966,Mendarda1,CGWB,24,Gujarat,448,Junagadh,MENDARDA,MENDARDA,Mendarda,-,-,-,-,-,-,21.32500000,70.43333333,,30-05-2023 10:00,16.73
3967,3967,Mewad,CGWB,24,Gujarat,451,Mahesana,MAHESANA,MAHESANA,Mewad,-,-,-,-,-,-,23.53333333,72.38333333,,10-01-2021 00:00,13.89
3968,3968,Mewad,CGWB,24,Gujarat,451,Mahesana,MAHESANA,MAHESANA,Mewad,-,-,-,-,-,-,23.53333333,72.38333333,,31-08-2021 06:00,17.29
3969,3969,Mewad,CGWB,24,Gujarat,451,Mahesana,MAHESANA,MAHESANA,Mewad,-,-,-,-,-,-,23.53333333,72.38333333,,30-11-2021 06:00,12.99
3970,3970,Mewad,CGWB,24,Gujarat,451,Mahesana,MAHESANA,MAHESANA,Mewad,-,-,-,-,-,-,23.53333333,72.38333333,,30-01-2022 07:00,16.78
3971,3971,Mewad,CGWB,24,Gujarat,451,Mahesana,MAHESANA,MAHESANA,Mewad,-,-,-,-,-,-,23.53333333,72.38333333,,30-05-2022 06:00,15.63
3972,3972,Mewad,CGWB,24,Gujarat,451,Mahesana,MAHESANA,MAHESANA,Mewad,-,-,-,-,-,-,23.53333333,72.38333333,,30-08-2022 06:00,12.75
3973,3973,Mewad,CGWB,24,Gujarat,451,Mahesana,MAHESANA,MAHESANA,Mewad,-,-,-,-,-,-,23.53333333,72.38333333,,10-11-2022 06:00,10.13
3974,3974,Mirakhedi,CGWB,24,Gujarat,445,Dohad,JHALOD,JHALOD,Mirakhedi,-,-,-,-,-,-,22.93333333,74.20000000,,10-01-2021 00:00,4.91
3975,3975,Mirakhedi,CGWB,24,Gujarat,445,Dohad,JHALOD,JHALOD,Mirakhedi,-,-,-,-,-,-,22.93333333,74.20000000,,31-08-2021 06:00,5.05
3976,3976,Mirakhedi,CGWB,24,Gujarat,445,Dohad,JHALOD,JHALOD,Mirakhedi,-,-,-,-,-,-,22.93333333,74.20000000,,30-11-2021 06:00,2.55
3977,3977,Mirakhedi,CGWB,24,Gujarat,445,Dohad,JHALOD,JHALOD,Mirakhedi,-,-,-,-,-,-,22.93333333,74.20000000,,30-01-2022 07:00,4.15
3978,3978,Mirakhedi,CGWB,24,Gujarat,445,Dohad,JHALOD,JHALOD,Mirakhedi,-,-,-,-,-,-,22.93333333,74.20000000,,30-08-2022 06:00,0.34
3979,3979,Mirakhedi,CGWB,24,Gujarat,445,Dohad,JHALOD,JHALOD,Mirakhedi,-,-,-,-,-,-,22.93333333,74.20000000,,10-11-2022 06:00,1.7
3980,3980,Mirakhedi,CGWB,24,Gujarat,445,Dohad,JHALOD,JHALOD,Mirakhedi,-,-,-,-,-,-,22.93333333,74.20000000,,10-01-2023 18:00,2.2
3981,3981,Mirakhedi,CGWB,24,Gujarat,445,Dohad,JHALOD,JHALOD,Mirakhedi,-,-,-,-,-,-,22.93333333,74.20000000,,30-05-2023 10:00,7.7
3982,3982,Miyani,CGWB,24,Gujarat,456,Porbandar,PORBANDAR,PORBANDAR,Miyani,-,-,-,-,-,-,21.83333333,69.38888889,,10-01-2021 00:00,7.85
3983,3983,Miyani,CGWB,24,Gujarat,456,Porbandar,PORBANDAR,PORBANDAR,Miyani,-,-,-,-,-,-,21.83333333,69.38888889,,31-08-2021 06:00,6.15
3984,3984,Miyani,CGWB,24,Gujarat,456,Porbandar,PORBANDAR,PORBANDAR,Miyani,-,-,-,-,-,-,21.83333333,69.38888889,,30-11-2021 06:00,6.3
3985,3985,Miyani,CGWB,24,Gujarat,456,Porbandar,PORBANDAR,PORBANDAR,Miyani,-,-,-,-,-,-,21.83333333,69.38888889,,30-01-2022 07:00,7.32
3986,3986,Miyani,CGWB,24,Gujarat,456,Porbandar,PORBANDAR,PORBANDAR,Miyani,-,-,-,-,-,-,21.83333333,69.38888889,,30-05-2022 06:00,8.05
3987,3987,Miyani,CGWB,24,Gujarat,456,Porbandar,PORBANDAR,PORBANDAR,Miyani,-,-,-,-,-,-,21.83333333,69.38888889,,30-08-2022 06:00,6.75
3988,3988,Miyani,CGWB,24,Gujarat,456,Porbandar,PORBANDAR,PORBANDAR,Miyani,-,-,-,-,-,-,21.83333333,69.38888889,,10-11-2022 06:00,7.56
3989,3989,Miyani,CGWB,24,Gujarat,456,Porbandar,PORBANDAR,PORBANDAR,Miyani,-,-,-,-,-,-,21.83333333,69.38888889,,30-05-2023 10:00,7.7500005
3990,3990,Mocha,CGWB,24,Gujarat,456,Porbandar,KUTIYANA,KUTIYANA,Mocha,-,-,-,-,-,-,21.34833333,69.88916667,,10-01-2021 00:00,3.23
3991,3991,Mocha,CGWB,24,Gujarat,456,Porbandar,KUTIYANA,KUTIYANA,Mocha,-,-,-,-,-,-,21.34833333,69.88916667,,31-08-2021 06:00,0.4
3992,3992,Mocha,CGWB,24,Gujarat,456,Porbandar,KUTIYANA,KUTIYANA,Mocha,-,-,-,-,-,-,21.34833333,69.88916667,,30-01-2022 07:00,2.83
3993,3993,Mocha,CGWB,24,Gujarat,456,Porbandar,KUTIYANA,KUTIYANA,Mocha,-,-,-,-,-,-,21.34833333,69.88916667,,30-05-2022 06:00,3.7
3994,3994,Mocha,CGWB,24,Gujarat,456,Porbandar,KUTIYANA,KUTIYANA,Mocha,-,-,-,-,-,-,21.34833333,69.88916667,,30-08-2022 06:00,1.24
3995,3995,Mocha,CGWB,24,Gujarat,456,Porbandar,KUTIYANA,KUTIYANA,Mocha,-,-,-,-,-,-,21.34833333,69.88916667,,10-11-2022 06:00,2.57
3996,3996,Mocha,CGWB,24,Gujarat,456,Porbandar,KUTIYANA,KUTIYANA,Mocha,-,-,-,-,-,-,21.34833333,69.88916667,,30-05-2023 10:00,4.2000003
3997,3997,Modasa,CGWB,24,Gujarat,458,Sabarkantha,MODASA,MODASA,Modasa,-,-,-,-,-,-,23.46250000,73.30833333,,10-01-2021 00:00,6.45
3998,3998,Modasa,CGWB,24,Gujarat,458,Sabarkantha,MODASA,MODASA,Modasa,-,-,-,-,-,-,23.46250000,73.30833333,,31-08-2021 06:00,6.94
3999,3999,Modasa,CGWB,24,Gujarat,458,Sabarkantha,MODASA,MODASA,Modasa,-,-,-,-,-,-,23.46250000,73.30833333,,30-11-2021 06:00,7.38
4000,4000,Modasa,CGWB,24,Gujarat,458,Sabarkantha,MODASA,MODASA,Modasa,-,-,-,-,-,-,23.46250000,73.30833333,,30-01-2022 07:00,6.68
4001,4001,Modasa,CGWB,24,Gujarat,458,Sabarkantha,MODASA,MODASA,Modasa,-,-,-,-,-,-,23.46250000,73.30833333,,30-05-2022 06:00,7.38
4002,4002,Modasa,CGWB,24,Gujarat,458,Sabarkantha,MODASA,MODASA,Modasa,-,-,-,-,-,-,23.46250000,73.30833333,,30-08-2022 06:00,6.08
4003,4003,Modasa,CGWB,24,Gujarat,458,Sabarkantha,MODASA,MODASA,Modasa,-,-,-,-,-,-,23.46250000,73.30833333,,10-11-2022 06:00,4.96
4004,4004,Modasa,CGWB,24,Gujarat,458,Sabarkantha,MODASA,MODASA,Modasa,-,-,-,-,-,-,23.46250000,73.30833333,,10-01-2023 18:00,5.5
4005,4005,Modasa,CGWB,24,Gujarat,458,Sabarkantha,MODASA,MODASA,Modasa,-,-,-,-,-,-,23.46250000,73.30833333,,30-05-2023 10:00,7.3800006
4006,4006,Modhera i,CGWB,24,Gujarat,451,Mahesana,VISNAGAR,VISNAGAR,Modhera i,-,-,-,-,-,-,23.71666667,72.46666667,,10-01-2021 00:00,6.94
4007,4007,Modhera i,CGWB,24,Gujarat,451,Mahesana,VISNAGAR,VISNAGAR,Modhera i,-,-,-,-,-,-,23.71666667,72.46666667,,31-08-2021 06:00,8
4008,4008,Modhera i,CGWB,24,Gujarat,451,Mahesana,VISNAGAR,VISNAGAR,Modhera i,-,-,-,-,-,-,23.71666667,72.46666667,,30-11-2021 06:00,6.61
4009,4009,Modhera i,CGWB,24,Gujarat,451,Mahesana,VISNAGAR,VISNAGAR,Modhera i,-,-,-,-,-,-,23.71666667,72.46666667,,30-01-2022 07:00,7.33
4010,4010,Modhera i,CGWB,24,Gujarat,451,Mahesana,VISNAGAR,VISNAGAR,Modhera i,-,-,-,-,-,-,23.71666667,72.46666667,,30-05-2022 06:00,8.02
4011,4011,Modhera i,CGWB,24,Gujarat,451,Mahesana,VISNAGAR,VISNAGAR,Modhera i,-,-,-,-,-,-,23.71666667,72.46666667,,10-11-2022 06:00,4.35
4012,4012,Modhera i,CGWB,24,Gujarat,451,Mahesana,VISNAGAR,VISNAGAR,Modhera i,-,-,-,-,-,-,23.71666667,72.46666667,,30-05-2023 10:00,6.72
4013,4013,Modhera  II,CGWB,24,Gujarat,451,Mahesana,VISNAGAR,VISNAGAR,Modhera  II,-,-,-,-,-,-,23.71666667,72.46666667,,30-05-2022 06:00,52.19
4014,4014,Modhera  II,CGWB,24,Gujarat,451,Mahesana,VISNAGAR,VISNAGAR,Modhera  II,-,-,-,-,-,-,23.71666667,72.46666667,,10-11-2022 06:00,52
4015,4015,Modhera iii,CGWB,24,Gujarat,451,Mahesana,VISNAGAR,VISNAGAR,Modhera iii,-,-,-,-,-,-,23.71666667,72.46666667,,10-01-2021 00:00,7.62
4016,4016,Modhera iii,CGWB,24,Gujarat,451,Mahesana,VISNAGAR,VISNAGAR,Modhera iii,-,-,-,-,-,-,23.71666667,72.46666667,,30-05-2023 10:00,53.7
4017,4017,Modhvana,CGWB,24,Gujarat,460,Surendranagar,LAKHTAR,LAKHTAR,Modhvana,-,-,-,-,-,-,22.88138889,71.73555556,,10-01-2021 00:00,0.4
4018,4018,Modhvana,CGWB,24,Gujarat,460,Surendranagar,LAKHTAR,LAKHTAR,Modhvana,-,-,-,-,-,-,22.88138889,71.73555556,,31-08-2021 06:00,-0.35
4019,4019,Modhvana,CGWB,24,Gujarat,460,Surendranagar,LAKHTAR,LAKHTAR,Modhvana,-,-,-,-,-,-,22.88138889,71.73555556,,30-11-2021 06:00,1.05
4020,4020,Modhvana,CGWB,24,Gujarat,460,Surendranagar,LAKHTAR,LAKHTAR,Modhvana,-,-,-,-,-,-,22.88138889,71.73555556,,30-01-2022 07:00,1.36
4021,4021,Modhvana,CGWB,24,Gujarat,460,Surendranagar,LAKHTAR,LAKHTAR,Modhvana,-,-,-,-,-,-,22.88138889,71.73555556,,30-05-2022 06:00,1.83
4022,4022,Modhvana,CGWB,24,Gujarat,460,Surendranagar,LAKHTAR,LAKHTAR,Modhvana,-,-,-,-,-,-,22.88138889,71.73555556,,30-05-2023 10:00,0.95
4023,4023,Modpar,CGWB,24,Gujarat,447,Jamnagar,BHANVAD,BHANVAD,Modpar,-,-,-,-,-,-,21.85833333,69.80833333,,10-01-2021 00:00,8.62
4024,4024,Modpar,CGWB,24,Gujarat,447,Jamnagar,BHANVAD,BHANVAD,Modpar,-,-,-,-,-,-,21.85833333,69.80833333,,31-08-2021 06:00,17.4
4025,4025,Modpar,CGWB,24,Gujarat,447,Jamnagar,BHANVAD,BHANVAD,Modpar,-,-,-,-,-,-,21.85833333,69.80833333,,30-11-2021 06:00,5.4
4026,4026,Modpar,CGWB,24,Gujarat,447,Jamnagar,BHANVAD,BHANVAD,Modpar,-,-,-,-,-,-,21.85833333,69.80833333,,30-01-2022 07:00,9.22
4027,4027,Modpar,CGWB,24,Gujarat,447,Jamnagar,BHANVAD,BHANVAD,Modpar,-,-,-,-,-,-,21.85833333,69.80833333,,30-08-2022 06:00,4.14
4028,4028,Modpar,CGWB,24,Gujarat,447,Jamnagar,BHANVAD,BHANVAD,Modpar,-,-,-,-,-,-,21.85833333,69.80833333,,10-11-2022 06:00,7.83
4029,4029,Modpar,CGWB,24,Gujarat,447,Jamnagar,BHANVAD,BHANVAD,Modpar,-,-,-,-,-,-,21.85833333,69.80833333,,30-05-2023 10:00,
4030,4030,Modpar1,CGWB,24,Gujarat,457,Rajkot,MORVI,MORVI,Modpar,-,-,-,-,-,-,22.90000000,70.66666667,,10-01-2021 00:00,1.46
4031,4031,Modpar1,CGWB,24,Gujarat,457,Rajkot,MORVI,MORVI,Modpar,-,-,-,-,-,-,22.90000000,70.66666667,,31-08-2021 06:00,-1.02
4032,4032,Modpar1,CGWB,24,Gujarat,457,Rajkot,MORVI,MORVI,Modpar,-,-,-,-,-,-,22.90000000,70.66666667,,30-11-2021 06:00,0.09
4033,4033,Modpar1,CGWB,24,Gujarat,457,Rajkot,MORVI,MORVI,Modpar,-,-,-,-,-,-,22.90000000,70.66666667,,30-01-2022 07:00,0.83
4034,4034,Modpar1,CGWB,24,Gujarat,457,Rajkot,MORVI,MORVI,Modpar,-,-,-,-,-,-,22.90000000,70.66666667,,30-05-2022 06:00,1.88
4035,4035,Modpar1,CGWB,24,Gujarat,457,Rajkot,MORVI,MORVI,Modpar,-,-,-,-,-,-,22.90000000,70.66666667,,10-11-2022 06:00,0.56
4036,4036,Modpar1,CGWB,24,Gujarat,457,Rajkot,MORVI,MORVI,Modpar,-,-,-,-,-,-,22.90000000,70.66666667,,30-05-2023 10:00,0.68000007
4037,4037,Mohabbat gadh,CGWB,24,Gujarat,441,Banaskantha,DANTA,DANTA,Mohabbat gadh,-,-,-,-,-,-,24.16666667,72.72777778,,10-01-2021 00:00,17.64
4038,4038,Mohabbat gadh,CGWB,24,Gujarat,441,Banaskantha,DANTA,DANTA,Mohabbat gadh,-,-,-,-,-,-,24.16666667,72.72777778,,31-08-2021 06:00,20.41
4039,4039,Mohabbat gadh,CGWB,24,Gujarat,441,Banaskantha,DANTA,DANTA,Mohabbat gadh,-,-,-,-,-,-,24.16666667,72.72777778,,30-11-2021 06:00,19.84
4040,4040,Mohabbat gadh,CGWB,24,Gujarat,441,Banaskantha,DANTA,DANTA,Mohabbat gadh,-,-,-,-,-,-,24.16666667,72.72777778,,30-01-2022 07:00,20.87
4041,4041,Mohabbat gadh,CGWB,24,Gujarat,441,Banaskantha,DANTA,DANTA,Mohabbat gadh,-,-,-,-,-,-,24.16666667,72.72777778,,30-08-2022 06:00,18.4
4042,4042,Mohabbat gadh,CGWB,24,Gujarat,441,Banaskantha,DANTA,DANTA,Mohabbat gadh,-,-,-,-,-,-,24.16666667,72.72777778,,10-11-2022 06:00,16.02
4043,4043,Mohabbat gadh,CGWB,24,Gujarat,441,Banaskantha,DANTA,DANTA,Mohabbat gadh,-,-,-,-,-,-,24.16666667,72.72777778,,30-05-2023 10:00,20.560001
4044,4044,Mojap,CGWB,24,Gujarat,447,Jamnagar,OKHAMANDAL,OKHAMANDAL,Mojap,-,-,-,-,-,-,22.36666667,68.98333333,,10-01-2021 00:00,5.09
4045,4045,Mojap,CGWB,24,Gujarat,447,Jamnagar,OKHAMANDAL,OKHAMANDAL,Mojap,-,-,-,-,-,-,22.36666667,68.98333333,,31-08-2021 06:00,2.04
4046,4046,Mojap,CGWB,24,Gujarat,447,Jamnagar,OKHAMANDAL,OKHAMANDAL,Mojap,-,-,-,-,-,-,22.36666667,68.98333333,,30-11-2021 06:00,2.89
4047,4047,Mojap,CGWB,24,Gujarat,447,Jamnagar,OKHAMANDAL,OKHAMANDAL,Mojap,-,-,-,-,-,-,22.36666667,68.98333333,,30-01-2022 07:00,5.32
4048,4048,Mojap,CGWB,24,Gujarat,447,Jamnagar,OKHAMANDAL,OKHAMANDAL,Mojap,-,-,-,-,-,-,22.36666667,68.98333333,,30-05-2022 06:00,7.02
4049,4049,Mojap,CGWB,24,Gujarat,447,Jamnagar,OKHAMANDAL,OKHAMANDAL,Mojap,-,-,-,-,-,-,22.36666667,68.98333333,,30-08-2022 06:00,3.29
4050,4050,Mojap,CGWB,24,Gujarat,447,Jamnagar,OKHAMANDAL,OKHAMANDAL,Mojap,-,-,-,-,-,-,22.36666667,68.98333333,,10-11-2022 06:00,4.86
4051,4051,Mojap,CGWB,24,Gujarat,447,Jamnagar,OKHAMANDAL,OKHAMANDAL,Mojap,-,-,-,-,-,-,22.36666667,68.98333333,,30-05-2023 10:00,7.47
4052,4052,Mojiwana,CGWB,24,Gujarat,456,Porbandar,PORBANDAR,PORBANDAR,Mojiwana,-,-,-,-,-,-,21.88583333,69.60027778,,10-01-2021 00:00,3.53
4053,4053,Mojiwana,CGWB,24,Gujarat,456,Porbandar,PORBANDAR,PORBANDAR,Mojiwana,-,-,-,-,-,-,21.88583333,69.60027778,,31-08-2021 06:00,3.02
4054,4054,Mojiwana,CGWB,24,Gujarat,456,Porbandar,PORBANDAR,PORBANDAR,Mojiwana,-,-,-,-,-,-,21.88583333,69.60027778,,30-11-2021 06:00,0.55
4055,4055,Mojiwana,CGWB,24,Gujarat,456,Porbandar,PORBANDAR,PORBANDAR,Mojiwana,-,-,-,-,-,-,21.88583333,69.60027778,,30-01-2022 07:00,1.89
4056,4056,Mojiwana,CGWB,24,Gujarat,456,Porbandar,PORBANDAR,PORBANDAR,Mojiwana,-,-,-,-,-,-,21.88583333,69.60027778,,30-05-2022 06:00,7.11
4057,4057,Mojiwana,CGWB,24,Gujarat,456,Porbandar,PORBANDAR,PORBANDAR,Mojiwana,-,-,-,-,-,-,21.88583333,69.60027778,,30-08-2022 06:00,0.35
4058,4058,Mojiwana,CGWB,24,Gujarat,456,Porbandar,PORBANDAR,PORBANDAR,Mojiwana,-,-,-,-,-,-,21.88583333,69.60027778,,10-11-2022 06:00,1.3
4059,4059,Mojiwana,CGWB,24,Gujarat,456,Porbandar,PORBANDAR,PORBANDAR,Mojiwana,-,-,-,-,-,-,21.88583333,69.60027778,,30-05-2023 10:00,7.55
4060,4060,Mokhdi,CGWB,24,Gujarat,442,Bharuch,VALIA,VALIA,Mokhdi,-,-,-,-,-,-,21.53333333,73.28750000,,10-01-2021 00:00,4.74
4061,4061,Mokhdi,CGWB,24,Gujarat,442,Bharuch,VALIA,VALIA,Mokhdi,-,-,-,-,-,-,21.53333333,73.28750000,,31-08-2021 06:00,11.84
4062,4062,Mokhdi,CGWB,24,Gujarat,442,Bharuch,VALIA,VALIA,Mokhdi,-,-,-,-,-,-,21.53333333,73.28750000,,30-11-2021 06:00,11.84
4063,4063,Mokhdi,CGWB,24,Gujarat,442,Bharuch,VALIA,VALIA,Mokhdi,-,-,-,-,-,-,21.53333333,73.28750000,,30-08-2022 06:00,8.96
4064,4064,Mokhdi,CGWB,24,Gujarat,442,Bharuch,VALIA,VALIA,Mokhdi,-,-,-,-,-,-,21.53333333,73.28750000,,10-11-2022 06:00,3.44
4065,4065,Mokhdi,CGWB,24,Gujarat,442,Bharuch,VALIA,VALIA,Mokhdi,-,-,-,-,-,-,21.53333333,73.28750000,,30-05-2023 10:00,8.46
4066,4066,Moraj,CGWB,24,Gujarat,448,Junagadh,VERAVAL,VERAVAL,Moraj,-,-,-,-,-,-,20.98333333,70.43611111,,10-01-2021 00:00,10.11
4067,4067,Moraj,CGWB,24,Gujarat,448,Junagadh,VERAVAL,VERAVAL,Moraj,-,-,-,-,-,-,20.98333333,70.43611111,,31-08-2021 06:00,0.9
4068,4068,Moraj,CGWB,24,Gujarat,448,Junagadh,VERAVAL,VERAVAL,Moraj,-,-,-,-,-,-,20.98333333,70.43611111,,30-11-2021 06:00,4.5
4069,4069,Moraj,CGWB,24,Gujarat,448,Junagadh,VERAVAL,VERAVAL,Moraj,-,-,-,-,-,-,20.98333333,70.43611111,,30-01-2022 07:00,4.7
4070,4070,Moraj,CGWB,24,Gujarat,448,Junagadh,VERAVAL,VERAVAL,Moraj,-,-,-,-,-,-,20.98333333,70.43611111,,30-05-2022 06:00,12.46
4071,4071,Moraj,CGWB,24,Gujarat,448,Junagadh,VERAVAL,VERAVAL,Moraj,-,-,-,-,-,-,20.98333333,70.43611111,,30-08-2022 06:00,1.63
4072,4072,Moraj,CGWB,24,Gujarat,448,Junagadh,VERAVAL,VERAVAL,Moraj,-,-,-,-,-,-,20.98333333,70.43611111,,30-05-2023 10:00,14.98
4073,4073,Morbi,CGWB,24,Gujarat,457,Rajkot,MORVI,MORVI,Morbi,-,-,-,-,-,-,22.82500000,70.85833333,,10-01-2021 00:00,2.02
4074,4074,Morbi,CGWB,24,Gujarat,457,Rajkot,MORVI,MORVI,Morbi,-,-,-,-,-,-,22.82500000,70.85833333,,31-08-2021 06:00,1.77
4075,4075,Morbi,CGWB,24,Gujarat,457,Rajkot,MORVI,MORVI,Morbi,-,-,-,-,-,-,22.82500000,70.85833333,,30-11-2021 06:00,2.19
4076,4076,Morbi,CGWB,24,Gujarat,457,Rajkot,MORVI,MORVI,Morbi,-,-,-,-,-,-,22.82500000,70.85833333,,30-01-2022 07:00,2.28
4077,4077,Morbi,CGWB,24,Gujarat,457,Rajkot,MORVI,MORVI,Morbi,-,-,-,-,-,-,22.82500000,70.85833333,,30-05-2022 06:00,3.54
4078,4078,Morbi,CGWB,24,Gujarat,457,Rajkot,MORVI,MORVI,Morbi,-,-,-,-,-,-,22.82500000,70.85833333,,30-08-2022 06:00,1.76
4079,4079,Morbi,CGWB,24,Gujarat,457,Rajkot,MORVI,MORVI,Morbi,-,-,-,-,-,-,22.82500000,70.85833333,,10-11-2022 06:00,2.5
4080,4080,Morjhar,CGWB,24,Gujarat,439,Amreli,DHARI,DHARI,Morjhar,-,-,-,-,-,-,21.37611111,71.11861111,,31-08-2021 06:00,36.4
4081,4081,Morjhar,CGWB,24,Gujarat,439,Amreli,DHARI,DHARI,Morjhar,-,-,-,-,-,-,21.37611111,71.11861111,,30-11-2021 06:00,12.5
4082,4082,Morjhar,CGWB,24,Gujarat,439,Amreli,DHARI,DHARI,Morjhar,-,-,-,-,-,-,21.37611111,71.11861111,,30-01-2022 07:00,16.65
4083,4083,Morjhar,CGWB,24,Gujarat,439,Amreli,DHARI,DHARI,Morjhar,-,-,-,-,-,-,21.37611111,71.11861111,,30-05-2022 06:00,41.05
4084,4084,Morjhar,CGWB,24,Gujarat,439,Amreli,DHARI,DHARI,Morjhar,-,-,-,-,-,-,21.37611111,71.11861111,,30-08-2022 06:00,8.23
4085,4085,Morjhar,CGWB,24,Gujarat,439,Amreli,DHARI,DHARI,Morjhar,-,-,-,-,-,-,21.37611111,71.11861111,,30-05-2023 10:00,54.45
4086,4086,Morvi,CGWB,24,Gujarat,457,Rajkot,MORVI,MORVI,Morvi,-,-,-,-,-,-,22.81666667,70.84166667,,10-01-2021 00:00,1.92
4087,4087,Morvi,CGWB,24,Gujarat,457,Rajkot,MORVI,MORVI,Morvi,-,-,-,-,-,-,22.81666667,70.84166667,,31-08-2021 06:00,0.65
4088,4088,Morvi,CGWB,24,Gujarat,457,Rajkot,MORVI,MORVI,Morvi,-,-,-,-,-,-,22.81666667,70.84166667,,30-11-2021 06:00,7.73
4089,4089,Morvi,CGWB,24,Gujarat,457,Rajkot,MORVI,MORVI,Morvi,-,-,-,-,-,-,22.81666667,70.84166667,,30-05-2022 06:00,4.33
4090,4090,Morvi,CGWB,24,Gujarat,457,Rajkot,MORVI,MORVI,Morvi,-,-,-,-,-,-,22.81666667,70.84166667,,30-08-2022 06:00,3.73
4091,4091,Morvi,CGWB,24,Gujarat,457,Rajkot,MORVI,MORVI,Morvi,-,-,-,-,-,-,22.81666667,70.84166667,,10-11-2022 06:00,4.22
4092,4092,Morvi,CGWB,24,Gujarat,457,Rajkot,MORVI,MORVI,Morvi,-,-,-,-,-,-,22.81666667,70.84166667,,30-05-2023 10:00,3.6999998
4093,4093,Morwad,CGWB,24,Gujarat,441,DAMAN,DAMAN,DAMAN,Morwad,-,-,-,-,-,-,20.43527778,72.83111111,,10-01-2021 00:00,4.72
4094,4094,Morwad,CGWB,24,Gujarat,441,DAMAN,DAMAN,DAMAN,Morwad,-,-,-,-,-,-,20.43527778,72.83111111,,30-05-2022 06:00,8.7
4095,4095,Morwa (Hadaf) Pz-I,CGWB,24,Gujarat,454,Panchmahals,MORWA (HADAF),MORWA (HADAF),Morwa (Hadaf),-,-,-,-,-,-,22.91805556,73.84444444,,10-01-2021 00:00,11.5
4096,4096,Morwa (Hadaf) Pz-I,CGWB,24,Gujarat,454,Panchmahals,MORWA (HADAF),MORWA (HADAF),Morwa (Hadaf),-,-,-,-,-,-,22.91805556,73.84444444,,31-08-2021 06:00,11.2
4097,4097,Morwa (Hadaf) Pz-I,CGWB,24,Gujarat,454,Panchmahals,MORWA (HADAF),MORWA (HADAF),Morwa (Hadaf),-,-,-,-,-,-,22.91805556,73.84444444,,30-01-2022 07:00,11.1
4098,4098,Morwa (Hadaf) Pz-I,CGWB,24,Gujarat,454,Panchmahals,MORWA (HADAF),MORWA (HADAF),Morwa (Hadaf),-,-,-,-,-,-,22.91805556,73.84444444,,30-05-2022 06:00,11.98
4099,4099,Morwa (Hadaf) Pz-I,CGWB,24,Gujarat,454,Panchmahals,MORWA (HADAF),MORWA (HADAF),Morwa (Hadaf),-,-,-,-,-,-,22.91805556,73.84444444,,10-11-2022 06:00,9.7
4100,4100,Morwa (Hadaf) Pz-I,CGWB,24,Gujarat,454,Panchmahals,MORWA (HADAF),MORWA (HADAF),Morwa (Hadaf),-,-,-,-,-,-,22.91805556,73.84444444,,10-01-2023 18:00,10.89
4101,4101,Mota,CGWB,24,Gujarat,459,Surat,BARDOLI,BARDOLI,Mota,-,-,-,-,-,-,21.17027778,73.06861111,,10-01-2021 00:00,1.88
4102,4102,Mota,CGWB,24,Gujarat,459,Surat,BARDOLI,BARDOLI,Mota,-,-,-,-,-,-,21.17027778,73.06861111,,31-08-2021 06:00,1.7
4103,4103,Mota,CGWB,24,Gujarat,459,Surat,BARDOLI,BARDOLI,Mota,-,-,-,-,-,-,21.17027778,73.06861111,,30-11-2021 06:00,5.1
4104,4104,Mota,CGWB,24,Gujarat,459,Surat,BARDOLI,BARDOLI,Mota,-,-,-,-,-,-,21.17027778,73.06861111,,30-01-2022 07:00,2.3
4105,4105,Mota,CGWB,24,Gujarat,459,Surat,BARDOLI,BARDOLI,Mota,-,-,-,-,-,-,21.17027778,73.06861111,,30-05-2022 06:00,3.4
4106,4106,Mota,CGWB,24,Gujarat,459,Surat,BARDOLI,BARDOLI,Mota,-,-,-,-,-,-,21.17027778,73.06861111,,30-08-2022 06:00,1.9
4107,4107,Mota,CGWB,24,Gujarat,459,Surat,BARDOLI,BARDOLI,Mota,-,-,-,-,-,-,21.17027778,73.06861111,,10-11-2022 06:00,2.9
4108,4108,Mota,CGWB,24,Gujarat,459,Surat,BARDOLI,BARDOLI,Mota,-,-,-,-,-,-,21.17027778,73.06861111,,30-05-2023 10:00,3.71
4109,4109,Mota,CGWB,24,Gujarat,459,Surat,BARDOLI,BARDOLI,Mota,-,-,-,-,-,-,21.17027778,73.06861111,,30-08-2023 18:00,2.6000001
4110,4110,Mota Dadwa,CGWB,24,Gujarat,457,Rajkot,GONDAL,GONDAL,Mota dadwa,-,-,-,-,-,-,21.99833333,70.99388889,,10-01-2021 00:00,4.28
4111,4111,Mota Dadwa,CGWB,24,Gujarat,457,Rajkot,GONDAL,GONDAL,Mota dadwa,-,-,-,-,-,-,21.99833333,70.99388889,,31-08-2021 06:00,0.16
4112,4112,Mota Dadwa,CGWB,24,Gujarat,457,Rajkot,GONDAL,GONDAL,Mota dadwa,-,-,-,-,-,-,21.99833333,70.99388889,,30-11-2021 06:00,2.06
4113,4113,Mota Dadwa,CGWB,24,Gujarat,457,Rajkot,GONDAL,GONDAL,Mota dadwa,-,-,-,-,-,-,21.99833333,70.99388889,,30-01-2022 07:00,5.25
4114,4114,Mota Dadwa,CGWB,24,Gujarat,457,Rajkot,GONDAL,GONDAL,Mota dadwa,-,-,-,-,-,-,21.99833333,70.99388889,,30-05-2022 06:00,9.23
4115,4115,Mota Dadwa,CGWB,24,Gujarat,457,Rajkot,GONDAL,GONDAL,Mota dadwa,-,-,-,-,-,-,21.99833333,70.99388889,,30-08-2022 06:00,0.79
4116,4116,Mota Dadwa,CGWB,24,Gujarat,457,Rajkot,GONDAL,GONDAL,Mota dadwa,-,-,-,-,-,-,21.99833333,70.99388889,,10-11-2022 06:00,3.33
4117,4117,Mota Dadwa,CGWB,24,Gujarat,457,Rajkot,GONDAL,GONDAL,Mota dadwa,-,-,-,-,-,-,21.99833333,70.99388889,,30-05-2023 10:00,4.81
4118,4118,Mota dhansura,CGWB,24,Gujarat,457,Rajkot,MALIYA,MALIYA,Mota dhansura,-,-,-,-,-,-,22.95833333,70.61666667,,10-01-2021 00:00,4.07
4119,4119,Mota dhansura,CGWB,24,Gujarat,457,Rajkot,MALIYA,MALIYA,Mota dhansura,-,-,-,-,-,-,22.95833333,70.61666667,,31-08-2021 06:00,4.19
4120,4120,Mota dhansura,CGWB,24,Gujarat,457,Rajkot,MALIYA,MALIYA,Mota dhansura,-,-,-,-,-,-,22.95833333,70.61666667,,30-11-2021 06:00,4.63
4121,4121,Mota dhansura,CGWB,24,Gujarat,457,Rajkot,MALIYA,MALIYA,Mota dhansura,-,-,-,-,-,-,22.95833333,70.61666667,,30-01-2022 07:00,5.2
4122,4122,Mota dhansura,CGWB,24,Gujarat,457,Rajkot,MALIYA,MALIYA,Mota dhansura,-,-,-,-,-,-,22.95833333,70.61666667,,30-05-2022 06:00,6.95
4123,4123,Mota dhansura,CGWB,24,Gujarat,457,Rajkot,MALIYA,MALIYA,Mota dhansura,-,-,-,-,-,-,22.95833333,70.61666667,,30-08-2022 06:00,2.19
4124,4124,Mota dhansura,CGWB,24,Gujarat,457,Rajkot,MALIYA,MALIYA,Mota dhansura,-,-,-,-,-,-,22.95833333,70.61666667,,10-11-2022 06:00,3.42
4125,4125,Mota dhansura,CGWB,24,Gujarat,457,Rajkot,MALIYA,MALIYA,Mota dhansura,-,-,-,-,-,-,22.95833333,70.61666667,,30-05-2023 10:00,3.8200002
4126,4126,Motagop,CGWB,24,Gujarat,447,Jamnagar,JAMJODHPUR,JAMJODHPUR,Motagop,-,-,-,-,-,-,22.03750000,69.87500000,,10-01-2021 00:00,9.52
4127,4127,Motagop,CGWB,24,Gujarat,447,Jamnagar,JAMJODHPUR,JAMJODHPUR,Motagop,-,-,-,-,-,-,22.03750000,69.87500000,,31-08-2021 06:00,1.45
4128,4128,Motagop,CGWB,24,Gujarat,447,Jamnagar,JAMJODHPUR,JAMJODHPUR,Motagop,-,-,-,-,-,-,22.03750000,69.87500000,,30-11-2021 06:00,9.52
4129,4129,Motagop,CGWB,24,Gujarat,447,Jamnagar,JAMJODHPUR,JAMJODHPUR,Motagop,-,-,-,-,-,-,22.03750000,69.87500000,,30-01-2022 07:00,5.33
4130,4130,Motagop,CGWB,24,Gujarat,447,Jamnagar,JAMJODHPUR,JAMJODHPUR,Motagop,-,-,-,-,-,-,22.03750000,69.87500000,,30-05-2023 10:00,
4131,4131,Motagundala,CGWB,24,Gujarat,457,Rajkot,JETPUR,JETPUR,Motagundala,-,-,-,-,-,-,21.73472222,70.50138889,,10-01-2021 00:00,2.97
4132,4132,Motagundala,CGWB,24,Gujarat,457,Rajkot,JETPUR,JETPUR,Motagundala,-,-,-,-,-,-,21.73472222,70.50138889,,31-08-2021 06:00,0.9
4133,4133,Motagundala,CGWB,24,Gujarat,457,Rajkot,JETPUR,JETPUR,Motagundala,-,-,-,-,-,-,21.73472222,70.50138889,,30-11-2021 06:00,2.05
4134,4134,Motagundala,CGWB,24,Gujarat,457,Rajkot,JETPUR,JETPUR,Motagundala,-,-,-,-,-,-,21.73472222,70.50138889,,30-01-2022 07:00,2.33
4135,4135,Motagundala,CGWB,24,Gujarat,457,Rajkot,JETPUR,JETPUR,Motagundala,-,-,-,-,-,-,21.73472222,70.50138889,,30-05-2022 06:00,4.6
4136,4136,Motagundala,CGWB,24,Gujarat,457,Rajkot,JETPUR,JETPUR,Motagundala,-,-,-,-,-,-,21.73472222,70.50138889,,30-08-2022 06:00,3.19
4137,4137,Motagundala,CGWB,24,Gujarat,457,Rajkot,JETPUR,JETPUR,Motagundala,-,-,-,-,-,-,21.73472222,70.50138889,,10-11-2022 06:00,2.75
4138,4138,Motagundala,CGWB,24,Gujarat,457,Rajkot,JETPUR,JETPUR,Motagundala,-,-,-,-,-,-,21.73472222,70.50138889,,30-05-2023 10:00,3.5400002
4139,4139,Mota kalawad,CGWB,24,Gujarat,447,Jamnagar,BHANVAD,BHANVAD,Mota kalawad,-,-,-,-,-,-,21.90833333,69.82916667,,10-01-2021 00:00,10.31
4140,4140,Mota kalawad,CGWB,24,Gujarat,447,Jamnagar,BHANVAD,BHANVAD,Mota kalawad,-,-,-,-,-,-,21.90833333,69.82916667,,31-08-2021 06:00,21.21
4141,4141,Mota kalawad,CGWB,24,Gujarat,447,Jamnagar,BHANVAD,BHANVAD,Mota kalawad,-,-,-,-,-,-,21.90833333,69.82916667,,30-11-2021 06:00,6.5
4142,4142,Mota kalawad,CGWB,24,Gujarat,447,Jamnagar,BHANVAD,BHANVAD,Mota kalawad,-,-,-,-,-,-,21.90833333,69.82916667,,30-01-2022 07:00,10.55
4143,4143,Mota kalawad,CGWB,24,Gujarat,447,Jamnagar,BHANVAD,BHANVAD,Mota kalawad,-,-,-,-,-,-,21.90833333,69.82916667,,30-05-2022 06:00,20.04
4144,4144,Mota kalawad,CGWB,24,Gujarat,447,Jamnagar,BHANVAD,BHANVAD,Mota kalawad,-,-,-,-,-,-,21.90833333,69.82916667,,30-08-2022 06:00,4.95
4145,4145,Mota kalawad,CGWB,24,Gujarat,447,Jamnagar,BHANVAD,BHANVAD,Mota kalawad,-,-,-,-,-,-,21.90833333,69.82916667,,10-11-2022 06:00,9.75
4146,4146,Mota kalawad,CGWB,24,Gujarat,447,Jamnagar,BHANVAD,BHANVAD,Mota kalawad,-,-,-,-,-,-,21.90833333,69.82916667,,30-05-2023 10:00,20.45
4147,4147,Motaponda,CGWB,24,Gujarat,462,Valsad,KAPRADA,KAPRADA,Motaponda,-,-,-,-,-,-,20.35833333,73.03333333,,30-01-2022 07:00,4.8
4148,4148,Motaponda,CGWB,24,Gujarat,462,Valsad,KAPRADA,KAPRADA,Motaponda,-,-,-,-,-,-,20.35833333,73.03333333,,30-08-2022 06:00,3.8
4149,4149,Mota Ponda,CGWB,24,Gujarat,462,Valsad,KAPRADA,KAPRADA,Motaponda,-,-,-,-,-,-,20.35027778,73.05777778,,30-05-2023 10:00,5.7000003
4150,4150,Mothala,CGWB,24,Gujarat,449,Kachchh,ABDASA,ABDASA,Mothala,-,-,-,-,-,-,23.20833333,69.12500000,,10-01-2021 00:00,1.94
4151,4151,Mothala,CGWB,24,Gujarat,449,Kachchh,ABDASA,ABDASA,Mothala,-,-,-,-,-,-,23.20833333,69.12500000,,31-08-2021 06:00,1.58
4152,4152,Mothala,CGWB,24,Gujarat,449,Kachchh,ABDASA,ABDASA,Mothala,-,-,-,-,-,-,23.20833333,69.12500000,,30-11-2021 06:00,1.7
4153,4153,Mothala,CGWB,24,Gujarat,449,Kachchh,ABDASA,ABDASA,Mothala,-,-,-,-,-,-,23.20833333,69.12500000,,30-01-2022 07:00,2.43
4154,4154,Mothala,CGWB,24,Gujarat,449,Kachchh,ABDASA,ABDASA,Mothala,-,-,-,-,-,-,23.20833333,69.12500000,,30-05-2022 06:00,3.33
4155,4155,Mothala,CGWB,24,Gujarat,449,Kachchh,ABDASA,ABDASA,Mothala,-,-,-,-,-,-,23.20833333,69.12500000,,30-05-2023 10:00,2.74
4156,4156,Moti chander,CGWB,24,Gujarat,455,Patan,SAMI,SAMI,Moti chander,-,-,-,-,-,-,23.59444444,71.78055556,,10-01-2021 00:00,1.85
4157,4157,Moti chander,CGWB,24,Gujarat,455,Patan,SAMI,SAMI,Moti chander,-,-,-,-,-,-,23.59444444,71.78055556,,30-11-2021 06:00,0.53
4158,4158,Moti chander,CGWB,24,Gujarat,455,Patan,SAMI,SAMI,Moti chander,-,-,-,-,-,-,23.59444444,71.78055556,,30-01-2022 07:00,1.4
4159,4159,Moti chander,CGWB,24,Gujarat,455,Patan,SAMI,SAMI,Moti chander,-,-,-,-,-,-,23.59444444,71.78055556,,30-05-2022 06:00,3.6
4160,4160,Moti chander,CGWB,24,Gujarat,455,Patan,SAMI,SAMI,Moti chander,-,-,-,-,-,-,23.59444444,71.78055556,,10-11-2022 06:00,1.26
4161,4161,Moti chander,CGWB,24,Gujarat,455,Patan,SAMI,SAMI,Moti chander,-,-,-,-,-,-,23.59444444,71.78055556,,30-05-2023 10:00,2.05
4162,4162,Moti cher,CGWB,24,Gujarat,449,Kachchh,LAKHPAT,LAKHPAT,Moti cher,-,-,-,-,-,-,23.75833333,68.67500000,,10-01-2021 00:00,2.03
4163,4163,Moti cher,CGWB,24,Gujarat,449,Kachchh,LAKHPAT,LAKHPAT,Moti cher,-,-,-,-,-,-,23.75833333,68.67500000,,31-08-2021 06:00,1.35
4164,4164,Moti cher,CGWB,24,Gujarat,449,Kachchh,LAKHPAT,LAKHPAT,Moti cher,-,-,-,-,-,-,23.75833333,68.67500000,,30-11-2021 06:00,1.43
4165,4165,Moti cher,CGWB,24,Gujarat,449,Kachchh,LAKHPAT,LAKHPAT,Moti cher,-,-,-,-,-,-,23.75833333,68.67500000,,30-01-2022 07:00,2.72
4166,4166,Moti cher,CGWB,24,Gujarat,449,Kachchh,LAKHPAT,LAKHPAT,Moti cher,-,-,-,-,-,-,23.75833333,68.67500000,,30-05-2022 06:00,3.86
4167,4167,Moti cher,CGWB,24,Gujarat,449,Kachchh,LAKHPAT,LAKHPAT,Moti cher,-,-,-,-,-,-,23.75833333,68.67500000,,30-08-2022 06:00,0.01
4168,4168,Moti cher,CGWB,24,Gujarat,449,Kachchh,LAKHPAT,LAKHPAT,Moti cher,-,-,-,-,-,-,23.75833333,68.67500000,,10-11-2022 06:00,1.07
4169,4169,Moti cher,CGWB,24,Gujarat,449,Kachchh,LAKHPAT,LAKHPAT,Moti cher,-,-,-,-,-,-,23.75833333,68.67500000,,30-05-2023 10:00,2.92
4170,4170,Motichher,CGWB,24,Gujarat,459,Surat,VYARA,VYARA,Motichher,-,-,-,-,-,-,21.21250000,73.36222222,,10-01-2021 00:00,2.18
4171,4171,Motichher,CGWB,24,Gujarat,459,Surat,VYARA,VYARA,Motichher,-,-,-,-,-,-,21.21250000,73.36222222,,31-08-2021 06:00,2.15
4172,4172,Motichher,CGWB,24,Gujarat,459,Surat,VYARA,VYARA,Motichher,-,-,-,-,-,-,21.21250000,73.36222222,,30-11-2021 06:00,2.3
4173,4173,Motichher,CGWB,24,Gujarat,459,Surat,VYARA,VYARA,Motichher,-,-,-,-,-,-,21.21250000,73.36222222,,30-01-2022 07:00,1.95
4174,4174,Motichher,CGWB,24,Gujarat,459,Surat,VYARA,VYARA,Motichher,-,-,-,-,-,-,21.21250000,73.36222222,,30-08-2022 06:00,0.7
4175,4175,Motichher,CGWB,24,Gujarat,459,Surat,VYARA,VYARA,Motichher,-,-,-,-,-,-,21.21250000,73.36222222,,10-11-2022 06:00,1.3
4176,4176,Motichher,CGWB,24,Gujarat,459,Surat,VYARA,VYARA,Motichher,-,-,-,-,-,-,21.21250000,73.36222222,,30-05-2023 10:00,0.24
4177,4177,Moti chikhali,CGWB,24,Gujarat,461,Vadodara,KAVANT,KAVANT,Moti chikhali,-,-,-,-,-,-,22.01111111,74.08333333,,10-01-2021 00:00,3.2
4178,4178,Moti chikhali,CGWB,24,Gujarat,461,Vadodara,KAVANT,KAVANT,Moti chikhali,-,-,-,-,-,-,22.01111111,74.08333333,,31-08-2021 06:00,5.54
4179,4179,Moti chikhali,CGWB,24,Gujarat,461,Vadodara,KAVANT,KAVANT,Moti chikhali,-,-,-,-,-,-,22.01111111,74.08333333,,30-11-2021 06:00,3.1
4180,4180,Moti chikhali,CGWB,24,Gujarat,461,Vadodara,KAVANT,KAVANT,Moti chikhali,-,-,-,-,-,-,22.01111111,74.08333333,,30-01-2022 07:00,3.96
4181,4181,Moti chikhali,CGWB,24,Gujarat,461,Vadodara,KAVANT,KAVANT,Moti chikhali,-,-,-,-,-,-,22.01111111,74.08333333,,30-05-2022 06:00,3.2
4182,4182,Moti chikhali,CGWB,24,Gujarat,461,Vadodara,KAVANT,KAVANT,Moti chikhali,-,-,-,-,-,-,22.01111111,74.08333333,,30-08-2022 06:00,2.95
4183,4183,Moti chikhali,CGWB,24,Gujarat,461,Vadodara,KAVANT,KAVANT,Moti chikhali,-,-,-,-,-,-,22.01111111,74.08333333,,10-11-2022 06:00,2.9
4184,4184,Moti chikhali,CGWB,24,Gujarat,461,Vadodara,KAVANT,KAVANT,Moti chikhali,-,-,-,-,-,-,22.01111111,74.08333333,,30-05-2023 10:00,3.18
4185,4185,Moti khavdi,CGWB,24,Gujarat,447,Jamnagar,JAMNAGAR,JAMNAGAR,Moti khavdi,-,-,-,-,-,-,22.38750000,69.86666667,,10-01-2021 00:00,3.2
4186,4186,Moti khavdi,CGWB,24,Gujarat,447,Jamnagar,JAMNAGAR,JAMNAGAR,Moti khavdi,-,-,-,-,-,-,22.38750000,69.86666667,,31-08-2021 06:00,3.17
4187,4187,Moti khavdi,CGWB,24,Gujarat,447,Jamnagar,JAMNAGAR,JAMNAGAR,Moti khavdi,-,-,-,-,-,-,22.38750000,69.86666667,,30-11-2021 06:00,2.3
4188,4188,Moti khavdi,CGWB,24,Gujarat,447,Jamnagar,JAMNAGAR,JAMNAGAR,Moti khavdi,-,-,-,-,-,-,22.38750000,69.86666667,,30-05-2022 06:00,4.86
4189,4189,Moti khavdi,CGWB,24,Gujarat,447,Jamnagar,JAMNAGAR,JAMNAGAR,Moti khavdi,-,-,-,-,-,-,22.38750000,69.86666667,,10-11-2022 06:00,3.76
4190,4190,Moti khavdi,CGWB,24,Gujarat,447,Jamnagar,JAMNAGAR,JAMNAGAR,Moti khavdi,-,-,-,-,-,-,22.38750000,69.86666667,,30-05-2023 10:00,5.24
4191,4191,Motikumad OW I,CGWB,24,Gujarat,438,Ahmedabad,VIRAMGAM,VIRAMGAM,Viramgam,-,-,-,-,-,-,23.13277778,72.12694444,,30-05-2023 10:00,97.72
4192,4192,Moti Kumad OW II,CGWB,24,Gujarat,438,Ahmedabad,VIRAMGAM,VIRAMGAM,Viramgam,-,-,-,-,-,-,23.13277778,72.12694444,,30-05-2023 10:00,69.96001
4193,4193,Moti matli,CGWB,24,Gujarat,447,Jamnagar,KALAVAD,KALAVAD,Moti matli,-,-,-,-,-,-,22.31666667,70.26388889,,10-01-2021 00:00,4.05
4194,4194,Moti matli,CGWB,24,Gujarat,447,Jamnagar,KALAVAD,KALAVAD,Moti matli,-,-,-,-,-,-,22.31666667,70.26388889,,31-08-2021 06:00,2.21
4195,4195,Moti matli,CGWB,24,Gujarat,447,Jamnagar,KALAVAD,KALAVAD,Moti matli,-,-,-,-,-,-,22.31666667,70.26388889,,30-11-2021 06:00,1.35
4196,4196,Moti matli,CGWB,24,Gujarat,447,Jamnagar,KALAVAD,KALAVAD,Moti matli,-,-,-,-,-,-,22.31666667,70.26388889,,30-01-2022 07:00,3.17
4197,4197,Moti matli,CGWB,24,Gujarat,447,Jamnagar,KALAVAD,KALAVAD,Moti matli,-,-,-,-,-,-,22.31666667,70.26388889,,30-05-2022 06:00,20.4
4198,4198,Moti matli,CGWB,24,Gujarat,447,Jamnagar,KALAVAD,KALAVAD,Moti matli,-,-,-,-,-,-,22.31666667,70.26388889,,10-11-2022 06:00,2.62
4199,4199,Moti matli,CGWB,24,Gujarat,447,Jamnagar,KALAVAD,KALAVAD,Moti matli,-,-,-,-,-,-,22.31666667,70.26388889,,30-05-2023 10:00,23.9
4200,4200,Moti Moladi,CGWB,24,Gujarat,460,Surendranagar,CHOTILA,CHOTILA,Moti Moladi,-,-,-,-,-,-,22.42083333,71.11027778,,10-01-2021 00:00,5.35
4201,4201,Moti Moladi,CGWB,24,Gujarat,460,Surendranagar,CHOTILA,CHOTILA,Moti Moladi,-,-,-,-,-,-,22.42083333,71.11027778,,31-08-2021 06:00,1.85
4202,4202,Moti Moladi,CGWB,24,Gujarat,460,Surendranagar,CHOTILA,CHOTILA,Moti Moladi,-,-,-,-,-,-,22.42083333,71.11027778,,30-11-2021 06:00,2.9
4203,4203,Moti Moladi,CGWB,24,Gujarat,460,Surendranagar,CHOTILA,CHOTILA,Moti Moladi,-,-,-,-,-,-,22.42083333,71.11027778,,30-01-2022 07:00,4.8
4204,4204,Moti Moladi,CGWB,24,Gujarat,460,Surendranagar,CHOTILA,CHOTILA,Moti Moladi,-,-,-,-,-,-,22.42083333,71.11027778,,30-05-2022 06:00,9.9
4205,4205,Moti Moladi,CGWB,24,Gujarat,460,Surendranagar,CHOTILA,CHOTILA,Moti Moladi,-,-,-,-,-,-,22.42083333,71.11027778,,30-08-2022 06:00,2.2
4206,4206,Moti Moladi,CGWB,24,Gujarat,460,Surendranagar,CHOTILA,CHOTILA,Moti Moladi,-,-,-,-,-,-,22.42083333,71.11027778,,10-11-2022 06:00,4.35
4207,4207,Moti Moladi,CGWB,24,Gujarat,460,Surendranagar,CHOTILA,CHOTILA,Moti Moladi,-,-,-,-,-,-,22.42083333,71.11027778,,30-05-2023 10:00,10.200001
4208,4208,Motipura_Pz_I,CGWB,24,Gujarat,451,Mahesana,VIJAPUR,VIJAPUR,Motipura,-,-,-,-,-,-,23.53388889,72.60416667,,31-08-2021 06:00,66.64
4209,4209,Motipura_Pz_I,CGWB,24,Gujarat,451,Mahesana,VIJAPUR,VIJAPUR,Motipura,-,-,-,-,-,-,23.53388889,72.60416667,,30-08-2022 06:00,60.93
4210,4210,Motipura_Pz_I,CGWB,24,Gujarat,451,Mahesana,VIJAPUR,VIJAPUR,Motipura,-,-,-,-,-,-,23.53388889,72.60416667,,30-05-2023 10:00,49.87
4211,4211,Motipura_Pz_II,CGWB,24,Gujarat,451,Mahesana,VIJAPUR,VIJAPUR,Motipura,-,-,-,-,-,-,23.53388889,72.60416667,,30-11-2021 06:00,53.54
4212,4212,Motipura_Pz_II,CGWB,24,Gujarat,451,Mahesana,VIJAPUR,VIJAPUR,Motipura,-,-,-,-,-,-,23.53388889,72.60416667,,30-01-2022 07:00,50.48
4213,4213,Motipura_Pz_II,CGWB,24,Gujarat,451,Mahesana,VIJAPUR,VIJAPUR,Motipura,-,-,-,-,-,-,23.53388889,72.60416667,,30-05-2022 06:00,60.25
4214,4214,Motipura_Pz_II,CGWB,24,Gujarat,451,Mahesana,VIJAPUR,VIJAPUR,Motipura,-,-,-,-,-,-,23.53388889,72.60416667,,10-11-2022 06:00,45.87
4215,4215,Motivadal,CGWB,24,Gujarat,443,Bhavnagar,MAHUVA,MAHUVA,Motivadal,-,-,-,-,-,-,21.19722222,71.55000000,,10-01-2021 00:00,3.27
4216,4216,Motivadal,CGWB,24,Gujarat,443,Bhavnagar,MAHUVA,MAHUVA,Motivadal,-,-,-,-,-,-,21.19722222,71.55000000,,31-08-2021 06:00,1.44
4217,4217,Motivadal,CGWB,24,Gujarat,443,Bhavnagar,MAHUVA,MAHUVA,Motivadal,-,-,-,-,-,-,21.19722222,71.55000000,,30-11-2021 06:00,1.8
4218,4218,Motivadal,CGWB,24,Gujarat,443,Bhavnagar,MAHUVA,MAHUVA,Motivadal,-,-,-,-,-,-,21.19722222,71.55000000,,30-01-2022 07:00,4.02
4219,4219,Motivadal,CGWB,24,Gujarat,443,Bhavnagar,MAHUVA,MAHUVA,Motivadal,-,-,-,-,-,-,21.19722222,71.55000000,,30-05-2022 06:00,4.12
4220,4220,Motivadal,CGWB,24,Gujarat,443,Bhavnagar,MAHUVA,MAHUVA,Motivadal,-,-,-,-,-,-,21.19722222,71.55000000,,30-08-2022 06:00,2.53
4221,4221,Motivadal,CGWB,24,Gujarat,443,Bhavnagar,MAHUVA,MAHUVA,Motivadal,-,-,-,-,-,-,21.19722222,71.55000000,,10-11-2022 06:00,3.58
4222,4222,Motivadal,CGWB,24,Gujarat,443,Bhavnagar,MAHUVA,MAHUVA,Motivadal,-,-,-,-,-,-,21.19722222,71.55000000,,30-05-2023 10:00,4.44
4223,4223,Moti Valzar,CGWB,24,Gujarat,453,Navsari,BANSDA,BANSDA,Moti Valzar,-,-,-,-,-,-,20.80500000,73.26666667,,10-01-2021 00:00,3.73
4224,4224,Moti Valzar,CGWB,24,Gujarat,453,Navsari,BANSDA,BANSDA,Moti Valzar,-,-,-,-,-,-,20.80500000,73.26666667,,31-08-2021 06:00,2.31
4225,4225,Moti Valzar,CGWB,24,Gujarat,453,Navsari,BANSDA,BANSDA,Moti Valzar,-,-,-,-,-,-,20.80500000,73.26666667,,30-11-2021 06:00,3.05
4226,4226,Moti Valzar,CGWB,24,Gujarat,453,Navsari,BANSDA,BANSDA,Moti Valzar,-,-,-,-,-,-,20.80500000,73.26666667,,30-01-2022 07:00,4.1
4227,4227,Moti Valzar,CGWB,24,Gujarat,453,Navsari,BANSDA,BANSDA,Moti Valzar,-,-,-,-,-,-,20.80500000,73.26666667,,30-05-2022 06:00,7.39
4228,4228,Moti Valzar,CGWB,24,Gujarat,453,Navsari,BANSDA,BANSDA,Moti Valzar,-,-,-,-,-,-,20.80500000,73.26666667,,30-08-2022 06:00,1.75
4229,4229,Moti Valzar,CGWB,24,Gujarat,453,Navsari,BANSDA,BANSDA,Moti Valzar,-,-,-,-,-,-,20.80500000,73.26666667,,10-11-2022 06:00,3.25
4230,4230,Moti Valzar,CGWB,24,Gujarat,453,Navsari,BANSDA,BANSDA,Moti Valzar,-,-,-,-,-,-,20.80500000,73.26666667,,30-05-2023 10:00,
4231,4231,Moti Valzar,CGWB,24,Gujarat,453,Navsari,BANSDA,BANSDA,Moti Valzar,-,-,-,-,-,-,20.80500000,73.26666667,,30-08-2023 18:00,2.4499998
4232,4232,Motwan,CGWB,24,Gujarat,442,Bharuch,ANKLESVAR,ANKLESVAR,Motwan,-,-,-,-,-,-,21.55555556,72.88750000,,10-01-2021 00:00,2.1
4233,4233,Motwan,CGWB,24,Gujarat,442,Bharuch,ANKLESVAR,ANKLESVAR,Motwan,-,-,-,-,-,-,21.55555556,72.88750000,,30-01-2022 07:00,1.13
4234,4234,Motwan,CGWB,24,Gujarat,442,Bharuch,ANKLESVAR,ANKLESVAR,Motwan,-,-,-,-,-,-,21.55555556,72.88750000,,30-05-2023 10:00,5.25
4235,4235,Movaiya,CGWB,24,Gujarat,457,Rajkot,PADDHARI,PADDHARI,Movaiya,-,-,-,-,-,-,22.45000000,70.60833333,,10-01-2021 00:00,11.95
4236,4236,Movaiya,CGWB,24,Gujarat,457,Rajkot,PADDHARI,PADDHARI,Movaiya,-,-,-,-,-,-,22.45000000,70.60833333,,31-08-2021 06:00,2.45
4237,4237,Movaiya,CGWB,24,Gujarat,457,Rajkot,PADDHARI,PADDHARI,Movaiya,-,-,-,-,-,-,22.45000000,70.60833333,,30-11-2021 06:00,3.5
4238,4238,Movaiya,CGWB,24,Gujarat,457,Rajkot,PADDHARI,PADDHARI,Movaiya,-,-,-,-,-,-,22.45000000,70.60833333,,30-05-2022 06:00,10.15
4239,4239,Movaiya,CGWB,24,Gujarat,457,Rajkot,PADDHARI,PADDHARI,Movaiya,-,-,-,-,-,-,22.45000000,70.60833333,,30-08-2022 06:00,5.7
4240,4240,Movaiya,CGWB,24,Gujarat,457,Rajkot,PADDHARI,PADDHARI,Movaiya,-,-,-,-,-,-,22.45000000,70.60833333,,10-11-2022 06:00,7.38
4241,4241,Movaiya,CGWB,24,Gujarat,457,Rajkot,PADDHARI,PADDHARI,Movaiya,-,-,-,-,-,-,22.45000000,70.60833333,,30-05-2023 10:00,18.75
4242,4242,Muli,CGWB,24,Gujarat,460,Surendranagar,MULI,MULI,Muli,-,-,-,-,-,-,22.65000000,71.46666667,,10-01-2021 00:00,3.47
4243,4243,Muli,CGWB,24,Gujarat,460,Surendranagar,MULI,MULI,Muli,-,-,-,-,-,-,22.65000000,71.46666667,,31-08-2021 06:00,3.95
4244,4244,Muli,CGWB,24,Gujarat,460,Surendranagar,MULI,MULI,Muli,-,-,-,-,-,-,22.65000000,71.46666667,,30-11-2021 06:00,5.32
4245,4245,Muli,CGWB,24,Gujarat,460,Surendranagar,MULI,MULI,Muli,-,-,-,-,-,-,22.65000000,71.46666667,,30-01-2022 07:00,3.41
4246,4246,Muli,CGWB,24,Gujarat,460,Surendranagar,MULI,MULI,Muli,-,-,-,-,-,-,22.65000000,71.46666667,,30-05-2022 06:00,5.32
4247,4247,Muli,CGWB,24,Gujarat,460,Surendranagar,MULI,MULI,Muli,-,-,-,-,-,-,22.65000000,71.46666667,,30-08-2022 06:00,4.7
4248,4248,Muli,CGWB,24,Gujarat,460,Surendranagar,MULI,MULI,Muli,-,-,-,-,-,-,22.65000000,71.46666667,,10-11-2022 06:00,7.19
4249,4249,Muli,CGWB,24,Gujarat,460,Surendranagar,MULI,MULI,Muli,-,-,-,-,-,-,22.65000000,71.46666667,,30-05-2023 10:00,10.4
4250,4250,Muliyad,CGWB,24,Gujarat,450,Kheda,THASRA,THASRA,Muliyad,-,-,-,-,-,-,22.78305556,73.17666667,,10-01-2021 00:00,1.37
4251,4251,Muliyad,CGWB,24,Gujarat,450,Kheda,THASRA,THASRA,Muliyad,-,-,-,-,-,-,22.78305556,73.17666667,,31-08-2021 06:00,0.03
4252,4252,Muliyad,CGWB,24,Gujarat,450,Kheda,THASRA,THASRA,Muliyad,-,-,-,-,-,-,22.78305556,73.17666667,,30-11-2021 06:00,0.96
4253,4253,Muliyad,CGWB,24,Gujarat,450,Kheda,THASRA,THASRA,Muliyad,-,-,-,-,-,-,22.78305556,73.17666667,,30-01-2022 07:00,0.7
4254,4254,Muliyad,CGWB,24,Gujarat,450,Kheda,THASRA,THASRA,Muliyad,-,-,-,-,-,-,22.78305556,73.17666667,,30-05-2022 06:00,1.35
4255,4255,Muliyad,CGWB,24,Gujarat,450,Kheda,THASRA,THASRA,Muliyad,-,-,-,-,-,-,22.78305556,73.17666667,,30-08-2022 06:00,0.34
4256,4256,Muliyad,CGWB,24,Gujarat,450,Kheda,THASRA,THASRA,Muliyad,-,-,-,-,-,-,22.78305556,73.17666667,,10-11-2022 06:00,0.47
4257,4257,Muliyad,CGWB,24,Gujarat,450,Kheda,THASRA,THASRA,Muliyad,-,-,-,-,-,-,22.78305556,73.17666667,,10-01-2023 18:00,0.86
4258,4258,Muliyad,CGWB,24,Gujarat,450,Kheda,THASRA,THASRA,Muliyad,-,-,-,-,-,-,22.78305556,73.17666667,,30-05-2023 10:00,2.2
4259,4259,Mundra,CGWB,24,Gujarat,449,Kachchh,MUNDRA,MUNDRA,Mundra,-,-,-,-,-,-,22.82777778,69.72083333,,10-01-2021 00:00,2.9
4260,4260,Mundra,CGWB,24,Gujarat,449,Kachchh,MUNDRA,MUNDRA,Mundra,-,-,-,-,-,-,22.82777778,69.72083333,,31-08-2021 06:00,5.2
4261,4261,Mundra,CGWB,24,Gujarat,449,Kachchh,MUNDRA,MUNDRA,Mundra,-,-,-,-,-,-,22.82777778,69.72083333,,30-11-2021 06:00,2.77
4262,4262,Mundra,CGWB,24,Gujarat,449,Kachchh,MUNDRA,MUNDRA,Mundra,-,-,-,-,-,-,22.82777778,69.72083333,,30-05-2022 06:00,3.38
4263,4263,Mundra,CGWB,24,Gujarat,449,Kachchh,MUNDRA,MUNDRA,Mundra,-,-,-,-,-,-,22.82777778,69.72083333,,30-08-2022 06:00,2.28
4264,4264,Mundra,CGWB,24,Gujarat,449,Kachchh,MUNDRA,MUNDRA,Mundra,-,-,-,-,-,-,22.82777778,69.72083333,,10-11-2022 06:00,5.31
4265,4265,Mungaj,CGWB,24,Gujarat,442,Bharuch,JHAGADIA,JHAGADIA,Mungaj,-,-,-,-,-,-,21.68833333,73.38388889,,10-01-2021 00:00,2.75
4266,4266,Mungaj,CGWB,24,Gujarat,442,Bharuch,JHAGADIA,JHAGADIA,Mungaj,-,-,-,-,-,-,21.68833333,73.38388889,,31-08-2021 06:00,7.35
4267,4267,Mungaj,CGWB,24,Gujarat,442,Bharuch,JHAGADIA,JHAGADIA,Mungaj,-,-,-,-,-,-,21.68833333,73.38388889,,30-11-2021 06:00,7.35
4268,4268,Mungaj,CGWB,24,Gujarat,442,Bharuch,JHAGADIA,JHAGADIA,Mungaj,-,-,-,-,-,-,21.68833333,73.38388889,,30-05-2023 10:00,12.6
4269,4269,Nadak khadi,CGWB,24,Gujarat,444,Dang,The dangs,The dangs,Nadak khadi,-,-,-,-,-,-,20.80416667,73.61250000,,10-01-2021 00:00,1.15
4270,4270,Nadak khadi,CGWB,24,Gujarat,444,Dang,The dangs,The dangs,Nadak khadi,-,-,-,-,-,-,20.80416667,73.61250000,,31-08-2021 06:00,1.98
4271,4271,Nadak khadi,CGWB,24,Gujarat,444,Dang,The dangs,The dangs,Nadak khadi,-,-,-,-,-,-,20.80416667,73.61250000,,30-11-2021 06:00,1
4272,4272,Nadak khadi,CGWB,24,Gujarat,444,Dang,The dangs,The dangs,Nadak khadi,-,-,-,-,-,-,20.80416667,73.61250000,,30-01-2022 07:00,1.2
4273,4273,Nadak khadi,CGWB,24,Gujarat,444,Dang,The dangs,The dangs,Nadak khadi,-,-,-,-,-,-,20.80416667,73.61250000,,30-05-2022 06:00,4.86
4274,4274,Nadak khadi,CGWB,24,Gujarat,444,Dang,The dangs,The dangs,Nadak khadi,-,-,-,-,-,-,20.80416667,73.61250000,,10-11-2022 06:00,1.25
4275,4275,Nadak khadi,CGWB,24,Gujarat,444,Dang,The dangs,The dangs,Nadak khadi,-,-,-,-,-,-,20.80416667,73.61250000,,30-05-2023 10:00,5.71
4276,4276,Nadak khadi,CGWB,24,Gujarat,444,Dang,The dangs,The dangs,Nadak khadi,-,-,-,-,-,-,20.80416667,73.61250000,,30-08-2023 18:00,0.9
4277,4277,Nadiad Pz-I,CGWB,24,Gujarat,450,Kheda,NADIAD,NADIAD,Nadiad,-,-,-,-,-,-,22.71111111,72.86666667,,10-01-2021 00:00,18.3
4278,4278,Nadiad Pz-I,CGWB,24,Gujarat,450,Kheda,NADIAD,NADIAD,Nadiad,-,-,-,-,-,-,22.71111111,72.86666667,,31-08-2021 06:00,20.06
4279,4279,Nadiad Pz-I,CGWB,24,Gujarat,450,Kheda,NADIAD,NADIAD,Nadiad,-,-,-,-,-,-,22.71111111,72.86666667,,30-11-2021 06:00,18.58
4280,4280,Nadiad Pz-I,CGWB,24,Gujarat,450,Kheda,NADIAD,NADIAD,Nadiad,-,-,-,-,-,-,22.71111111,72.86666667,,30-01-2022 07:00,18.96
4281,4281,Nadiad Pz-I,CGWB,24,Gujarat,450,Kheda,NADIAD,NADIAD,Nadiad,-,-,-,-,-,-,22.71111111,72.86666667,,30-05-2022 06:00,21.9
4282,4282,Nadiad Pz-I,CGWB,24,Gujarat,450,Kheda,NADIAD,NADIAD,Nadiad,-,-,-,-,-,-,22.71111111,72.86666667,,10-11-2022 06:00,18.82
4283,4283,Nadiad Pz-I,CGWB,24,Gujarat,450,Kheda,NADIAD,NADIAD,Nadiad,-,-,-,-,-,-,22.71111111,72.86666667,,10-01-2023 18:00,20.05
4284,4284,Nadiad Pz-I,CGWB,24,Gujarat,450,Kheda,NADIAD,NADIAD,Nadiad,-,-,-,-,-,-,22.71111111,72.86666667,,30-05-2023 10:00,28.15
4285,4285,Nageshri,CGWB,24,Gujarat,439,Amreli,JAFRABAD,JAFRABAD,Nageshri,-,-,-,-,-,-,20.92500000,71.35416667,,10-01-2021 00:00,4.18
4286,4286,Nageshri,CGWB,24,Gujarat,439,Amreli,JAFRABAD,JAFRABAD,Nageshri,-,-,-,-,-,-,20.92500000,71.35416667,,31-08-2021 06:00,2.39
4287,4287,Nageshri,CGWB,24,Gujarat,439,Amreli,JAFRABAD,JAFRABAD,Nageshri,-,-,-,-,-,-,20.92500000,71.35416667,,30-11-2021 06:00,1.75
4288,4288,Nageshri,CGWB,24,Gujarat,439,Amreli,JAFRABAD,JAFRABAD,Nageshri,-,-,-,-,-,-,20.92500000,71.35416667,,30-01-2022 07:00,2.31
4289,4289,Nageshri,CGWB,24,Gujarat,439,Amreli,JAFRABAD,JAFRABAD,Nageshri,-,-,-,-,-,-,20.92500000,71.35416667,,10-11-2022 06:00,3.12
4290,4290,Nageshri,CGWB,24,Gujarat,439,Amreli,JAFRABAD,JAFRABAD,Nageshri,-,-,-,-,-,-,20.92500000,71.35416667,,30-05-2023 10:00,4.14
4291,4291,Nagka,CGWB,24,Gujarat,456,Porbandar,PORBANDAR,-,-,-,-,-,-,-,-,21.82138900,69.64916700,,31-08-2021 06:00,3.85
4292,4292,Nagka,CGWB,24,Gujarat,456,Porbandar,PORBANDAR,-,-,-,-,-,-,-,-,21.82138900,69.64916700,,30-11-2021 06:00,0.6
4293,4293,Nagka,CGWB,24,Gujarat,456,Porbandar,PORBANDAR,-,-,-,-,-,-,-,-,21.82138900,69.64916700,,30-01-2022 07:00,1.87
4294,4294,Nagka,CGWB,24,Gujarat,456,Porbandar,PORBANDAR,-,-,-,-,-,-,-,-,21.82138900,69.64916700,,30-05-2022 06:00,18.85
4295,4295,Nagka,CGWB,24,Gujarat,456,Porbandar,PORBANDAR,-,-,-,-,-,-,-,-,21.82138900,69.64916700,,10-11-2022 06:00,1.42
4296,4296,Nagka,CGWB,24,Gujarat,456,Porbandar,PORBANDAR,-,-,-,-,-,-,-,-,21.82138900,69.64916700,,30-05-2023 10:00,14.75
4297,4297,Nagwasan,CGWB,24,Gujarat,455,Patan,SIDHPUR,-,-,-,-,-,-,-,-,23.94777800,72.46305600,,31-08-2021 06:00,129.15
4298,4298,Nagwasan,CGWB,24,Gujarat,455,Patan,SIDHPUR,-,-,-,-,-,-,-,-,23.94777800,72.46305600,,30-01-2022 07:00,132.23
4299,4299,Nagwasan,CGWB,24,Gujarat,455,Patan,SIDHPUR,-,-,-,-,-,-,-,-,23.94777800,72.46305600,,30-05-2022 06:00,131.06
4300,4300,Nagwasan,CGWB,24,Gujarat,455,Patan,SIDHPUR,-,-,-,-,-,-,-,-,23.94777800,72.46305600,,30-08-2022 06:00,110.02
4301,4301,Nagwasan,CGWB,24,Gujarat,455,Patan,SIDHPUR,-,-,-,-,-,-,-,-,23.94777800,72.46305600,,10-11-2022 06:00,109.76
4302,4302,Nagwasan,CGWB,24,Gujarat,455,Patan,SIDHPUR,-,-,-,-,-,-,-,-,23.94777800,72.46305600,,30-05-2023 10:00,102.02
4303,4303,Naliya,CGWB,24,Gujarat,449,Kachchh,ABDASA,ABDASA,Naliya,-,-,-,-,-,-,23.25583333,68.84000000,,10-01-2021 00:00,10.92
4304,4304,Naliya,CGWB,24,Gujarat,449,Kachchh,ABDASA,ABDASA,Naliya,-,-,-,-,-,-,23.25583333,68.84000000,,31-08-2021 06:00,10.67
4305,4305,Naliya,CGWB,24,Gujarat,449,Kachchh,ABDASA,ABDASA,Naliya,-,-,-,-,-,-,23.25583333,68.84000000,,30-11-2021 06:00,11.12
4306,4306,Naliya,CGWB,24,Gujarat,449,Kachchh,ABDASA,ABDASA,Naliya,-,-,-,-,-,-,23.25583333,68.84000000,,30-01-2022 07:00,10.81
4307,4307,Naliya,CGWB,24,Gujarat,449,Kachchh,ABDASA,ABDASA,Naliya,-,-,-,-,-,-,23.25583333,68.84000000,,30-05-2022 06:00,12.05
4308,4308,Naliya,CGWB,24,Gujarat,449,Kachchh,ABDASA,ABDASA,Naliya,-,-,-,-,-,-,23.25583333,68.84000000,,30-08-2022 06:00,9.45
4309,4309,Naliya,CGWB,24,Gujarat,449,Kachchh,ABDASA,ABDASA,Naliya,-,-,-,-,-,-,23.25583333,68.84000000,,10-11-2022 06:00,10.75
4310,4310,Naliya,CGWB,24,Gujarat,449,Kachchh,ABDASA,ABDASA,Naliya,-,-,-,-,-,-,23.25583333,68.84000000,,30-05-2023 10:00,11.37
4311,4311,Naliya (Bus S),CGWB,24,Gujarat,449,Kachchh,ABDASA,ABDASA,Naliya,-,-,-,-,-,-,23.26666667,68.83333333,,10-01-2021 00:00,8.69
4312,4312,Naliya (Bus S),CGWB,24,Gujarat,449,Kachchh,ABDASA,ABDASA,Naliya,-,-,-,-,-,-,23.26666667,68.83333333,,31-08-2021 06:00,11.05
4313,4313,Naliya (Bus S),CGWB,24,Gujarat,449,Kachchh,ABDASA,ABDASA,Naliya,-,-,-,-,-,-,23.26666667,68.83333333,,30-11-2021 06:00,10.82
4314,4314,Naliya (Bus S),CGWB,24,Gujarat,449,Kachchh,ABDASA,ABDASA,Naliya,-,-,-,-,-,-,23.26666667,68.83333333,,30-05-2022 06:00,11.69
4315,4315,Naliya (Bus S),CGWB,24,Gujarat,449,Kachchh,ABDASA,ABDASA,Naliya,-,-,-,-,-,-,23.26666667,68.83333333,,30-08-2022 06:00,7.24
4316,4316,Naliya (Bus S),CGWB,24,Gujarat,449,Kachchh,ABDASA,ABDASA,Naliya,-,-,-,-,-,-,23.26666667,68.83333333,,10-11-2022 06:00,6.58
4317,4317,Namaria,CGWB,24,Gujarat,452,Narmada,TILAKWADA,TILAKWADA,Namaria,-,-,-,-,-,-,22.04444444,73.62222222,,10-01-2021 00:00,3.2
4318,4318,Namaria,CGWB,24,Gujarat,452,Narmada,TILAKWADA,TILAKWADA,Namaria,-,-,-,-,-,-,22.04444444,73.62222222,,31-08-2021 06:00,2.01
4319,4319,Namaria,CGWB,24,Gujarat,452,Narmada,TILAKWADA,TILAKWADA,Namaria,-,-,-,-,-,-,22.04444444,73.62222222,,30-11-2021 06:00,2.3
4320,4320,Namaria,CGWB,24,Gujarat,452,Narmada,TILAKWADA,TILAKWADA,Namaria,-,-,-,-,-,-,22.04444444,73.62222222,,30-01-2022 07:00,2.72
4321,4321,Namaria,CGWB,24,Gujarat,452,Narmada,TILAKWADA,TILAKWADA,Namaria,-,-,-,-,-,-,22.04444444,73.62222222,,30-05-2022 06:00,3.68
4322,4322,Namaria,CGWB,24,Gujarat,452,Narmada,TILAKWADA,TILAKWADA,Namaria,-,-,-,-,-,-,22.04444444,73.62222222,,30-08-2022 06:00,1.45
4323,4323,Namaria,CGWB,24,Gujarat,452,Narmada,TILAKWADA,TILAKWADA,Namaria,-,-,-,-,-,-,22.04444444,73.62222222,,10-11-2022 06:00,1.27
4324,4324,Namaria,CGWB,24,Gujarat,452,Narmada,TILAKWADA,TILAKWADA,Namaria,-,-,-,-,-,-,22.04444444,73.62222222,,30-05-2023 10:00,3.6399999
4325,4325,Nana pada,CGWB,24,Gujarat,444,Dang,The dangs,The dangs,Nana pada,-,-,-,-,-,-,20.70000000,73.58333333,,10-01-2021 00:00,2.34
4326,4326,Nana pada,CGWB,24,Gujarat,444,Dang,The dangs,The dangs,Nana pada,-,-,-,-,-,-,20.70000000,73.58333333,,31-08-2021 06:00,2.5
4327,4327,Nana pada,CGWB,24,Gujarat,444,Dang,The dangs,The dangs,Nana pada,-,-,-,-,-,-,20.70000000,73.58333333,,30-11-2021 06:00,1.98
4328,4328,Nana pada,CGWB,24,Gujarat,444,Dang,The dangs,The dangs,Nana pada,-,-,-,-,-,-,20.70000000,73.58333333,,30-01-2022 07:00,3.58
4329,4329,Nana pada,CGWB,24,Gujarat,444,Dang,The dangs,The dangs,Nana pada,-,-,-,-,-,-,20.70000000,73.58333333,,30-05-2022 06:00,8.8
4330,4330,Nana pada,CGWB,24,Gujarat,444,Dang,The dangs,The dangs,Nana pada,-,-,-,-,-,-,20.70000000,73.58333333,,30-08-2022 06:00,1.38
4331,4331,Nana pada,CGWB,24,Gujarat,444,Dang,The dangs,The dangs,Nana pada,-,-,-,-,-,-,20.70000000,73.58333333,,10-11-2022 06:00,2.08
4332,4332,Nana pada,CGWB,24,Gujarat,444,Dang,The dangs,The dangs,Nana pada,-,-,-,-,-,-,20.70000000,73.58333333,,30-05-2023 10:00,10.759999
4333,4333,Nana pada,CGWB,24,Gujarat,444,Dang,The dangs,The dangs,Nana pada,-,-,-,-,-,-,20.70000000,73.58333333,,30-08-2023 18:00,3.9299998
4334,4334,Nanaponda,CGWB,24,Gujarat,462,Valsad,KAPRADA,KAPRADA,Nanaponda,-,-,-,-,-,-,20.41388889,73.12083333,,10-01-2021 00:00,7.8
4335,4335,Nanaponda,CGWB,24,Gujarat,462,Valsad,KAPRADA,KAPRADA,Nanaponda,-,-,-,-,-,-,20.41388889,73.12083333,,31-08-2021 06:00,3.96
4336,4336,Nanaponda,CGWB,24,Gujarat,462,Valsad,KAPRADA,KAPRADA,Nanaponda,-,-,-,-,-,-,20.41388889,73.12083333,,30-11-2021 06:00,5.7
4337,4337,Nanaponda,CGWB,24,Gujarat,462,Valsad,KAPRADA,KAPRADA,Nanaponda,-,-,-,-,-,-,20.41388889,73.12083333,,30-01-2022 07:00,7.6
4338,4338,Nanaponda,CGWB,24,Gujarat,462,Valsad,KAPRADA,KAPRADA,Nanaponda,-,-,-,-,-,-,20.41388889,73.12083333,,30-05-2022 06:00,11.51
4339,4339,Nanaponda,CGWB,24,Gujarat,462,Valsad,KAPRADA,KAPRADA,Nanaponda,-,-,-,-,-,-,20.41388889,73.12083333,,30-08-2022 06:00,3.1
4340,4340,Nanaponda,CGWB,24,Gujarat,462,Valsad,KAPRADA,KAPRADA,Nanaponda,-,-,-,-,-,-,20.41388889,73.12083333,,10-11-2022 06:00,5.75
4341,4341,Nanaponda,CGWB,24,Gujarat,462,Valsad,KAPRADA,KAPRADA,Nanaponda,-,-,-,-,-,-,20.41388889,73.12083333,,30-05-2023 10:00,10.8
4342,4342,Nandotra Brahmanvas Pz (OW II),CGWB,24,Gujarat,441,Banaskantha,DANTIWADA,-,-,-,-,-,-,-,-,24.34083333,72.31416667,,10-01-2021 06:00,18.36
4343,4343,Nandotra Brahmanvas Pz (OW II),CGWB,24,Gujarat,441,Banaskantha,DANTIWADA,-,-,-,-,-,-,-,-,24.34083333,72.31416667,,30-05-2021 06:00,21.95
4344,4344,Nandotra Brahmanvas Pz (OW II),CGWB,24,Gujarat,441,Banaskantha,DANTIWADA,-,-,-,-,-,-,-,-,24.34083333,72.31416667,,30-08-2021 00:00,23.29
4345,4345,Nandotra Brahmanvas Pz (OW II),CGWB,24,Gujarat,441,Banaskantha,DANTIWADA,-,-,-,-,-,-,-,-,24.34083333,72.31416667,,10-01-2022 06:00,22.87
4346,4346,Nani Hirvani Pz_1,CGWB,24,Gujarat,451,Mahesana,KHERALU,-,-,-,-,-,-,-,-,23.88138889,72.54694444,,10-01-2021 06:00,92.43
4347,4347,Nani Hirvani Pz_1,CGWB,24,Gujarat,451,Mahesana,KHERALU,-,-,-,-,-,-,-,-,23.88138889,72.54694444,,30-05-2021 06:00,96.37
4348,4348,Nani Hirvani Pz_1,CGWB,24,Gujarat,451,Mahesana,KHERALU,-,-,-,-,-,-,-,-,23.88138889,72.54694444,,30-08-2021 00:00,90.28
4349,4349,Nani Hirvani Pz_1,CGWB,24,Gujarat,451,Mahesana,KHERALU,-,-,-,-,-,-,-,-,23.88138889,72.54694444,,10-11-2021 00:00,89.42
4350,4350,Nani Hirvani Pz_1,CGWB,24,Gujarat,451,Mahesana,KHERALU,-,-,-,-,-,-,-,-,23.88138889,72.54694444,,10-01-2022 06:00,96.46
4351,4351,Nani Hirvani Pz_1,CGWB,24,Gujarat,451,Mahesana,KHERALU,-,-,-,-,-,-,-,-,23.88138889,72.54694444,,30-05-2022 06:00,91.65
4352,4352,Nani Hirvani Pz_1,CGWB,24,Gujarat,451,Mahesana,KHERALU,-,-,-,-,-,-,-,-,23.88138889,72.54694444,,30-08-2022 06:00,82.01
4353,4353,Nani Hirvani Pz_1,CGWB,24,Gujarat,451,Mahesana,KHERALU,-,-,-,-,-,-,-,-,23.88138889,72.54694444,,10-11-2022 06:00,92.85
4354,4354,Nani singlot,CGWB,24,Gujarat,452,Narmada,DEDIAPADA,DEDIAPADA,Nani singlot,-,-,-,-,-,-,21.66944444,73.66666667,,10-01-2021 00:00,5.5
4355,4355,Nani singlot,CGWB,24,Gujarat,452,Narmada,DEDIAPADA,DEDIAPADA,Nani singlot,-,-,-,-,-,-,21.66944444,73.66666667,,31-08-2021 06:00,9.8
4356,4356,Nani singlot,CGWB,24,Gujarat,452,Narmada,DEDIAPADA,DEDIAPADA,Nani singlot,-,-,-,-,-,-,21.66944444,73.66666667,,30-11-2021 06:00,9.8
4357,4357,Nani singlot,CGWB,24,Gujarat,452,Narmada,DEDIAPADA,DEDIAPADA,Nani singlot,-,-,-,-,-,-,21.66944444,73.66666667,,30-01-2022 07:00,7.96
4358,4358,Nani singlot,CGWB,24,Gujarat,452,Narmada,DEDIAPADA,DEDIAPADA,Nani singlot,-,-,-,-,-,-,21.66944444,73.66666667,,10-11-2022 06:00,7.76
4359,4359,Nani singlot,CGWB,24,Gujarat,452,Narmada,DEDIAPADA,DEDIAPADA,Nani singlot,-,-,-,-,-,-,21.66944444,73.66666667,,30-05-2023 10:00,9.73
4360,4360,Nardipur  i,CGWB,24,Gujarat,446,Gandhinagar,KALOL,KALOL,Nardipur  i,-,-,-,-,-,-,23.33194444,72.56666667,,31-08-2021 06:00,97.77
4361,4361,Nardipur  i,CGWB,24,Gujarat,446,Gandhinagar,KALOL,KALOL,Nardipur  i,-,-,-,-,-,-,23.33194444,72.56666667,,30-11-2021 06:00,97.7
4362,4362,Nardipur  i,CGWB,24,Gujarat,446,Gandhinagar,KALOL,KALOL,Nardipur  i,-,-,-,-,-,-,23.33194444,72.56666667,,30-01-2022 07:00,97.57
4363,4363,Nardipur  i,CGWB,24,Gujarat,446,Gandhinagar,KALOL,KALOL,Nardipur  i,-,-,-,-,-,-,23.33194444,72.56666667,,30-05-2022 06:00,97.69
4364,4364,Nardipur  i,CGWB,24,Gujarat,446,Gandhinagar,KALOL,KALOL,Nardipur  i,-,-,-,-,-,-,23.33194444,72.56666667,,30-08-2022 06:00,97.69
4365,4365,Nardipur  i,CGWB,24,Gujarat,446,Gandhinagar,KALOL,KALOL,Nardipur  i,-,-,-,-,-,-,23.33194444,72.56666667,,10-11-2022 06:00,97.82
4366,4366,Nardipur  i,CGWB,24,Gujarat,446,Gandhinagar,KALOL,KALOL,Nardipur  i,-,-,-,-,-,-,23.33194444,72.56666667,,10-01-2023 18:00,97.25
4367,4367,Nardipur  i,CGWB,24,Gujarat,446,Gandhinagar,KALOL,KALOL,Nardipur  i,-,-,-,-,-,-,23.33194444,72.56666667,,30-05-2023 10:00,113.97
4368,4368,Naroli Pzi,CGWB,24,Gujarat,441,Banaskantha,THARAD,THARAD,Naroli Pzi,-,-,-,-,-,-,24.61638889,71.63861111,,10-01-2021 00:00,7.02
4369,4369,Naroli Pzi,CGWB,24,Gujarat,441,Banaskantha,THARAD,THARAD,Naroli Pzi,-,-,-,-,-,-,24.61638889,71.63861111,,31-08-2021 06:00,7.01
4370,4370,Naroli Pzi,CGWB,24,Gujarat,441,Banaskantha,THARAD,THARAD,Naroli Pzi,-,-,-,-,-,-,24.61638889,71.63861111,,30-11-2021 06:00,6.15
4371,4371,Naroli Pzi,CGWB,24,Gujarat,441,Banaskantha,THARAD,THARAD,Naroli Pzi,-,-,-,-,-,-,24.61638889,71.63861111,,30-01-2022 07:00,7.87
4372,4372,Naroli Pzi,CGWB,24,Gujarat,441,Banaskantha,THARAD,THARAD,Naroli Pzi,-,-,-,-,-,-,24.61638889,71.63861111,,30-05-2022 06:00,7.39
4373,4373,Naroli Pzi,CGWB,24,Gujarat,441,Banaskantha,THARAD,THARAD,Naroli Pzi,-,-,-,-,-,-,24.61638889,71.63861111,,30-08-2022 06:00,5.7
4374,4374,Naroli Pzi,CGWB,24,Gujarat,441,Banaskantha,THARAD,THARAD,Naroli Pzi,-,-,-,-,-,-,24.61638889,71.63861111,,10-11-2022 06:00,6
4375,4375,Naroli Pzi,CGWB,24,Gujarat,441,Banaskantha,THARAD,THARAD,Naroli Pzi,-,-,-,-,-,-,24.61638889,71.63861111,,01-01-2023 00:00,7.92
4376,4376,Naroli Pzi,CGWB,24,Gujarat,441,Banaskantha,THARAD,THARAD,Naroli Pzi,-,-,-,-,-,-,24.61638889,71.63861111,,30-05-2023 10:00,6.27
4377,4377,Naroli Pzii,CGWB,24,Gujarat,441,Banaskantha,THARAD,THARAD,Naroli Pzii,-,-,-,-,-,-,24.61638889,71.63861111,,10-01-2021 00:00,6.13
4378,4378,Naroli Pzii,CGWB,24,Gujarat,441,Banaskantha,THARAD,THARAD,Naroli Pzii,-,-,-,-,-,-,24.61638889,71.63861111,,31-08-2021 06:00,6.16
4379,4379,Naroli Pzii,CGWB,24,Gujarat,441,Banaskantha,THARAD,THARAD,Naroli Pzii,-,-,-,-,-,-,24.61638889,71.63861111,,30-11-2021 06:00,5.35
4380,4380,Naroli Pzii,CGWB,24,Gujarat,441,Banaskantha,THARAD,THARAD,Naroli Pzii,-,-,-,-,-,-,24.61638889,71.63861111,,30-01-2022 07:00,7.55
4381,4381,Naroli Pzii,CGWB,24,Gujarat,441,Banaskantha,THARAD,THARAD,Naroli Pzii,-,-,-,-,-,-,24.61638889,71.63861111,,30-05-2022 06:00,4.62
4382,4382,Naroli Pzii,CGWB,24,Gujarat,441,Banaskantha,THARAD,THARAD,Naroli Pzii,-,-,-,-,-,-,24.61638889,71.63861111,,30-08-2022 06:00,5.1
4383,4383,Naroli Pzii,CGWB,24,Gujarat,441,Banaskantha,THARAD,THARAD,Naroli Pzii,-,-,-,-,-,-,24.61638889,71.63861111,,10-11-2022 06:00,5.3
4384,4384,Naroli Pzii,CGWB,24,Gujarat,441,Banaskantha,THARAD,THARAD,Naroli Pzii,-,-,-,-,-,-,24.61638889,71.63861111,,01-01-2023 00:00,6.87
4385,4385,Naroli Pzii,CGWB,24,Gujarat,441,Banaskantha,THARAD,THARAD,Naroli Pzii,-,-,-,-,-,-,24.61638889,71.63861111,,30-05-2023 10:00,5.54
4386,4386,Naroli Pziii,CGWB,24,Gujarat,441,Banaskantha,THARAD,THARAD,Naroli Pziii,-,-,-,-,-,-,24.61638889,71.63861111,,10-01-2021 00:00,6.58
4387,4387,Naroli Pziii,CGWB,24,Gujarat,441,Banaskantha,THARAD,THARAD,Naroli Pziii,-,-,-,-,-,-,24.61638889,71.63861111,,30-08-2022 06:00,6.03
4388,4388,Naroli Pziii,CGWB,24,Gujarat,441,Banaskantha,THARAD,THARAD,Naroli Pziii,-,-,-,-,-,-,24.61638889,71.63861111,,10-11-2022 06:00,6.05
4389,4389,Naroli Pziii,CGWB,24,Gujarat,441,Banaskantha,THARAD,THARAD,Naroli Pziii,-,-,-,-,-,-,24.61638889,71.63861111,,01-01-2023 00:00,8.03
4390,4390,Naroli Pziii,CGWB,24,Gujarat,441,Banaskantha,THARAD,THARAD,Naroli Pziii,-,-,-,-,-,-,24.61638889,71.63861111,,30-05-2023 10:00,6.34
4391,4391,Natapur,CGWB,24,Gujarat,454,Panchmahals,MORWA (HADAF),MORWA (HADAF),Natapur,-,-,-,-,-,-,22.85722222,73.82055556,,10-01-2021 00:00,6.9
4392,4392,Natapur,CGWB,24,Gujarat,454,Panchmahals,MORWA (HADAF),MORWA (HADAF),Natapur,-,-,-,-,-,-,22.85722222,73.82055556,,31-08-2021 06:00,6.4
4393,4393,Natapur,CGWB,24,Gujarat,454,Panchmahals,MORWA (HADAF),MORWA (HADAF),Natapur,-,-,-,-,-,-,22.85722222,73.82055556,,30-11-2021 06:00,6.4
4394,4394,Natapur,CGWB,24,Gujarat,454,Panchmahals,MORWA (HADAF),MORWA (HADAF),Natapur,-,-,-,-,-,-,22.85722222,73.82055556,,30-01-2022 07:00,7.6
4395,4395,Natapur,CGWB,24,Gujarat,454,Panchmahals,MORWA (HADAF),MORWA (HADAF),Natapur,-,-,-,-,-,-,22.85722222,73.82055556,,30-05-2022 06:00,8.5
4396,4396,Natapur,CGWB,24,Gujarat,454,Panchmahals,MORWA (HADAF),MORWA (HADAF),Natapur,-,-,-,-,-,-,22.85722222,73.82055556,,10-11-2022 06:00,5.72
4397,4397,Natapur,CGWB,24,Gujarat,454,Panchmahals,MORWA (HADAF),MORWA (HADAF),Natapur,-,-,-,-,-,-,22.85722222,73.82055556,,10-01-2023 18:00,6.83
4398,4398,Nava Raisngpur,CGWB,24,Gujarat,460,Surendranagar,MULI,MULI,Nava Raisngpur,-,-,-,-,-,-,22.74194444,71.26166667,,10-01-2021 00:00,20.75
4399,4399,Nava Raisngpur,CGWB,24,Gujarat,460,Surendranagar,MULI,MULI,Nava Raisngpur,-,-,-,-,-,-,22.74194444,71.26166667,,31-08-2021 06:00,16.2
4400,4400,Nava Raisngpur,CGWB,24,Gujarat,460,Surendranagar,MULI,MULI,Nava Raisngpur,-,-,-,-,-,-,22.74194444,71.26166667,,30-11-2021 06:00,18.18
4401,4401,Nava Raisngpur,CGWB,24,Gujarat,460,Surendranagar,MULI,MULI,Nava Raisngpur,-,-,-,-,-,-,22.74194444,71.26166667,,30-01-2022 07:00,19.45
4402,4402,Nava Raisngpur,CGWB,24,Gujarat,460,Surendranagar,MULI,MULI,Nava Raisngpur,-,-,-,-,-,-,22.74194444,71.26166667,,30-08-2022 06:00,14.65
4403,4403,Nava Raisngpur,CGWB,24,Gujarat,460,Surendranagar,MULI,MULI,Nava Raisngpur,-,-,-,-,-,-,22.74194444,71.26166667,,10-11-2022 06:00,14.8
4404,4404,Navetha,CGWB,24,Gujarat,442,Bharuch,BHARUCH,BHARUCH,Navetha,-,-,-,-,-,-,21.70777778,72.83055556,,10-01-2021 00:00,1.6
4405,4405,Navetha,CGWB,24,Gujarat,442,Bharuch,BHARUCH,BHARUCH,Navetha,-,-,-,-,-,-,21.70777778,72.83055556,,31-08-2021 06:00,5.1
4406,4406,Navetha,CGWB,24,Gujarat,442,Bharuch,BHARUCH,BHARUCH,Navetha,-,-,-,-,-,-,21.70777778,72.83055556,,30-11-2021 06:00,3.91
4407,4407,Navetha,CGWB,24,Gujarat,442,Bharuch,BHARUCH,BHARUCH,Navetha,-,-,-,-,-,-,21.70777778,72.83055556,,30-01-2022 07:00,3.8
4408,4408,Navetha,CGWB,24,Gujarat,442,Bharuch,BHARUCH,BHARUCH,Navetha,-,-,-,-,-,-,21.70777778,72.83055556,,30-05-2022 06:00,5.8
4409,4409,Navetha,CGWB,24,Gujarat,442,Bharuch,BHARUCH,BHARUCH,Navetha,-,-,-,-,-,-,21.70777778,72.83055556,,30-08-2022 06:00,4.34
4410,4410,Navetha,CGWB,24,Gujarat,442,Bharuch,BHARUCH,BHARUCH,Navetha,-,-,-,-,-,-,21.70777778,72.83055556,,10-11-2022 06:00,0.1
4411,4411,Navetha,CGWB,24,Gujarat,442,Bharuch,BHARUCH,BHARUCH,Navetha,-,-,-,-,-,-,21.70777778,72.83055556,,30-05-2023 10:00,5.6
4412,4412,Navibandar,CGWB,24,Gujarat,456,Porbandar,PORBANDAR,PORBANDAR,Navibandar,-,-,-,-,-,-,21.44583333,69.79166667,,10-01-2021 00:00,2.37
4413,4413,Navibandar,CGWB,24,Gujarat,456,Porbandar,PORBANDAR,PORBANDAR,Navibandar,-,-,-,-,-,-,21.44583333,69.79166667,,31-08-2021 06:00,1.1
4414,4414,Navibandar,CGWB,24,Gujarat,456,Porbandar,PORBANDAR,PORBANDAR,Navibandar,-,-,-,-,-,-,21.44583333,69.79166667,,30-11-2021 06:00,2.22
4415,4415,Navibandar,CGWB,24,Gujarat,456,Porbandar,PORBANDAR,PORBANDAR,Navibandar,-,-,-,-,-,-,21.44583333,69.79166667,,30-01-2022 07:00,1.31
4416,4416,Navibandar,CGWB,24,Gujarat,456,Porbandar,PORBANDAR,PORBANDAR,Navibandar,-,-,-,-,-,-,21.44583333,69.79166667,,30-05-2022 06:00,2.2
4417,4417,Navibandar,CGWB,24,Gujarat,456,Porbandar,PORBANDAR,PORBANDAR,Navibandar,-,-,-,-,-,-,21.44583333,69.79166667,,30-08-2022 06:00,1.63
4418,4418,Navibandar,CGWB,24,Gujarat,456,Porbandar,PORBANDAR,PORBANDAR,Navibandar,-,-,-,-,-,-,21.44583333,69.79166667,,10-11-2022 06:00,3.38
4419,4419,Navibandar,CGWB,24,Gujarat,456,Porbandar,PORBANDAR,PORBANDAR,Navibandar,-,-,-,-,-,-,21.44583333,69.79166667,,30-05-2023 10:00,2.33
4420,4420,Navi pardi,CGWB,24,Gujarat,459,Surat,KAMREJ,KAMREJ,Navi pardi,-,-,-,-,-,-,21.32222222,72.97083333,,10-01-2021 00:00,2.48
4421,4421,Navi pardi,CGWB,24,Gujarat,459,Surat,KAMREJ,KAMREJ,Navi pardi,-,-,-,-,-,-,21.32222222,72.97083333,,31-08-2021 06:00,1.93
4422,4422,Navi pardi,CGWB,24,Gujarat,459,Surat,KAMREJ,KAMREJ,Navi pardi,-,-,-,-,-,-,21.32222222,72.97083333,,30-01-2022 07:00,2.43
4423,4423,Navi pardi,CGWB,24,Gujarat,459,Surat,KAMREJ,KAMREJ,Navi pardi,-,-,-,-,-,-,21.32222222,72.97083333,,30-05-2022 06:00,3.4
4424,4424,Navi pardi,CGWB,24,Gujarat,459,Surat,KAMREJ,KAMREJ,Navi pardi,-,-,-,-,-,-,21.32222222,72.97083333,,30-08-2022 06:00,0.63
4425,4425,Navi pardi,CGWB,24,Gujarat,459,Surat,KAMREJ,KAMREJ,Navi pardi,-,-,-,-,-,-,21.32222222,72.97083333,,10-11-2022 06:00,2.88
4426,4426,Navi pardi,CGWB,24,Gujarat,459,Surat,KAMREJ,KAMREJ,Navi pardi,-,-,-,-,-,-,21.32222222,72.97083333,,30-08-2023 18:00,2.93
4427,4427,Navsari 1,CGWB,24,Gujarat,453,Navsari,NAVSARI,NAVSARI,Navsari,-,-,-,-,-,-,20.95805556,72.93500000,,10-01-2021 00:00,7.07
4428,4428,Navsari 1,CGWB,24,Gujarat,453,Navsari,NAVSARI,NAVSARI,Navsari,-,-,-,-,-,-,20.95805556,72.93500000,,31-08-2021 06:00,3.77
4429,4429,Navsari 1,CGWB,24,Gujarat,453,Navsari,NAVSARI,NAVSARI,Navsari,-,-,-,-,-,-,20.95805556,72.93500000,,30-11-2021 06:00,2.97
4430,4430,Navsari 1,CGWB,24,Gujarat,453,Navsari,NAVSARI,NAVSARI,Navsari,-,-,-,-,-,-,20.95805556,72.93500000,,30-01-2022 07:00,3.35
4431,4431,Navsari 1,CGWB,24,Gujarat,453,Navsari,NAVSARI,NAVSARI,Navsari,-,-,-,-,-,-,20.95805556,72.93500000,,10-11-2022 06:00,2.32
4432,4432,Navsari 1,CGWB,24,Gujarat,453,Navsari,NAVSARI,NAVSARI,Navsari,-,-,-,-,-,-,20.95805556,72.93500000,,30-05-2023 10:00,5.7200003
4433,4433,Navsari 1,CGWB,24,Gujarat,453,Navsari,NAVSARI,NAVSARI,Navsari,-,-,-,-,-,-,20.95805556,72.93500000,,30-08-2023 18:00,2.17
4434,4434,Neknam,CGWB,24,Gujarat,457,Rajkot,TANKARA,TANKARA,Neknam,-,-,-,-,-,-,22.50416667,70.69583333,,30-05-2022 06:00,12.77
4435,4435,Neknam,CGWB,24,Gujarat,457,Rajkot,TANKARA,TANKARA,Neknam,-,-,-,-,-,-,22.50416667,70.69583333,,10-11-2022 06:00,10.41
4436,4436,Neknam,CGWB,24,Gujarat,457,Rajkot,TANKARA,TANKARA,Neknam,-,-,-,-,-,-,22.50416667,70.69583333,,30-05-2023 10:00,9.65
4437,4437,Nes_Pz,CGWB,24,Gujarat,450,Kheda,THASRA,THASRA,Nes,-,-,-,-,-,-,22.70833333,73.20277778,,10-01-2021 00:00,8.42
4438,4438,Nes_Pz,CGWB,24,Gujarat,450,Kheda,THASRA,THASRA,Nes,-,-,-,-,-,-,22.70833333,73.20277778,,31-08-2021 06:00,8.22
4439,4439,Nes_Pz,CGWB,24,Gujarat,450,Kheda,THASRA,THASRA,Nes,-,-,-,-,-,-,22.70833333,73.20277778,,30-11-2021 06:00,8.78
4440,4440,Nes_Pz,CGWB,24,Gujarat,450,Kheda,THASRA,THASRA,Nes,-,-,-,-,-,-,22.70833333,73.20277778,,30-01-2022 07:00,8.24
4441,4441,Nes_Pz,CGWB,24,Gujarat,450,Kheda,THASRA,THASRA,Nes,-,-,-,-,-,-,22.70833333,73.20277778,,30-08-2022 06:00,8.14
4442,4442,Nes_Pz,CGWB,24,Gujarat,450,Kheda,THASRA,THASRA,Nes,-,-,-,-,-,-,22.70833333,73.20277778,,10-11-2022 06:00,8.28
4443,4443,Nes_Pz,CGWB,24,Gujarat,450,Kheda,THASRA,THASRA,Nes,-,-,-,-,-,-,22.70833333,73.20277778,,10-01-2023 18:00,8.57
4444,4444,Nes_Pz,CGWB,24,Gujarat,450,Kheda,THASRA,THASRA,Nes,-,-,-,-,-,-,22.70833333,73.20277778,,30-05-2023 10:00,11.790001
4445,4445,Netrang1,CGWB,24,Gujarat,442,Bharuch,VALIA,VALIA,Netrang,-,-,-,-,-,-,21.63333333,73.36666667,,10-01-2021 00:00,6.15
4446,4446,Netrang1,CGWB,24,Gujarat,442,Bharuch,VALIA,VALIA,Netrang,-,-,-,-,-,-,21.63333333,73.36666667,,31-08-2021 06:00,8.6
4447,4447,Netrang1,CGWB,24,Gujarat,442,Bharuch,VALIA,VALIA,Netrang,-,-,-,-,-,-,21.63333333,73.36666667,,30-11-2021 06:00,2.6
4448,4448,Netrang1,CGWB,24,Gujarat,442,Bharuch,VALIA,VALIA,Netrang,-,-,-,-,-,-,21.63333333,73.36666667,,30-01-2022 07:00,6.52
4449,4449,Netrang1,CGWB,24,Gujarat,442,Bharuch,VALIA,VALIA,Netrang,-,-,-,-,-,-,21.63333333,73.36666667,,10-11-2022 06:00,5
4450,4450,Netrang1,CGWB,24,Gujarat,442,Bharuch,VALIA,VALIA,Netrang,-,-,-,-,-,-,21.63333333,73.36666667,,30-05-2023 10:00,8.2
4451,4451,Netrang(Rep)_Pz,CGWB,24,Gujarat,442,Bharuch,VALIA,VALIA,Netrang,-,-,-,-,-,-,21.64166667,73.36666667,,10-01-2021 00:00,6.57
4452,4452,Netrang(Rep)_Pz,CGWB,24,Gujarat,442,Bharuch,VALIA,VALIA,Netrang,-,-,-,-,-,-,21.64166667,73.36666667,,31-08-2021 06:00,11.4
4453,4453,Netrang(Rep)_Pz,CGWB,24,Gujarat,442,Bharuch,VALIA,VALIA,Netrang,-,-,-,-,-,-,21.64166667,73.36666667,,30-11-2021 06:00,5.9
4454,4454,Netrang(Rep)_Pz,CGWB,24,Gujarat,442,Bharuch,VALIA,VALIA,Netrang,-,-,-,-,-,-,21.64166667,73.36666667,,30-01-2022 07:00,6.95
4455,4455,Netrang(Rep)_Pz,CGWB,24,Gujarat,442,Bharuch,VALIA,VALIA,Netrang,-,-,-,-,-,-,21.64166667,73.36666667,,30-05-2022 06:00,12.42
4456,4456,Netrang(Rep)_Pz,CGWB,24,Gujarat,442,Bharuch,VALIA,VALIA,Netrang,-,-,-,-,-,-,21.64166667,73.36666667,,10-11-2022 06:00,5.8
4457,4457,Netrang(Rep)_Pz,CGWB,24,Gujarat,442,Bharuch,VALIA,VALIA,Netrang,-,-,-,-,-,-,21.64166667,73.36666667,,30-05-2023 10:00,13.099999
4458,4458,Nichi mandal,CGWB,24,Gujarat,457,Rajkot,MORVI,MORVI,Nichi mandal,-,-,-,-,-,-,22.85833333,70.95000000,,10-01-2021 00:00,4.3
4459,4459,Nichi mandal,CGWB,24,Gujarat,457,Rajkot,MORVI,MORVI,Nichi mandal,-,-,-,-,-,-,22.85833333,70.95000000,,31-08-2021 06:00,2.75
4460,4460,Nichi mandal,CGWB,24,Gujarat,457,Rajkot,MORVI,MORVI,Nichi mandal,-,-,-,-,-,-,22.85833333,70.95000000,,30-11-2021 06:00,4.52
4461,4461,Nichi mandal,CGWB,24,Gujarat,457,Rajkot,MORVI,MORVI,Nichi mandal,-,-,-,-,-,-,22.85833333,70.95000000,,30-01-2022 07:00,5.66
4462,4462,Nichi mandal,CGWB,24,Gujarat,457,Rajkot,MORVI,MORVI,Nichi mandal,-,-,-,-,-,-,22.85833333,70.95000000,,30-05-2022 06:00,5.65
4463,4463,Nichi mandal,CGWB,24,Gujarat,457,Rajkot,MORVI,MORVI,Nichi mandal,-,-,-,-,-,-,22.85833333,70.95000000,,30-08-2022 06:00,3.32
4464,4464,Nichi mandal,CGWB,24,Gujarat,457,Rajkot,MORVI,MORVI,Nichi mandal,-,-,-,-,-,-,22.85833333,70.95000000,,10-11-2022 06:00,4.98
4465,4465,Nichi mandal,CGWB,24,Gujarat,457,Rajkot,MORVI,MORVI,Nichi mandal,-,-,-,-,-,-,22.85833333,70.95000000,,30-05-2023 10:00,3.15
4466,4466,Nikava,CGWB,24,Gujarat,447,Jamnagar,KALAVAD,KALAVAD,Nikava,-,-,-,-,-,-,22.19166667,70.53333333,,10-01-2021 00:00,2.25
4467,4467,Nikava,CGWB,24,Gujarat,447,Jamnagar,KALAVAD,KALAVAD,Nikava,-,-,-,-,-,-,22.19166667,70.53333333,,30-11-2021 06:00,2.5
4468,4468,Nikava,CGWB,24,Gujarat,447,Jamnagar,KALAVAD,KALAVAD,Nikava,-,-,-,-,-,-,22.19166667,70.53333333,,30-01-2022 07:00,1.32
4469,4469,Nikava,CGWB,24,Gujarat,447,Jamnagar,KALAVAD,KALAVAD,Nikava,-,-,-,-,-,-,22.19166667,70.53333333,,30-05-2022 06:00,2.65
4470,4470,Nikava,CGWB,24,Gujarat,447,Jamnagar,KALAVAD,KALAVAD,Nikava,-,-,-,-,-,-,22.19166667,70.53333333,,10-11-2022 06:00,1.25
4471,4471,Nikava,CGWB,24,Gujarat,447,Jamnagar,KALAVAD,KALAVAD,Nikava,-,-,-,-,-,-,22.19166667,70.53333333,,30-05-2023 10:00,1.42
4472,4472,Ningala,CGWB,24,Gujarat,443,Bhavnagar,GADHADA,GADHADA,Ningala,-,-,-,-,-,-,22.01805556,71.70000000,,10-01-2021 00:00,12.1
4473,4473,Ningala,CGWB,24,Gujarat,443,Bhavnagar,GADHADA,GADHADA,Ningala,-,-,-,-,-,-,22.01805556,71.70000000,,31-08-2021 06:00,8.02
4474,4474,Ningala,CGWB,24,Gujarat,443,Bhavnagar,GADHADA,GADHADA,Ningala,-,-,-,-,-,-,22.01805556,71.70000000,,30-11-2021 06:00,4.99
4475,4475,Ningala,CGWB,24,Gujarat,443,Bhavnagar,GADHADA,GADHADA,Ningala,-,-,-,-,-,-,22.01805556,71.70000000,,30-01-2022 07:00,6.31
4476,4476,Ningala,CGWB,24,Gujarat,443,Bhavnagar,GADHADA,GADHADA,Ningala,-,-,-,-,-,-,22.01805556,71.70000000,,30-05-2022 06:00,8.43
4477,4477,Ningala,CGWB,24,Gujarat,443,Bhavnagar,GADHADA,GADHADA,Ningala,-,-,-,-,-,-,22.01805556,71.70000000,,30-05-2023 10:00,5.9900002
4478,4478,Nirnavi,CGWB,24,Gujarat,442,Bharuch,VAGRA,VAGRA,Nirnavi,-,-,-,-,-,-,21.79166667,72.66805556,,10-01-2021 00:00,5.4
4479,4479,Nirnavi,CGWB,24,Gujarat,442,Bharuch,VAGRA,VAGRA,Nirnavi,-,-,-,-,-,-,21.79166667,72.66805556,,31-08-2021 06:00,6.3
4480,4480,Nirnavi,CGWB,24,Gujarat,442,Bharuch,VAGRA,VAGRA,Nirnavi,-,-,-,-,-,-,21.79166667,72.66805556,,30-11-2021 06:00,1.5
4481,4481,Nirnavi,CGWB,24,Gujarat,442,Bharuch,VAGRA,VAGRA,Nirnavi,-,-,-,-,-,-,21.79166667,72.66805556,,30-01-2022 07:00,3.29
4482,4482,Nirnavi,CGWB,24,Gujarat,442,Bharuch,VAGRA,VAGRA,Nirnavi,-,-,-,-,-,-,21.79166667,72.66805556,,30-05-2022 06:00,7.3
4483,4483,Nirnavi,CGWB,24,Gujarat,442,Bharuch,VAGRA,VAGRA,Nirnavi,-,-,-,-,-,-,21.79166667,72.66805556,,30-08-2022 06:00,1.24
4484,4484,Nirnavi,CGWB,24,Gujarat,442,Bharuch,VAGRA,VAGRA,Nirnavi,-,-,-,-,-,-,21.79166667,72.66805556,,10-11-2022 06:00,2.72
4485,4485,Nirnavi,CGWB,24,Gujarat,442,Bharuch,VAGRA,VAGRA,Nirnavi,-,-,-,-,-,-,21.79166667,72.66805556,,30-05-2023 10:00,7.3200006
4486,4486,Nirona,CGWB,24,Gujarat,449,Kachchh,NAKHATRANA,NAKHATRANA,Nirona,-,-,-,-,-,-,23.46527778,69.52500000,,10-01-2021 00:00,17.35
4487,4487,Nirona,CGWB,24,Gujarat,449,Kachchh,NAKHATRANA,NAKHATRANA,Nirona,-,-,-,-,-,-,23.46527778,69.52500000,,31-08-2021 06:00,14.13
4488,4488,Nirona,CGWB,24,Gujarat,449,Kachchh,NAKHATRANA,NAKHATRANA,Nirona,-,-,-,-,-,-,23.46527778,69.52500000,,30-11-2021 06:00,15.06
4489,4489,Nirona,CGWB,24,Gujarat,449,Kachchh,NAKHATRANA,NAKHATRANA,Nirona,-,-,-,-,-,-,23.46527778,69.52500000,,30-01-2022 07:00,14.5
4490,4490,Nirona,CGWB,24,Gujarat,449,Kachchh,NAKHATRANA,NAKHATRANA,Nirona,-,-,-,-,-,-,23.46527778,69.52500000,,30-05-2022 06:00,15.3
4491,4491,Nirona,CGWB,24,Gujarat,449,Kachchh,NAKHATRANA,NAKHATRANA,Nirona,-,-,-,-,-,-,23.46527778,69.52500000,,30-08-2022 06:00,13.29
4492,4492,Nirona,CGWB,24,Gujarat,449,Kachchh,NAKHATRANA,NAKHATRANA,Nirona,-,-,-,-,-,-,23.46527778,69.52500000,,10-11-2022 06:00,12.33
4493,4493,Nirona,CGWB,24,Gujarat,449,Kachchh,NAKHATRANA,NAKHATRANA,Nirona,-,-,-,-,-,-,23.46527778,69.52500000,,30-05-2023 10:00,12.5
4494,4494,Nizar,CGWB,24,Gujarat,459,Surat,NIZAR,NIZAR,Nizar,-,-,-,-,-,-,21.48055556,74.20000000,,10-01-2021 00:00,13.75
4495,4495,Nizar,CGWB,24,Gujarat,459,Surat,NIZAR,NIZAR,Nizar,-,-,-,-,-,-,21.48055556,74.20000000,,31-08-2021 06:00,14.85
4496,4496,Nizar,CGWB,24,Gujarat,459,Surat,NIZAR,NIZAR,Nizar,-,-,-,-,-,-,21.48055556,74.20000000,,30-11-2021 06:00,13.25
4497,4497,Nizar,CGWB,24,Gujarat,459,Surat,NIZAR,NIZAR,Nizar,-,-,-,-,-,-,21.48055556,74.20000000,,30-01-2022 07:00,12.55
4498,4498,Nizar,CGWB,24,Gujarat,459,Surat,NIZAR,NIZAR,Nizar,-,-,-,-,-,-,21.48055556,74.20000000,,30-05-2022 06:00,15.46
4499,4499,Nizar,CGWB,24,Gujarat,459,Surat,NIZAR,NIZAR,Nizar,-,-,-,-,-,-,21.48055556,74.20000000,,10-11-2022 06:00,8.93
4500,4500,Nizar,CGWB,24,Gujarat,459,Surat,NIZAR,NIZAR,Nizar,-,-,-,-,-,-,21.48055556,74.20000000,,30-05-2023 10:00,13.88
4501,4501,Nizar1,CGWB,24,Gujarat,459,Surat,NIZAR,NIZAR,Nizar,-,-,-,-,-,-,21.47722222,74.19055556,,10-01-2021 00:00,7.62
4502,4502,Nizar1,CGWB,24,Gujarat,459,Surat,NIZAR,NIZAR,Nizar,-,-,-,-,-,-,21.47722222,74.19055556,,31-08-2021 06:00,11.63
4503,4503,Nizar1,CGWB,24,Gujarat,459,Surat,NIZAR,NIZAR,Nizar,-,-,-,-,-,-,21.47722222,74.19055556,,30-11-2021 06:00,13.1
4504,4504,Nizar1,CGWB,24,Gujarat,459,Surat,NIZAR,NIZAR,Nizar,-,-,-,-,-,-,21.47722222,74.19055556,,30-05-2022 06:00,9.82
4505,4505,Nizar1,CGWB,24,Gujarat,459,Surat,NIZAR,NIZAR,Nizar,-,-,-,-,-,-,21.47722222,74.19055556,,30-08-2022 06:00,4.2
4506,4506,Nizar1,CGWB,24,Gujarat,459,Surat,NIZAR,NIZAR,Nizar,-,-,-,-,-,-,21.47722222,74.19055556,,10-11-2022 06:00,3.45
4507,4507,Nizar1,CGWB,24,Gujarat,459,Surat,NIZAR,NIZAR,Nizar,-,-,-,-,-,-,21.47722222,74.19055556,,30-05-2023 10:00,10.48
4508,4508,Oddar,CGWB,24,Gujarat,456,Porbandar,PORBANDAR,PORBANDAR,Oddar,-,-,-,-,-,-,21.56666667,69.68055556,,10-01-2021 00:00,5.58
4509,4509,Oddar,CGWB,24,Gujarat,456,Porbandar,PORBANDAR,PORBANDAR,Oddar,-,-,-,-,-,-,21.56666667,69.68055556,,31-08-2021 06:00,5.7
4510,4510,Oddar,CGWB,24,Gujarat,456,Porbandar,PORBANDAR,PORBANDAR,Oddar,-,-,-,-,-,-,21.56666667,69.68055556,,30-11-2021 06:00,1.15
4511,4511,Oddar,CGWB,24,Gujarat,456,Porbandar,PORBANDAR,PORBANDAR,Oddar,-,-,-,-,-,-,21.56666667,69.68055556,,30-01-2022 07:00,5.8
4512,4512,Oddar,CGWB,24,Gujarat,456,Porbandar,PORBANDAR,PORBANDAR,Oddar,-,-,-,-,-,-,21.56666667,69.68055556,,30-05-2022 06:00,5.86
4513,4513,Oddar,CGWB,24,Gujarat,456,Porbandar,PORBANDAR,PORBANDAR,Oddar,-,-,-,-,-,-,21.56666667,69.68055556,,30-08-2022 06:00,5.54
4514,4514,Oddar,CGWB,24,Gujarat,456,Porbandar,PORBANDAR,PORBANDAR,Oddar,-,-,-,-,-,-,21.56666667,69.68055556,,10-11-2022 06:00,5.6
4515,4515,Oddar,CGWB,24,Gujarat,456,Porbandar,PORBANDAR,PORBANDAR,Oddar,-,-,-,-,-,-,21.56666667,69.68055556,,30-05-2023 10:00,6.15
4516,4516,Olak,CGWB,24,Gujarat,460,Surendranagar,LAKHTAR,LAKHTAR,Olak,-,-,-,-,-,-,22.91861111,71.86333333,,10-01-2021 00:00,2.3
4517,4517,Olak,CGWB,24,Gujarat,460,Surendranagar,LAKHTAR,LAKHTAR,Olak,-,-,-,-,-,-,22.91861111,71.86333333,,31-08-2021 06:00,1.85
4518,4518,Olak,CGWB,24,Gujarat,460,Surendranagar,LAKHTAR,LAKHTAR,Olak,-,-,-,-,-,-,22.91861111,71.86333333,,30-11-2021 06:00,2.95
4519,4519,Olak,CGWB,24,Gujarat,460,Surendranagar,LAKHTAR,LAKHTAR,Olak,-,-,-,-,-,-,22.91861111,71.86333333,,30-01-2022 07:00,3.25
4520,4520,Olak,CGWB,24,Gujarat,460,Surendranagar,LAKHTAR,LAKHTAR,Olak,-,-,-,-,-,-,22.91861111,71.86333333,,30-05-2022 06:00,3.1
4521,4521,Olak,CGWB,24,Gujarat,460,Surendranagar,LAKHTAR,LAKHTAR,Olak,-,-,-,-,-,-,22.91861111,71.86333333,,30-08-2022 06:00,2.43
4522,4522,Olak,CGWB,24,Gujarat,460,Surendranagar,LAKHTAR,LAKHTAR,Olak,-,-,-,-,-,-,22.91861111,71.86333333,,10-11-2022 06:00,1.9
4523,4523,Olak,CGWB,24,Gujarat,460,Surendranagar,LAKHTAR,LAKHTAR,Olak,-,-,-,-,-,-,22.91861111,71.86333333,,30-05-2023 10:00,2.79
4524,4524,Olpad2,CGWB,24,Gujarat,459,Surat,OLPAD,OLPAD,Olpad,-,-,-,-,-,-,21.34166667,72.75833333,,10-01-2021 00:00,1.26
4525,4525,Olpad2,CGWB,24,Gujarat,459,Surat,OLPAD,OLPAD,Olpad,-,-,-,-,-,-,21.34166667,72.75833333,,31-08-2021 06:00,1.3
4526,4526,Olpad2,CGWB,24,Gujarat,459,Surat,OLPAD,OLPAD,Olpad,-,-,-,-,-,-,21.34166667,72.75833333,,30-11-2021 06:00,2.1
4527,4527,Olpad2,CGWB,24,Gujarat,459,Surat,OLPAD,OLPAD,Olpad,-,-,-,-,-,-,21.34166667,72.75833333,,30-01-2022 07:00,1.7
4528,4528,Olpad2,CGWB,24,Gujarat,459,Surat,OLPAD,OLPAD,Olpad,-,-,-,-,-,-,21.34166667,72.75833333,,10-11-2022 06:00,2.1
4529,4529,Olpad2,CGWB,24,Gujarat,459,Surat,OLPAD,OLPAD,Olpad,-,-,-,-,-,-,21.34166667,72.75833333,,30-08-2023 18:00,2
4530,4530,Onjal,CGWB,24,Gujarat,453,Navsari,JALALPORE,JALALPORE,Onjal,-,-,-,-,-,-,20.83333333,72.84166667,,10-01-2021 00:00,4.02
4531,4531,Onjal,CGWB,24,Gujarat,453,Navsari,JALALPORE,JALALPORE,Onjal,-,-,-,-,-,-,20.83333333,72.84166667,,31-08-2021 06:00,2.8
4532,4532,Onjal,CGWB,24,Gujarat,453,Navsari,JALALPORE,JALALPORE,Onjal,-,-,-,-,-,-,20.83333333,72.84166667,,30-11-2021 06:00,3.6
4533,4533,Onjal,CGWB,24,Gujarat,453,Navsari,JALALPORE,JALALPORE,Onjal,-,-,-,-,-,-,20.83333333,72.84166667,,30-01-2022 07:00,4.25
4534,4534,Onjal,CGWB,24,Gujarat,453,Navsari,JALALPORE,JALALPORE,Onjal,-,-,-,-,-,-,20.83333333,72.84166667,,30-05-2022 06:00,5.65
4535,4535,Onjal,CGWB,24,Gujarat,453,Navsari,JALALPORE,JALALPORE,Onjal,-,-,-,-,-,-,20.83333333,72.84166667,,30-08-2022 06:00,2.08
4536,4536,Onjal,CGWB,24,Gujarat,453,Navsari,JALALPORE,JALALPORE,Onjal,-,-,-,-,-,-,20.83333333,72.84166667,,10-11-2022 06:00,3.35
4537,4537,Onjal,CGWB,24,Gujarat,453,Navsari,JALALPORE,JALALPORE,Onjal,-,-,-,-,-,-,20.83333333,72.84166667,,30-05-2023 10:00,5.7
4538,4538,Onjal,CGWB,24,Gujarat,453,Navsari,JALALPORE,JALALPORE,Onjal,-,-,-,-,-,-,20.83333333,72.84166667,,30-08-2023 18:00,2.7
4539,4539,Ozar,CGWB,24,Gujarat,462,Valsad,PARDI,PARDI,Karwad,-,-,-,-,-,-,20.53333333,73.06944444,,30-05-2023 10:00,8.4800005
4540,4540,Pachcham_Pz,CGWB,24,Gujarat,438,Ahmedabad,DHANDHUKA,DHANDHUKA,Pachcham,-,-,-,-,-,-,22.23222222,72.17888889,,10-01-2021 00:00,1.04
4541,4541,Pachcham_Pz,CGWB,24,Gujarat,438,Ahmedabad,DHANDHUKA,DHANDHUKA,Pachcham,-,-,-,-,-,-,22.23222222,72.17888889,,31-08-2021 06:00,1.43
4542,4542,Pachcham_Pz,CGWB,24,Gujarat,438,Ahmedabad,DHANDHUKA,DHANDHUKA,Pachcham,-,-,-,-,-,-,22.23222222,72.17888889,,30-11-2021 06:00,0.85
4543,4543,Pachcham_Pz,CGWB,24,Gujarat,438,Ahmedabad,DHANDHUKA,DHANDHUKA,Pachcham,-,-,-,-,-,-,22.23222222,72.17888889,,30-01-2022 07:00,2.35
4544,4544,Pachcham_Pz,CGWB,24,Gujarat,438,Ahmedabad,DHANDHUKA,DHANDHUKA,Pachcham,-,-,-,-,-,-,22.23222222,72.17888889,,30-05-2022 06:00,5.35
4545,4545,Pachcham_Pz,CGWB,24,Gujarat,438,Ahmedabad,DHANDHUKA,DHANDHUKA,Pachcham,-,-,-,-,-,-,22.23222222,72.17888889,,30-08-2022 06:00,0.82
4546,4546,Pachcham_Pz,CGWB,24,Gujarat,438,Ahmedabad,DHANDHUKA,DHANDHUKA,Pachcham,-,-,-,-,-,-,22.23222222,72.17888889,,10-11-2022 06:00,1.27
4547,4547,Pachcham_Pz,CGWB,24,Gujarat,438,Ahmedabad,DHANDHUKA,DHANDHUKA,Pachcham,-,-,-,-,-,-,22.23222222,72.17888889,,30-05-2023 10:00,5.71
4548,4548,Padadhari,CGWB,24,Gujarat,457,Rajkot,PADDHARI,PADDHARI,Padadhari,-,-,-,-,-,-,22.44722222,70.60833333,,30-08-2022 06:00,3.62
4549,4549,Padadhari,CGWB,24,Gujarat,457,Rajkot,PADDHARI,PADDHARI,Padadhari,-,-,-,-,-,-,22.44722222,70.60833333,,30-05-2023 10:00,6.5899997
4550,4550,Padadhari1,CGWB,24,Gujarat,457,Rajkot,PADDHARI,PADDHARI,Padadhari,-,-,-,-,-,-,22.44722222,70.60833333,,10-01-2021 00:00,4.05
4551,4551,Padadhari1,CGWB,24,Gujarat,457,Rajkot,PADDHARI,PADDHARI,Padadhari,-,-,-,-,-,-,22.44722222,70.60833333,,31-08-2021 06:00,3.9
4552,4552,Padadhari1,CGWB,24,Gujarat,457,Rajkot,PADDHARI,PADDHARI,Padadhari,-,-,-,-,-,-,22.44722222,70.60833333,,30-11-2021 06:00,4.1
4553,4553,Padadhari1,CGWB,24,Gujarat,457,Rajkot,PADDHARI,PADDHARI,Padadhari,-,-,-,-,-,-,22.44722222,70.60833333,,30-01-2022 07:00,4.57
4554,4554,Padadhari1,CGWB,24,Gujarat,457,Rajkot,PADDHARI,PADDHARI,Padadhari,-,-,-,-,-,-,22.44722222,70.60833333,,30-05-2022 06:00,5.32
4555,4555,Padadhari1,CGWB,24,Gujarat,457,Rajkot,PADDHARI,PADDHARI,Padadhari,-,-,-,-,-,-,22.44722222,70.60833333,,10-11-2022 06:00,4.33
4556,4556,Padhadya,CGWB,24,Gujarat,451,Mahesana,MAHESANA,MAHESANA,Padhadya,-,-,-,-,-,-,23.52250000,72.53333333,,10-01-2021 00:00,11.43
4557,4557,Padhadya,CGWB,24,Gujarat,451,Mahesana,MAHESANA,MAHESANA,Padhadya,-,-,-,-,-,-,23.52250000,72.53333333,,31-08-2021 06:00,12.18
4558,4558,Padhadya,CGWB,24,Gujarat,451,Mahesana,MAHESANA,MAHESANA,Padhadya,-,-,-,-,-,-,23.52250000,72.53333333,,30-11-2021 06:00,10.84
4559,4559,Padhadya,CGWB,24,Gujarat,451,Mahesana,MAHESANA,MAHESANA,Padhadya,-,-,-,-,-,-,23.52250000,72.53333333,,30-01-2022 07:00,11.98
4560,4560,Padhadya,CGWB,24,Gujarat,451,Mahesana,MAHESANA,MAHESANA,Padhadya,-,-,-,-,-,-,23.52250000,72.53333333,,30-05-2022 06:00,11.38
4561,4561,Padhadya,CGWB,24,Gujarat,451,Mahesana,MAHESANA,MAHESANA,Padhadya,-,-,-,-,-,-,23.52250000,72.53333333,,30-08-2022 06:00,11.15
4562,4562,Padhadya,CGWB,24,Gujarat,451,Mahesana,MAHESANA,MAHESANA,Padhadya,-,-,-,-,-,-,23.52250000,72.53333333,,10-11-2022 06:00,10.25
4563,4563,Padhadya,CGWB,24,Gujarat,451,Mahesana,MAHESANA,MAHESANA,Padhadya,-,-,-,-,-,-,23.52250000,72.53333333,,30-05-2023 10:00,11.27
4564,4564,Padusma Pz I,CGWB,24,Gujarat,446,Gandhinagar,-,-,-,-,-,-,-,-,-,23.49416700,72.62166700,,31-08-2021 06:00,173.07
4565,4565,Padusma Pz I,CGWB,24,Gujarat,446,Gandhinagar,-,-,-,-,-,-,-,-,-,23.49416700,72.62166700,,30-11-2021 06:00,180.32
4566,4566,Padusma Pz I,CGWB,24,Gujarat,446,Gandhinagar,-,-,-,-,-,-,-,-,-,23.49416700,72.62166700,,30-01-2022 07:00,182.8
4567,4567,Padusma Pz I,CGWB,24,Gujarat,446,Gandhinagar,-,-,-,-,-,-,-,-,-,23.49416700,72.62166700,,30-05-2022 06:00,184.6
4568,4568,Padusma Pz I,CGWB,24,Gujarat,446,Gandhinagar,-,-,-,-,-,-,-,-,-,23.49416700,72.62166700,,30-08-2022 06:00,178.73
4569,4569,Padusma Pz I,CGWB,24,Gujarat,446,Gandhinagar,-,-,-,-,-,-,-,-,-,23.49416700,72.62166700,,10-11-2022 06:00,179.44
4570,4570,Padusma Pz I,CGWB,24,Gujarat,446,Gandhinagar,-,-,-,-,-,-,-,-,-,23.49416700,72.62166700,,10-01-2023 18:00,181.7
4571,4571,Padusma Pz I,CGWB,24,Gujarat,446,Gandhinagar,-,-,-,-,-,-,-,-,-,23.49416700,72.62166700,,30-05-2023 10:00,182.9
4572,4572,Palanpur2,CGWB,24,Gujarat,441,Banaskantha,PALANPUR,PALANPUR,Palanpur,-,-,-,-,-,-,24.19444444,72.43333333,,10-01-2021 00:00,22.09
4573,4573,Palanpur2,CGWB,24,Gujarat,441,Banaskantha,PALANPUR,PALANPUR,Palanpur,-,-,-,-,-,-,24.19444444,72.43333333,,31-08-2021 06:00,25.29
4574,4574,Palanpur2,CGWB,24,Gujarat,441,Banaskantha,PALANPUR,PALANPUR,Palanpur,-,-,-,-,-,-,24.19444444,72.43333333,,30-11-2021 06:00,24.75
4575,4575,Palanpur2,CGWB,24,Gujarat,441,Banaskantha,PALANPUR,PALANPUR,Palanpur,-,-,-,-,-,-,24.19444444,72.43333333,,30-01-2022 07:00,25.32
4576,4576,Palanpur2,CGWB,24,Gujarat,441,Banaskantha,PALANPUR,PALANPUR,Palanpur,-,-,-,-,-,-,24.19444444,72.43333333,,30-05-2022 06:00,28.21
4577,4577,Palanpur2,CGWB,24,Gujarat,441,Banaskantha,PALANPUR,PALANPUR,Palanpur,-,-,-,-,-,-,24.19444444,72.43333333,,30-08-2022 06:00,24.5
4578,4578,Palanpur2,CGWB,24,Gujarat,441,Banaskantha,PALANPUR,PALANPUR,Palanpur,-,-,-,-,-,-,24.19444444,72.43333333,,10-11-2022 06:00,22.75
4579,4579,Palanpur2,CGWB,24,Gujarat,441,Banaskantha,PALANPUR,PALANPUR,Palanpur,-,-,-,-,-,-,24.19444444,72.43333333,,01-01-2023 00:00,23.84
4580,4580,Palanpur2,CGWB,24,Gujarat,441,Banaskantha,PALANPUR,PALANPUR,Palanpur,-,-,-,-,-,-,24.19444444,72.43333333,,30-05-2023 10:00,26.47
4581,4581,Palanpur_Pz,CGWB,24,Gujarat,441,Banaskantha,PALANPUR,PALANPUR,Palanpur,-,-,-,-,-,-,24.17222222,72.45000000,,10-01-2021 00:00,38.48
4582,4582,Palanpur_Pz,CGWB,24,Gujarat,441,Banaskantha,PALANPUR,PALANPUR,Palanpur,-,-,-,-,-,-,24.17222222,72.45000000,,31-08-2021 06:00,40.06
4583,4583,Palanpur_Pz,CGWB,24,Gujarat,441,Banaskantha,PALANPUR,PALANPUR,Palanpur,-,-,-,-,-,-,24.17222222,72.45000000,,30-11-2021 06:00,39.71
4584,4584,Palanpur_Pz,CGWB,24,Gujarat,441,Banaskantha,PALANPUR,PALANPUR,Palanpur,-,-,-,-,-,-,24.17222222,72.45000000,,30-01-2022 07:00,39.93
4585,4585,Palanpur_Pz,CGWB,24,Gujarat,441,Banaskantha,PALANPUR,PALANPUR,Palanpur,-,-,-,-,-,-,24.17222222,72.45000000,,30-05-2022 06:00,41.31
4586,4586,Palanpur_Pz,CGWB,24,Gujarat,441,Banaskantha,PALANPUR,PALANPUR,Palanpur,-,-,-,-,-,-,24.17222222,72.45000000,,10-11-2022 06:00,40.93
4587,4587,Palanpur_Pz,CGWB,24,Gujarat,441,Banaskantha,PALANPUR,PALANPUR,Palanpur,-,-,-,-,-,-,24.17222222,72.45000000,,01-01-2023 00:00,39.92
4588,4588,Palaswa Pz II_1,CGWB,24,Gujarat,449,Kachchh,RAPAR,-,-,-,-,-,-,-,-,23.47166667,70.92083333,,10-01-2021 06:00,2.67
4589,4589,Palaswa Pz II_1,CGWB,24,Gujarat,449,Kachchh,RAPAR,-,-,-,-,-,-,-,-,23.47166667,70.92083333,,30-05-2021 06:00,3.1
4590,4590,Palaswa Pz II_1,CGWB,24,Gujarat,449,Kachchh,RAPAR,-,-,-,-,-,-,-,-,23.47166667,70.92083333,,30-05-2023 10:00,3.84
4591,4591,Palitana1,CGWB,24,Gujarat,443,Bhavnagar,PALITANA,PALITANA,Palitana,-,-,-,-,-,-,21.52500000,71.82361111,,10-01-2021 00:00,5.63
4592,4592,Palitana1,CGWB,24,Gujarat,443,Bhavnagar,PALITANA,PALITANA,Palitana,-,-,-,-,-,-,21.52500000,71.82361111,,31-08-2021 06:00,2.42
4593,4593,Palitana1,CGWB,24,Gujarat,443,Bhavnagar,PALITANA,PALITANA,Palitana,-,-,-,-,-,-,21.52500000,71.82361111,,30-11-2021 06:00,2.25
4594,4594,Palitana1,CGWB,24,Gujarat,443,Bhavnagar,PALITANA,PALITANA,Palitana,-,-,-,-,-,-,21.52500000,71.82361111,,30-01-2022 07:00,3.93
4595,4595,Palitana1,CGWB,24,Gujarat,443,Bhavnagar,PALITANA,PALITANA,Palitana,-,-,-,-,-,-,21.52500000,71.82361111,,30-05-2022 06:00,4.8
4596,4596,Palitana1,CGWB,24,Gujarat,443,Bhavnagar,PALITANA,PALITANA,Palitana,-,-,-,-,-,-,21.52500000,71.82361111,,30-05-2023 10:00,7.9599996
4597,4597,Palitana2,CGWB,24,Gujarat,443,Bhavnagar,PALITANA,PALITANA,Palitana,-,-,-,-,-,-,21.52222222,71.83888889,,10-01-2021 00:00,7.48
4598,4598,Palitana2,CGWB,24,Gujarat,443,Bhavnagar,PALITANA,PALITANA,Palitana,-,-,-,-,-,-,21.52222222,71.83888889,,31-08-2021 06:00,2.67
4599,4599,Palitana2,CGWB,24,Gujarat,443,Bhavnagar,PALITANA,PALITANA,Palitana,-,-,-,-,-,-,21.52222222,71.83888889,,30-11-2021 06:00,3.2
4600,4600,Palitana2,CGWB,24,Gujarat,443,Bhavnagar,PALITANA,PALITANA,Palitana,-,-,-,-,-,-,21.52222222,71.83888889,,30-01-2022 07:00,4.62
4601,4601,Palitana2,CGWB,24,Gujarat,443,Bhavnagar,PALITANA,PALITANA,Palitana,-,-,-,-,-,-,21.52222222,71.83888889,,30-08-2022 06:00,5.12
4602,4602,Palitana2,CGWB,24,Gujarat,443,Bhavnagar,PALITANA,PALITANA,Palitana,-,-,-,-,-,-,21.52222222,71.83888889,,10-11-2022 06:00,8.2
4603,4603,Paliya,CGWB,24,Gujarat,446,Gandhinagar,DEHGAM,DEHGAM,Paliya,-,-,-,-,-,-,23.17916667,72.84166667,,31-08-2021 06:00,3.02
4604,4604,Paliya,CGWB,24,Gujarat,446,Gandhinagar,DEHGAM,DEHGAM,Paliya,-,-,-,-,-,-,23.17916667,72.84166667,,30-11-2021 06:00,2.92
4605,4605,Paliya,CGWB,24,Gujarat,446,Gandhinagar,DEHGAM,DEHGAM,Paliya,-,-,-,-,-,-,23.17916667,72.84166667,,30-01-2022 07:00,4.22
4606,4606,Paliya,CGWB,24,Gujarat,446,Gandhinagar,DEHGAM,DEHGAM,Paliya,-,-,-,-,-,-,23.17916667,72.84166667,,30-05-2022 06:00,4.94
4607,4607,Paliya,CGWB,24,Gujarat,446,Gandhinagar,DEHGAM,DEHGAM,Paliya,-,-,-,-,-,-,23.17916667,72.84166667,,10-11-2022 06:00,4.52
4608,4608,Paliya,CGWB,24,Gujarat,446,Gandhinagar,DEHGAM,DEHGAM,Paliya,-,-,-,-,-,-,23.17916667,72.84166667,,10-01-2023 18:00,6.36
4609,4609,Paliya,CGWB,24,Gujarat,446,Gandhinagar,DEHGAM,DEHGAM,Paliya,-,-,-,-,-,-,23.17916667,72.84166667,,30-05-2023 10:00,
4610,4610,Paliyad2,CGWB,24,Gujarat,443,Bhavnagar,BOTAD,BOTAD,Paliyad,-,-,-,-,-,-,22.25555556,71.56388889,,31-08-2021 06:00,0.66
4611,4611,Paliyad2,CGWB,24,Gujarat,443,Bhavnagar,BOTAD,BOTAD,Paliyad,-,-,-,-,-,-,22.25555556,71.56388889,,30-11-2021 06:00,0.3
4612,4612,Paliyad2,CGWB,24,Gujarat,443,Bhavnagar,BOTAD,BOTAD,Paliyad,-,-,-,-,-,-,22.25555556,71.56388889,,30-01-2022 07:00,1.81
4613,4613,Paliyad2,CGWB,24,Gujarat,443,Bhavnagar,BOTAD,BOTAD,Paliyad,-,-,-,-,-,-,22.25555556,71.56388889,,10-11-2022 06:00,5.71
4614,4614,Palkhada1,CGWB,24,Gujarat,456,Porbandar,PORBANDAR,PORBANDAR,Palkhada,-,-,-,-,-,-,21.75833333,69.48750000,,10-01-2021 00:00,5.93
4615,4615,Palkhada1,CGWB,24,Gujarat,456,Porbandar,PORBANDAR,PORBANDAR,Palkhada,-,-,-,-,-,-,21.75833333,69.48750000,,31-08-2021 06:00,3.66
4616,4616,Palkhada1,CGWB,24,Gujarat,456,Porbandar,PORBANDAR,PORBANDAR,Palkhada,-,-,-,-,-,-,21.75833333,69.48750000,,30-11-2021 06:00,2.71
4617,4617,Palkhada1,CGWB,24,Gujarat,456,Porbandar,PORBANDAR,PORBANDAR,Palkhada,-,-,-,-,-,-,21.75833333,69.48750000,,30-01-2022 07:00,4.43
4618,4618,Palkhada1,CGWB,24,Gujarat,456,Porbandar,PORBANDAR,PORBANDAR,Palkhada,-,-,-,-,-,-,21.75833333,69.48750000,,30-05-2022 06:00,10.01
4619,4619,Palkhada1,CGWB,24,Gujarat,456,Porbandar,PORBANDAR,PORBANDAR,Palkhada,-,-,-,-,-,-,21.75833333,69.48750000,,30-08-2022 06:00,1.33
4620,4620,Palkhada1,CGWB,24,Gujarat,456,Porbandar,PORBANDAR,PORBANDAR,Palkhada,-,-,-,-,-,-,21.75833333,69.48750000,,10-11-2022 06:00,3.54
4621,4621,Palkhada1,CGWB,24,Gujarat,456,Porbandar,PORBANDAR,PORBANDAR,Palkhada,-,-,-,-,-,-,21.75833333,69.48750000,,30-05-2023 10:00,9.63
4622,4622,Palla Rajgarh Pz,CGWB,24,Gujarat,454,Panchmahals,GHOGHAMBA,GHOGHAMBA,Palla Rajgarh Pz,-,-,-,-,-,-,22.52277778,73.70083333,,10-01-2021 00:00,11.45
4623,4623,Palla Rajgarh Pz,CGWB,24,Gujarat,454,Panchmahals,GHOGHAMBA,GHOGHAMBA,Palla Rajgarh Pz,-,-,-,-,-,-,22.52277778,73.70083333,,31-08-2021 06:00,18.1
4624,4624,Palla Rajgarh Pz,CGWB,24,Gujarat,454,Panchmahals,GHOGHAMBA,GHOGHAMBA,Palla Rajgarh Pz,-,-,-,-,-,-,22.52277778,73.70083333,,30-11-2021 06:00,12.85
4625,4625,Palla Rajgarh Pz,CGWB,24,Gujarat,454,Panchmahals,GHOGHAMBA,GHOGHAMBA,Palla Rajgarh Pz,-,-,-,-,-,-,22.52277778,73.70083333,,30-01-2022 07:00,16.5
4626,4626,Palla Rajgarh Pz,CGWB,24,Gujarat,454,Panchmahals,GHOGHAMBA,GHOGHAMBA,Palla Rajgarh Pz,-,-,-,-,-,-,22.52277778,73.70083333,,30-05-2022 06:00,22.81
4627,4627,Palla Rajgarh Pz,CGWB,24,Gujarat,454,Panchmahals,GHOGHAMBA,GHOGHAMBA,Palla Rajgarh Pz,-,-,-,-,-,-,22.52277778,73.70083333,,30-08-2022 06:00,11.78
4628,4628,Palla Rajgarh Pz,CGWB,24,Gujarat,454,Panchmahals,GHOGHAMBA,GHOGHAMBA,Palla Rajgarh Pz,-,-,-,-,-,-,22.52277778,73.70083333,,10-11-2022 06:00,6.61
4629,4629,Palla Rajgarh Pz,CGWB,24,Gujarat,454,Panchmahals,GHOGHAMBA,GHOGHAMBA,Palla Rajgarh Pz,-,-,-,-,-,-,22.52277778,73.70083333,,10-01-2023 18:00,7.75
4630,4630,Palsana,CGWB,24,Gujarat,459,Surat,PALSANA,PALSANA,Palsana,-,-,-,-,-,-,21.07777778,72.99166667,,10-01-2021 00:00,1.17
4631,4631,Palsana,CGWB,24,Gujarat,459,Surat,PALSANA,PALSANA,Palsana,-,-,-,-,-,-,21.07777778,72.99166667,,31-08-2021 06:00,2.14
4632,4632,Palsana,CGWB,24,Gujarat,459,Surat,PALSANA,PALSANA,Palsana,-,-,-,-,-,-,21.07777778,72.99166667,,30-11-2021 06:00,1.31
4633,4633,Palsana,CGWB,24,Gujarat,459,Surat,PALSANA,PALSANA,Palsana,-,-,-,-,-,-,21.07777778,72.99166667,,30-01-2022 07:00,1.49
4634,4634,Palsana,CGWB,24,Gujarat,459,Surat,PALSANA,PALSANA,Palsana,-,-,-,-,-,-,21.07777778,72.99166667,,30-05-2022 06:00,2.35
4635,4635,Palsana,CGWB,24,Gujarat,459,Surat,PALSANA,PALSANA,Palsana,-,-,-,-,-,-,21.07777778,72.99166667,,30-08-2022 06:00,0.84
4636,4636,Palsana,CGWB,24,Gujarat,459,Surat,PALSANA,PALSANA,Palsana,-,-,-,-,-,-,21.07777778,72.99166667,,10-11-2022 06:00,1.44
4637,4637,Palsana,CGWB,24,Gujarat,459,Surat,PALSANA,PALSANA,Palsana,-,-,-,-,-,-,21.07777778,72.99166667,,30-05-2023 10:00,2.34
4638,4638,Palsana,CGWB,24,Gujarat,459,Surat,PALSANA,PALSANA,Palsana,-,-,-,-,-,-,21.07777778,72.99166667,,30-08-2023 18:00,1.44
4639,4639,Panchasar Pz I,CGWB,24,Gujarat,449,Kachchh,RAPAR,-,-,-,-,-,-,-,-,23.54805600,70.77027800,,31-08-2021 06:00,97.9
4640,4640,Panchasar Pz I,CGWB,24,Gujarat,449,Kachchh,RAPAR,-,-,-,-,-,-,-,-,23.54805600,70.77027800,,30-11-2021 06:00,98.47
4641,4641,Panchasar Pz I,CGWB,24,Gujarat,449,Kachchh,RAPAR,-,-,-,-,-,-,-,-,23.54805600,70.77027800,,30-01-2022 07:00,99.1
4642,4642,Panchasar Pz I,CGWB,24,Gujarat,449,Kachchh,RAPAR,-,-,-,-,-,-,-,-,23.54805600,70.77027800,,30-05-2022 06:00,99.73
4643,4643,Panchasar Pz I,CGWB,24,Gujarat,449,Kachchh,RAPAR,-,-,-,-,-,-,-,-,23.54805600,70.77027800,,30-08-2022 06:00,98.61
4644,4644,Panchasar Pz I,CGWB,24,Gujarat,449,Kachchh,RAPAR,-,-,-,-,-,-,-,-,23.54805600,70.77027800,,10-11-2022 06:00,102.41
4645,4645,Panchasar Pz I,CGWB,24,Gujarat,449,Kachchh,RAPAR,-,-,-,-,-,-,-,-,23.54805600,70.77027800,,30-05-2023 10:00,104.57
4646,4646,Panchasar Pz II,CGWB,24,Gujarat,449,Kachchh,RAPAR,-,-,-,-,-,-,-,-,23.54805600,70.77027800,,31-08-2021 06:00,30.24
4647,4647,Panchasar Pz II,CGWB,24,Gujarat,449,Kachchh,RAPAR,-,-,-,-,-,-,-,-,23.54805600,70.77027800,,30-11-2021 06:00,31.72
4648,4648,Panchasar Pz II,CGWB,24,Gujarat,449,Kachchh,RAPAR,-,-,-,-,-,-,-,-,23.54805600,70.77027800,,30-01-2022 07:00,30.37
4649,4649,Panchasar Pz II,CGWB,24,Gujarat,449,Kachchh,RAPAR,-,-,-,-,-,-,-,-,23.54805600,70.77027800,,30-05-2022 06:00,30.47
4650,4650,Panchasar Pz II,CGWB,24,Gujarat,449,Kachchh,RAPAR,-,-,-,-,-,-,-,-,23.54805600,70.77027800,,30-08-2022 06:00,29.95
4651,4651,Panchasar Pz II,CGWB,24,Gujarat,449,Kachchh,RAPAR,-,-,-,-,-,-,-,-,23.54805600,70.77027800,,10-11-2022 06:00,32.29
4652,4652,Panchasar Pz II,CGWB,24,Gujarat,449,Kachchh,RAPAR,-,-,-,-,-,-,-,-,23.54805600,70.77027800,,30-05-2023 10:00,31.82
4653,4653,Panchot,CGWB,24,Gujarat,451,Mahesana,MAHESANA,MAHESANA,Panchot,-,-,-,-,-,-,23.62916667,72.34166667,,10-01-2021 00:00,4.29
4654,4654,Panchot,CGWB,24,Gujarat,451,Mahesana,MAHESANA,MAHESANA,Panchot,-,-,-,-,-,-,23.62916667,72.34166667,,31-08-2021 06:00,5.07
4655,4655,Panchot,CGWB,24,Gujarat,451,Mahesana,MAHESANA,MAHESANA,Panchot,-,-,-,-,-,-,23.62916667,72.34166667,,30-11-2021 06:00,1.94
4656,4656,Panchot,CGWB,24,Gujarat,451,Mahesana,MAHESANA,MAHESANA,Panchot,-,-,-,-,-,-,23.62916667,72.34166667,,30-01-2022 07:00,3.35
4657,4657,Panchot,CGWB,24,Gujarat,451,Mahesana,MAHESANA,MAHESANA,Panchot,-,-,-,-,-,-,23.62916667,72.34166667,,30-05-2022 06:00,5.8
4658,4658,Panchot,CGWB,24,Gujarat,451,Mahesana,MAHESANA,MAHESANA,Panchot,-,-,-,-,-,-,23.62916667,72.34166667,,30-08-2022 06:00,1.65
4659,4659,Panchot,CGWB,24,Gujarat,451,Mahesana,MAHESANA,MAHESANA,Panchot,-,-,-,-,-,-,23.62916667,72.34166667,,10-11-2022 06:00,2.85
4660,4660,Panchot,CGWB,24,Gujarat,451,Mahesana,MAHESANA,MAHESANA,Panchot,-,-,-,-,-,-,23.62916667,72.34166667,,30-05-2023 10:00,5.48
4661,4661,Panchpipla,CGWB,24,Gujarat,443,Bhavnagar,PALITANA,PALITANA,Panchpipla,-,-,-,-,-,-,21.55000000,71.72083333,,10-01-2021 00:00,2.52
4662,4662,Panchpipla,CGWB,24,Gujarat,443,Bhavnagar,PALITANA,PALITANA,Panchpipla,-,-,-,-,-,-,21.55000000,71.72083333,,31-08-2021 06:00,-0.35
4663,4663,Panchpipla,CGWB,24,Gujarat,443,Bhavnagar,PALITANA,PALITANA,Panchpipla,-,-,-,-,-,-,21.55000000,71.72083333,,30-11-2021 06:00,-0.35
4664,4664,Panchpipla,CGWB,24,Gujarat,443,Bhavnagar,PALITANA,PALITANA,Panchpipla,-,-,-,-,-,-,21.55000000,71.72083333,,30-01-2022 07:00,1.21
4665,4665,Panchpipla,CGWB,24,Gujarat,443,Bhavnagar,PALITANA,PALITANA,Panchpipla,-,-,-,-,-,-,21.55000000,71.72083333,,30-05-2022 06:00,3.15
4666,4666,Panchpipla,CGWB,24,Gujarat,443,Bhavnagar,PALITANA,PALITANA,Panchpipla,-,-,-,-,-,-,21.55000000,71.72083333,,30-08-2022 06:00,0.01
4667,4667,Panchpipla,CGWB,24,Gujarat,443,Bhavnagar,PALITANA,PALITANA,Panchpipla,-,-,-,-,-,-,21.55000000,71.72083333,,10-11-2022 06:00,8.85
4668,4668,Panchpipla,CGWB,24,Gujarat,443,Bhavnagar,PALITANA,PALITANA,Panchpipla,-,-,-,-,-,-,21.55000000,71.72083333,,30-05-2023 10:00,5.37
4669,4669,Panchwada,CGWB,24,Gujarat,445,Dohad,GARBADA,GARBADA,Panchwada,-,-,-,-,-,-,22.72916667,74.30833333,,10-01-2021 00:00,2.5
4670,4670,Panchwada,CGWB,24,Gujarat,445,Dohad,GARBADA,GARBADA,Panchwada,-,-,-,-,-,-,22.72916667,74.30833333,,31-08-2021 06:00,5
4671,4671,Panchwada,CGWB,24,Gujarat,445,Dohad,GARBADA,GARBADA,Panchwada,-,-,-,-,-,-,22.72916667,74.30833333,,30-11-2021 06:00,3.25
4672,4672,Panchwada,CGWB,24,Gujarat,445,Dohad,GARBADA,GARBADA,Panchwada,-,-,-,-,-,-,22.72916667,74.30833333,,30-01-2022 07:00,3.96
4673,4673,Panchwada,CGWB,24,Gujarat,445,Dohad,GARBADA,GARBADA,Panchwada,-,-,-,-,-,-,22.72916667,74.30833333,,30-05-2022 06:00,6.04
4674,4674,Panchwada,CGWB,24,Gujarat,445,Dohad,GARBADA,GARBADA,Panchwada,-,-,-,-,-,-,22.72916667,74.30833333,,30-08-2022 06:00,4
4675,4675,Panchwada,CGWB,24,Gujarat,445,Dohad,GARBADA,GARBADA,Panchwada,-,-,-,-,-,-,22.72916667,74.30833333,,10-11-2022 06:00,3.3
4676,4676,Panchwada,CGWB,24,Gujarat,445,Dohad,GARBADA,GARBADA,Panchwada,-,-,-,-,-,-,22.72916667,74.30833333,,10-01-2023 18:00,4.31
4677,4677,Panchwada,CGWB,24,Gujarat,445,Dohad,GARBADA,GARBADA,Panchwada,-,-,-,-,-,-,22.72916667,74.30833333,,30-05-2023 10:00,6
4678,4678,Pandarvada,CGWB,24,Gujarat,454,Panchmahals,KHANPUR,KHANPUR,Pandarvada,-,-,-,-,-,-,23.37500000,73.63333333,,10-01-2021 00:00,15.56
4679,4679,Pandarvada,CGWB,24,Gujarat,454,Panchmahals,KHANPUR,KHANPUR,Pandarvada,-,-,-,-,-,-,23.37500000,73.63333333,,31-08-2021 06:00,5.36
4680,4680,Pandarvada,CGWB,24,Gujarat,454,Panchmahals,KHANPUR,KHANPUR,Pandarvada,-,-,-,-,-,-,23.37500000,73.63333333,,30-11-2021 06:00,13.41
4681,4681,Pandarvada,CGWB,24,Gujarat,454,Panchmahals,KHANPUR,KHANPUR,Pandarvada,-,-,-,-,-,-,23.37500000,73.63333333,,30-01-2022 07:00,15.56
4682,4682,Pandarvada,CGWB,24,Gujarat,454,Panchmahals,KHANPUR,KHANPUR,Pandarvada,-,-,-,-,-,-,23.37500000,73.63333333,,30-08-2022 06:00,0.86
4683,4683,Pandarvada,CGWB,24,Gujarat,454,Panchmahals,KHANPUR,KHANPUR,Pandarvada,-,-,-,-,-,-,23.37500000,73.63333333,,10-11-2022 06:00,7.18
4684,4684,Pandarvada,CGWB,24,Gujarat,454,Panchmahals,KHANPUR,KHANPUR,Pandarvada,-,-,-,-,-,-,23.37500000,73.63333333,,10-01-2023 18:00,7.68
4685,4685,Pandarvada,CGWB,24,Gujarat,454,Panchmahals,KHANPUR,KHANPUR,Pandarvada,-,-,-,-,-,-,23.37500000,73.63333333,,30-05-2023 10:00,
4686,4686,Paneshwar,CGWB,24,Gujarat,459,Surat,MANGROL,MANGROL,Paneshwar,-,-,-,-,-,-,21.45416667,73.19833333,,10-01-2021 00:00,8.42
4687,4687,Paneshwar,CGWB,24,Gujarat,459,Surat,MANGROL,MANGROL,Paneshwar,-,-,-,-,-,-,21.45416667,73.19833333,,30-08-2022 06:00,4.25
4688,4688,Paneshwar,CGWB,24,Gujarat,459,Surat,MANGROL,MANGROL,Paneshwar,-,-,-,-,-,-,21.45416667,73.19833333,,10-11-2022 06:00,13.6
4689,4689,Panikhadak,CGWB,24,Gujarat,453,Navsari,CHIKHLI,CHIKHLI,Panikhadak,-,-,-,-,-,-,20.64916667,73.16694444,,10-01-2021 00:00,6.46
4690,4690,Panikhadak,CGWB,24,Gujarat,453,Navsari,CHIKHLI,CHIKHLI,Panikhadak,-,-,-,-,-,-,20.64916667,73.16694444,,31-08-2021 06:00,7.2
4691,4691,Panikhadak,CGWB,24,Gujarat,453,Navsari,CHIKHLI,CHIKHLI,Panikhadak,-,-,-,-,-,-,20.64916667,73.16694444,,30-11-2021 06:00,6.9
4692,4692,Panikhadak,CGWB,24,Gujarat,453,Navsari,CHIKHLI,CHIKHLI,Panikhadak,-,-,-,-,-,-,20.64916667,73.16694444,,30-01-2022 07:00,7.65
4693,4693,Panikhadak,CGWB,24,Gujarat,453,Navsari,CHIKHLI,CHIKHLI,Panikhadak,-,-,-,-,-,-,20.64916667,73.16694444,,30-05-2022 06:00,11.88
4694,4694,Panikhadak,CGWB,24,Gujarat,453,Navsari,CHIKHLI,CHIKHLI,Panikhadak,-,-,-,-,-,-,20.64916667,73.16694444,,30-08-2022 06:00,4.04
4695,4695,Panikhadak,CGWB,24,Gujarat,453,Navsari,CHIKHLI,CHIKHLI,Panikhadak,-,-,-,-,-,-,20.64916667,73.16694444,,10-11-2022 06:00,4.92
4696,4696,Panikhadak,CGWB,24,Gujarat,453,Navsari,CHIKHLI,CHIKHLI,Panikhadak,-,-,-,-,-,-,20.64916667,73.16694444,,30-05-2023 10:00,
4697,4697,Panikhadak,CGWB,24,Gujarat,453,Navsari,CHIKHLI,CHIKHLI,Panikhadak,-,-,-,-,-,-,20.64916667,73.16694444,,30-08-2023 18:00,4.6
4698,4698,Paniwara,CGWB,24,Gujarat,459,Surat,NIZAR,NIZAR,Paniwara,-,-,-,-,-,-,21.53944444,74.06944444,,10-01-2021 00:00,5.85
4699,4699,Panoli,CGWB,24,Gujarat,442,Bharuch,ANKLESVAR,ANKLESVAR,Panoli,-,-,-,-,-,-,21.53750000,72.97500000,,10-01-2021 00:00,4.51
4700,4700,Panoli,CGWB,24,Gujarat,442,Bharuch,ANKLESVAR,ANKLESVAR,Panoli,-,-,-,-,-,-,21.53750000,72.97500000,,31-08-2021 06:00,0.25
4701,4701,Panoli,CGWB,24,Gujarat,442,Bharuch,ANKLESVAR,ANKLESVAR,Panoli,-,-,-,-,-,-,21.53750000,72.97500000,,30-11-2021 06:00,1.55
4702,4702,Panoli,CGWB,24,Gujarat,442,Bharuch,ANKLESVAR,ANKLESVAR,Panoli,-,-,-,-,-,-,21.53750000,72.97500000,,30-01-2022 07:00,4.08
4703,4703,Panoli,CGWB,24,Gujarat,442,Bharuch,ANKLESVAR,ANKLESVAR,Panoli,-,-,-,-,-,-,21.53750000,72.97500000,,30-05-2022 06:00,2.98
4704,4704,Panoli,CGWB,24,Gujarat,442,Bharuch,ANKLESVAR,ANKLESVAR,Panoli,-,-,-,-,-,-,21.53750000,72.97500000,,10-11-2022 06:00,2.95
4705,4705,Panoli,CGWB,24,Gujarat,442,Bharuch,ANKLESVAR,ANKLESVAR,Panoli,-,-,-,-,-,-,21.53750000,72.97500000,,30-05-2023 10:00,3.05
4706,4706,Panvi1,CGWB,24,Gujarat,443,Bhavnagar,VALLABHIPUR,VALLABHIPUR,Panvi,-,-,-,-,-,-,22.07500000,71.89166667,,10-01-2021 00:00,3.15
4707,4707,Panvi1,CGWB,24,Gujarat,443,Bhavnagar,VALLABHIPUR,VALLABHIPUR,Panvi,-,-,-,-,-,-,22.07500000,71.89166667,,31-08-2021 06:00,2.28
4708,4708,Panvi1,CGWB,24,Gujarat,443,Bhavnagar,VALLABHIPUR,VALLABHIPUR,Panvi,-,-,-,-,-,-,22.07500000,71.89166667,,30-11-2021 06:00,1.65
4709,4709,Panvi1,CGWB,24,Gujarat,443,Bhavnagar,VALLABHIPUR,VALLABHIPUR,Panvi,-,-,-,-,-,-,22.07500000,71.89166667,,30-01-2022 07:00,2.52
4710,4710,Panvi1,CGWB,24,Gujarat,443,Bhavnagar,VALLABHIPUR,VALLABHIPUR,Panvi,-,-,-,-,-,-,22.07500000,71.89166667,,30-05-2022 06:00,4.6
4711,4711,Panwad,CGWB,24,Gujarat,461,Vadodara,KAVANT,KAVANT,Panwad,-,-,-,-,-,-,22.20000000,74.04166667,,10-01-2021 00:00,7.38
4712,4712,Panwad,CGWB,24,Gujarat,461,Vadodara,KAVANT,KAVANT,Panwad,-,-,-,-,-,-,22.20000000,74.04166667,,31-08-2021 06:00,6.2
4713,4713,Panwad,CGWB,24,Gujarat,461,Vadodara,KAVANT,KAVANT,Panwad,-,-,-,-,-,-,22.20000000,74.04166667,,30-11-2021 06:00,4.4
4714,4714,Panwad,CGWB,24,Gujarat,461,Vadodara,KAVANT,KAVANT,Panwad,-,-,-,-,-,-,22.20000000,74.04166667,,30-01-2022 07:00,3.27
4715,4715,Panwad,CGWB,24,Gujarat,461,Vadodara,KAVANT,KAVANT,Panwad,-,-,-,-,-,-,22.20000000,74.04166667,,30-05-2022 06:00,9.37
4716,4716,Panwad,CGWB,24,Gujarat,461,Vadodara,KAVANT,KAVANT,Panwad,-,-,-,-,-,-,22.20000000,74.04166667,,30-08-2022 06:00,1.64
4717,4717,Panwad,CGWB,24,Gujarat,461,Vadodara,KAVANT,KAVANT,Panwad,-,-,-,-,-,-,22.20000000,74.04166667,,10-11-2022 06:00,4.53
4718,4718,Panwad,CGWB,24,Gujarat,461,Vadodara,KAVANT,KAVANT,Panwad,-,-,-,-,-,-,22.20000000,74.04166667,,30-05-2023 10:00,9.3
4719,4719,Pariya,CGWB,24,Gujarat,462,Valsad,PARDI,PARDI,Vapi,-,-,-,-,-,-,20.44750000,72.96416667,,30-05-2023 10:00,5.2000003
4720,4720,Parjan,CGWB,24,Gujarat,453,Navsari,JALALPORE,JALALPORE,Parujan,-,-,-,-,-,-,21.01111111,72.83916667,,31-08-2021 06:00,1.5
4721,4721,Parjan,CGWB,24,Gujarat,453,Navsari,JALALPORE,JALALPORE,Parujan,-,-,-,-,-,-,21.01111111,72.83916667,,30-05-2022 06:00,5.7
4722,4722,Parjan,CGWB,24,Gujarat,453,Navsari,JALALPORE,JALALPORE,Parujan,-,-,-,-,-,-,21.01111111,72.83916667,,10-11-2022 06:00,4.08
4723,4723,Parjan,CGWB,24,Gujarat,453,Navsari,JALALPORE,JALALPORE,Parujan,-,-,-,-,-,-,21.01111111,72.83916667,,30-08-2023 18:00,4.5
4724,4724,Parvata,CGWB,24,Gujarat,440,Anand,UMRETH,UMRETH,Parvata,-,-,-,-,-,-,22.71361111,73.12666667,,10-01-2021 00:00,5.4
4725,4725,Parvata,CGWB,24,Gujarat,440,Anand,UMRETH,UMRETH,Parvata,-,-,-,-,-,-,22.71361111,73.12666667,,31-08-2021 06:00,4.85
4726,4726,Parvata,CGWB,24,Gujarat,440,Anand,UMRETH,UMRETH,Parvata,-,-,-,-,-,-,22.71361111,73.12666667,,30-11-2021 06:00,3.99
4727,4727,Parvata,CGWB,24,Gujarat,440,Anand,UMRETH,UMRETH,Parvata,-,-,-,-,-,-,22.71361111,73.12666667,,30-01-2022 07:00,4.28
4728,4728,Parvata,CGWB,24,Gujarat,440,Anand,UMRETH,UMRETH,Parvata,-,-,-,-,-,-,22.71361111,73.12666667,,30-05-2022 06:00,6.46
4729,4729,Parvata,CGWB,24,Gujarat,440,Anand,UMRETH,UMRETH,Parvata,-,-,-,-,-,-,22.71361111,73.12666667,,30-08-2022 06:00,2.02
4730,4730,Parvata,CGWB,24,Gujarat,440,Anand,UMRETH,UMRETH,Parvata,-,-,-,-,-,-,22.71361111,73.12666667,,10-11-2022 06:00,2.73
4731,4731,Parvata,CGWB,24,Gujarat,440,Anand,UMRETH,UMRETH,Parvata,-,-,-,-,-,-,22.71361111,73.12666667,,01-01-2023 00:00,5.39
4732,4732,Parvata,CGWB,24,Gujarat,440,Anand,UMRETH,UMRETH,Parvata,-,-,-,-,-,-,22.71361111,73.12666667,,30-05-2023 10:00,6.4
4733,4733,Pasvi,CGWB,24,Gujarat,443,Bhavnagar,TALAJA,TALAJA,Pasvi,-,-,-,-,-,-,21.29166667,71.96666667,,10-01-2021 00:00,7.89
4734,4734,Pasvi,CGWB,24,Gujarat,443,Bhavnagar,TALAJA,TALAJA,Pasvi,-,-,-,-,-,-,21.29166667,71.96666667,,30-08-2022 06:00,2.88
4735,4735,Pata,CGWB,24,Gujarat,456,Porbandar,PORBANDAR,PORBANDAR,Pata,-,-,-,-,-,-,21.29722222,69.94166667,,10-01-2021 00:00,3.75
4736,4736,Pata,CGWB,24,Gujarat,456,Porbandar,PORBANDAR,PORBANDAR,Pata,-,-,-,-,-,-,21.29722222,69.94166667,,31-08-2021 06:00,2.1
4737,4737,Pata,CGWB,24,Gujarat,456,Porbandar,PORBANDAR,PORBANDAR,Pata,-,-,-,-,-,-,21.29722222,69.94166667,,30-11-2021 06:00,4.3
4738,4738,Pata,CGWB,24,Gujarat,456,Porbandar,PORBANDAR,PORBANDAR,Pata,-,-,-,-,-,-,21.29722222,69.94166667,,30-08-2022 06:00,2.47
4739,4739,Pata,CGWB,24,Gujarat,456,Porbandar,PORBANDAR,PORBANDAR,Pata,-,-,-,-,-,-,21.29722222,69.94166667,,10-11-2022 06:00,3.43
4740,4740,Pata,CGWB,24,Gujarat,456,Porbandar,PORBANDAR,PORBANDAR,Pata,-,-,-,-,-,-,21.29722222,69.94166667,,30-05-2023 10:00,4.25
4741,4741,Patan2,CGWB,24,Gujarat,455,Patan,PATAN,PATAN,Patan,-,-,-,-,-,-,23.84166667,72.12361111,,10-01-2021 00:00,16.47
4742,4742,Patan2,CGWB,24,Gujarat,455,Patan,PATAN,PATAN,Patan,-,-,-,-,-,-,23.84166667,72.12361111,,31-08-2021 06:00,15.08
4743,4743,Patan2,CGWB,24,Gujarat,455,Patan,PATAN,PATAN,Patan,-,-,-,-,-,-,23.84166667,72.12361111,,30-11-2021 06:00,17.21
4744,4744,Patan2,CGWB,24,Gujarat,455,Patan,PATAN,PATAN,Patan,-,-,-,-,-,-,23.84166667,72.12361111,,30-01-2022 07:00,17.68
4745,4745,Patan2,CGWB,24,Gujarat,455,Patan,PATAN,PATAN,Patan,-,-,-,-,-,-,23.84166667,72.12361111,,30-05-2022 06:00,18.26
4746,4746,Patan2,CGWB,24,Gujarat,455,Patan,PATAN,PATAN,Patan,-,-,-,-,-,-,23.84166667,72.12361111,,30-08-2022 06:00,17.11
4747,4747,Patan2,CGWB,24,Gujarat,455,Patan,PATAN,PATAN,Patan,-,-,-,-,-,-,23.84166667,72.12361111,,10-11-2022 06:00,17.16
4748,4748,Patanvav,CGWB,24,Gujarat,457,Rajkot,DHORAJI,DHORAJI,Patanvav,-,-,-,-,-,-,21.64444444,70.26111111,,10-01-2021 00:00,7.2
4749,4749,Patanvav,CGWB,24,Gujarat,457,Rajkot,DHORAJI,DHORAJI,Patanvav,-,-,-,-,-,-,21.64444444,70.26111111,,31-08-2021 06:00,0.7
4750,4750,Patanvav,CGWB,24,Gujarat,457,Rajkot,DHORAJI,DHORAJI,Patanvav,-,-,-,-,-,-,21.64444444,70.26111111,,30-11-2021 06:00,3.35
4751,4751,Patanvav,CGWB,24,Gujarat,457,Rajkot,DHORAJI,DHORAJI,Patanvav,-,-,-,-,-,-,21.64444444,70.26111111,,30-01-2022 07:00,6.47
4752,4752,Patanvav,CGWB,24,Gujarat,457,Rajkot,DHORAJI,DHORAJI,Patanvav,-,-,-,-,-,-,21.64444444,70.26111111,,30-05-2022 06:00,15
4753,4753,Patanvav,CGWB,24,Gujarat,457,Rajkot,DHORAJI,DHORAJI,Patanvav,-,-,-,-,-,-,21.64444444,70.26111111,,30-08-2022 06:00,2.02
4754,4754,Patanvav,CGWB,24,Gujarat,457,Rajkot,DHORAJI,DHORAJI,Patanvav,-,-,-,-,-,-,21.64444444,70.26111111,,10-11-2022 06:00,4.25
4755,4755,Patanvav,CGWB,24,Gujarat,457,Rajkot,DHORAJI,DHORAJI,Patanvav,-,-,-,-,-,-,21.64444444,70.26111111,,30-05-2023 10:00,14.65
4756,4756,Patiyapura,CGWB,24,Gujarat,461,Vadodara,VAGHODIA,VAGHODIA,Patiyapura,-,-,-,-,-,-,22.27500000,73.44166667,,10-01-2021 00:00,5.2
4757,4757,Patiyapura,CGWB,24,Gujarat,461,Vadodara,VAGHODIA,VAGHODIA,Patiyapura,-,-,-,-,-,-,22.27500000,73.44166667,,31-08-2021 06:00,6.8
4758,4758,Patiyapura,CGWB,24,Gujarat,461,Vadodara,VAGHODIA,VAGHODIA,Patiyapura,-,-,-,-,-,-,22.27500000,73.44166667,,30-11-2021 06:00,4.6
4759,4759,Patiyapura,CGWB,24,Gujarat,461,Vadodara,VAGHODIA,VAGHODIA,Patiyapura,-,-,-,-,-,-,22.27500000,73.44166667,,30-01-2022 07:00,4.76
4760,4760,Patiyapura,CGWB,24,Gujarat,461,Vadodara,VAGHODIA,VAGHODIA,Patiyapura,-,-,-,-,-,-,22.27500000,73.44166667,,30-05-2022 06:00,8.29
4761,4761,Patiyapura,CGWB,24,Gujarat,461,Vadodara,VAGHODIA,VAGHODIA,Patiyapura,-,-,-,-,-,-,22.27500000,73.44166667,,30-08-2022 06:00,3.63
4762,4762,Patiyapura,CGWB,24,Gujarat,461,Vadodara,VAGHODIA,VAGHODIA,Patiyapura,-,-,-,-,-,-,22.27500000,73.44166667,,10-11-2022 06:00,4.32
4763,4763,Patiyapura,CGWB,24,Gujarat,461,Vadodara,VAGHODIA,VAGHODIA,Patiyapura,-,-,-,-,-,-,22.27500000,73.44166667,,30-05-2023 10:00,8.28
4764,4764,Patla,CGWB,24,Gujarat,448,Junagadh,BHESAN,BHESAN,Patla,-,-,-,-,-,-,21.60416667,70.56916667,,10-01-2021 00:00,4.52
4765,4765,Patla,CGWB,24,Gujarat,448,Junagadh,BHESAN,BHESAN,Patla,-,-,-,-,-,-,21.60416667,70.56916667,,31-08-2021 06:00,6.28
4766,4766,Patla,CGWB,24,Gujarat,448,Junagadh,BHESAN,BHESAN,Patla,-,-,-,-,-,-,21.60416667,70.56916667,,30-11-2021 06:00,2.85
4767,4767,Patla,CGWB,24,Gujarat,448,Junagadh,BHESAN,BHESAN,Patla,-,-,-,-,-,-,21.60416667,70.56916667,,30-08-2022 06:00,1.37
4768,4768,Patla,CGWB,24,Gujarat,448,Junagadh,BHESAN,BHESAN,Patla,-,-,-,-,-,-,21.60416667,70.56916667,,10-11-2022 06:00,2.85
4769,4769,Patla,CGWB,24,Gujarat,448,Junagadh,BHESAN,BHESAN,Patla,-,-,-,-,-,-,21.60416667,70.56916667,,30-05-2023 10:00,
4770,4770,Pavagadh,CGWB,24,Gujarat,454,Panchmahals,HALOL,HALOL,Pavagadh,-,-,-,-,-,-,22.48750000,73.55555556,,10-01-2021 00:00,5.3
4771,4771,Pavagadh,CGWB,24,Gujarat,454,Panchmahals,HALOL,HALOL,Pavagadh,-,-,-,-,-,-,22.48750000,73.55555556,,31-08-2021 06:00,6.26
4772,4772,Pavagadh,CGWB,24,Gujarat,454,Panchmahals,HALOL,HALOL,Pavagadh,-,-,-,-,-,-,22.48750000,73.55555556,,30-11-2021 06:00,4.21
4773,4773,Pavagadh,CGWB,24,Gujarat,454,Panchmahals,HALOL,HALOL,Pavagadh,-,-,-,-,-,-,22.48750000,73.55555556,,30-01-2022 07:00,5.16
4774,4774,Pavagadh,CGWB,24,Gujarat,454,Panchmahals,HALOL,HALOL,Pavagadh,-,-,-,-,-,-,22.48750000,73.55555556,,30-05-2022 06:00,7.71
4775,4775,Pavagadh,CGWB,24,Gujarat,454,Panchmahals,HALOL,HALOL,Pavagadh,-,-,-,-,-,-,22.48750000,73.55555556,,30-08-2022 06:00,2.06
4776,4776,Pavagadh,CGWB,24,Gujarat,454,Panchmahals,HALOL,HALOL,Pavagadh,-,-,-,-,-,-,22.48750000,73.55555556,,10-11-2022 06:00,3.81
4777,4777,Pavagadh,CGWB,24,Gujarat,454,Panchmahals,HALOL,HALOL,Pavagadh,-,-,-,-,-,-,22.48750000,73.55555556,,10-01-2023 18:00,4.9
4778,4778,Pavagadh,CGWB,24,Gujarat,454,Panchmahals,HALOL,HALOL,Pavagadh,-,-,-,-,-,-,22.48750000,73.55555556,,30-05-2023 10:00,
4779,4779,Pavi,CGWB,24,Gujarat,461,Vadodara,JETPUR PAVI,JETPUR PAVI,Pavi,-,-,-,-,-,-,22.34166667,73.83333333,,10-01-2021 00:00,4.5
4780,4780,Pavi,CGWB,24,Gujarat,461,Vadodara,JETPUR PAVI,JETPUR PAVI,Pavi,-,-,-,-,-,-,22.34166667,73.83333333,,31-08-2021 06:00,7.76
4781,4781,Pavi,CGWB,24,Gujarat,461,Vadodara,JETPUR PAVI,JETPUR PAVI,Pavi,-,-,-,-,-,-,22.34166667,73.83333333,,30-11-2021 06:00,7.76
4782,4782,Pavi,CGWB,24,Gujarat,461,Vadodara,JETPUR PAVI,JETPUR PAVI,Pavi,-,-,-,-,-,-,22.34166667,73.83333333,,30-01-2022 07:00,4.76
4783,4783,Pavi,CGWB,24,Gujarat,461,Vadodara,JETPUR PAVI,JETPUR PAVI,Pavi,-,-,-,-,-,-,22.34166667,73.83333333,,10-11-2022 06:00,4.6
4784,4784,Pavi,CGWB,24,Gujarat,461,Vadodara,JETPUR PAVI,JETPUR PAVI,Pavi,-,-,-,-,-,-,22.34166667,73.83333333,,30-05-2023 10:00,4.9
4785,4785,Pethapur_Pz-I,CGWB,24,Gujarat,446,Gandhinagar,GANDHINAGAR,GANDHINAGAR,Pethapur,-,-,-,-,-,-,23.26722222,72.67305556,,10-01-2021 00:00,111.82
4786,4786,Pethapur_Pz-I,CGWB,24,Gujarat,446,Gandhinagar,GANDHINAGAR,GANDHINAGAR,Pethapur,-,-,-,-,-,-,23.26722222,72.67305556,,30-11-2021 06:00,107.55
4787,4787,Pethapur_Pz-I,CGWB,24,Gujarat,446,Gandhinagar,GANDHINAGAR,GANDHINAGAR,Pethapur,-,-,-,-,-,-,23.26722222,72.67305556,,10-01-2023 18:00,109.62
4788,4788,Pethapur_Pz-II,CGWB,24,Gujarat,446,Gandhinagar,GANDHINAGAR,GANDHINAGAR,Pethapur,-,-,-,-,-,-,23.26722222,72.67305556,,10-01-2021 00:00,82.4
4789,4789,Pethapur_Pz-II,CGWB,24,Gujarat,446,Gandhinagar,GANDHINAGAR,GANDHINAGAR,Pethapur,-,-,-,-,-,-,23.26722222,72.67305556,,31-08-2021 06:00,71.77
4790,4790,Pethapur_Pz-II,CGWB,24,Gujarat,446,Gandhinagar,GANDHINAGAR,GANDHINAGAR,Pethapur,-,-,-,-,-,-,23.26722222,72.67305556,,30-11-2021 06:00,79.25
4791,4791,Pethapur_Pz-II,CGWB,24,Gujarat,446,Gandhinagar,GANDHINAGAR,GANDHINAGAR,Pethapur,-,-,-,-,-,-,23.26722222,72.67305556,,30-01-2022 07:00,77.82
4792,4792,Pethapur_Pz-II,CGWB,24,Gujarat,446,Gandhinagar,GANDHINAGAR,GANDHINAGAR,Pethapur,-,-,-,-,-,-,23.26722222,72.67305556,,30-05-2022 06:00,78.42
4793,4793,Pethapur_Pz-II,CGWB,24,Gujarat,446,Gandhinagar,GANDHINAGAR,GANDHINAGAR,Pethapur,-,-,-,-,-,-,23.26722222,72.67305556,,30-08-2022 06:00,73.59
4794,4794,Pethapur_Pz-II,CGWB,24,Gujarat,446,Gandhinagar,GANDHINAGAR,GANDHINAGAR,Pethapur,-,-,-,-,-,-,23.26722222,72.67305556,,10-11-2022 06:00,74.26
4795,4795,Pethapur_Pz-II,CGWB,24,Gujarat,446,Gandhinagar,GANDHINAGAR,GANDHINAGAR,Pethapur,-,-,-,-,-,-,23.26722222,72.67305556,,10-01-2023 18:00,80.96
4796,4796,Pethapur_Pz-II,CGWB,24,Gujarat,446,Gandhinagar,GANDHINAGAR,GANDHINAGAR,Pethapur,-,-,-,-,-,-,23.26722222,72.67305556,,30-05-2023 10:00,88.03
4797,4797,Petlad_Pz_I,CGWB,24,Gujarat,440,Anand,PETLAD,PETLAD,Petlad,-,-,-,-,-,-,22.47500000,72.80000000,,10-01-2021 00:00,13.3
4798,4798,Petlad_Pz_I,CGWB,24,Gujarat,440,Anand,PETLAD,PETLAD,Petlad,-,-,-,-,-,-,22.47500000,72.80000000,,31-08-2021 06:00,13.5
4799,4799,Petlad_Pz_I,CGWB,24,Gujarat,440,Anand,PETLAD,PETLAD,Petlad,-,-,-,-,-,-,22.47500000,72.80000000,,30-11-2021 06:00,12.61
4800,4800,Petlad_Pz_I,CGWB,24,Gujarat,440,Anand,PETLAD,PETLAD,Petlad,-,-,-,-,-,-,22.47500000,72.80000000,,30-01-2022 07:00,11.74
4801,4801,Petlad_Pz_I,CGWB,24,Gujarat,440,Anand,PETLAD,PETLAD,Petlad,-,-,-,-,-,-,22.47500000,72.80000000,,30-05-2022 06:00,12.62
4802,4802,Petlad_Pz_I,CGWB,24,Gujarat,440,Anand,PETLAD,PETLAD,Petlad,-,-,-,-,-,-,22.47500000,72.80000000,,30-08-2022 06:00,12.91
4803,4803,Petlad_Pz_I,CGWB,24,Gujarat,440,Anand,PETLAD,PETLAD,Petlad,-,-,-,-,-,-,22.47500000,72.80000000,,10-11-2022 06:00,10.98
4804,4804,Petlad_Pz_I,CGWB,24,Gujarat,440,Anand,PETLAD,PETLAD,Petlad,-,-,-,-,-,-,22.47500000,72.80000000,,01-01-2023 00:00,13.5
4805,4805,Petlad_Pz_I,CGWB,24,Gujarat,440,Anand,PETLAD,PETLAD,Petlad,-,-,-,-,-,-,22.47500000,72.80000000,,30-05-2023 10:00,13.65
4806,4806,Petlad_Pz_II,CGWB,24,Gujarat,440,Anand,PETLAD,PETLAD,Petalad,-,-,-,-,-,-,22.47500000,72.80000000,,10-01-2021 00:00,13.36
4807,4807,Petlad_Pz_II,CGWB,24,Gujarat,440,Anand,PETLAD,PETLAD,Petalad,-,-,-,-,-,-,22.47500000,72.80000000,,31-08-2021 06:00,14.06
4808,4808,Petlad_Pz_II,CGWB,24,Gujarat,440,Anand,PETLAD,PETLAD,Petalad,-,-,-,-,-,-,22.47500000,72.80000000,,30-11-2021 06:00,13.69
4809,4809,Petlad_Pz_II,CGWB,24,Gujarat,440,Anand,PETLAD,PETLAD,Petalad,-,-,-,-,-,-,22.47500000,72.80000000,,30-01-2022 07:00,12.65
4810,4810,Petlad_Pz_II,CGWB,24,Gujarat,440,Anand,PETLAD,PETLAD,Petalad,-,-,-,-,-,-,22.47500000,72.80000000,,30-05-2022 06:00,13.69
4811,4811,Petlad_Pz_II,CGWB,24,Gujarat,440,Anand,PETLAD,PETLAD,Petalad,-,-,-,-,-,-,22.47500000,72.80000000,,30-08-2022 06:00,12.1
4812,4812,Petlad_Pz_II,CGWB,24,Gujarat,440,Anand,PETLAD,PETLAD,Petalad,-,-,-,-,-,-,22.47500000,72.80000000,,10-11-2022 06:00,11.06
4813,4813,Petlad_Pz_II,CGWB,24,Gujarat,440,Anand,PETLAD,PETLAD,Petalad,-,-,-,-,-,-,22.47500000,72.80000000,,01-01-2023 00:00,13.07
4814,4814,Petlad_Pz_II,CGWB,24,Gujarat,440,Anand,PETLAD,PETLAD,Petalad,-,-,-,-,-,-,22.47500000,72.80000000,,30-05-2023 10:00,13.160001
4815,4815,Phulwari,CGWB,24,Gujarat,462,Valsad,DHARAMPUR,DHARAMPUR,Dharampur,-,-,-,-,-,-,20.46138889,73.20916667,,30-05-2023 10:00,
4816,4816,Pindara1,CGWB,24,Gujarat,447,Jamnagar,KALYANPUR,KALYANPUR,Pindara,-,-,-,-,-,-,22.24722222,69.25833333,,10-01-2021 00:00,3.57
4817,4817,Pindara1,CGWB,24,Gujarat,447,Jamnagar,KALYANPUR,KALYANPUR,Pindara,-,-,-,-,-,-,22.24722222,69.25833333,,31-08-2021 06:00,2.96
4818,4818,Pindara1,CGWB,24,Gujarat,447,Jamnagar,KALYANPUR,KALYANPUR,Pindara,-,-,-,-,-,-,22.24722222,69.25833333,,30-11-2021 06:00,3.87
4819,4819,Pindara1,CGWB,24,Gujarat,447,Jamnagar,KALYANPUR,KALYANPUR,Pindara,-,-,-,-,-,-,22.24722222,69.25833333,,30-01-2022 07:00,3.24
4820,4820,Pindara1,CGWB,24,Gujarat,447,Jamnagar,KALYANPUR,KALYANPUR,Pindara,-,-,-,-,-,-,22.24722222,69.25833333,,30-05-2022 06:00,6.25
4821,4821,Pindara1,CGWB,24,Gujarat,447,Jamnagar,KALYANPUR,KALYANPUR,Pindara,-,-,-,-,-,-,22.24722222,69.25833333,,30-08-2022 06:00,1.9
4822,4822,Pindara1,CGWB,24,Gujarat,447,Jamnagar,KALYANPUR,KALYANPUR,Pindara,-,-,-,-,-,-,22.24722222,69.25833333,,10-11-2022 06:00,4.7
4823,4823,Pindara1,CGWB,24,Gujarat,447,Jamnagar,KALYANPUR,KALYANPUR,Pindara,-,-,-,-,-,-,22.24722222,69.25833333,,30-05-2023 10:00,5.82
4824,4824,Pipalkhed,CGWB,24,Gujarat,453,Navsari,BANSDA,BANSDA,Pipalkhed,-,-,-,-,-,-,20.67500000,73.28333333,,31-08-2021 06:00,1.95
4825,4825,Pipalkhed,CGWB,24,Gujarat,453,Navsari,BANSDA,BANSDA,Pipalkhed,-,-,-,-,-,-,20.67500000,73.28333333,,30-11-2021 06:00,2.15
4826,4826,Pipalkhed,CGWB,24,Gujarat,453,Navsari,BANSDA,BANSDA,Pipalkhed,-,-,-,-,-,-,20.67500000,73.28333333,,30-01-2022 07:00,7.45
4827,4827,Pipalkhed,CGWB,24,Gujarat,453,Navsari,BANSDA,BANSDA,Pipalkhed,-,-,-,-,-,-,20.67500000,73.28333333,,30-08-2022 06:00,2.83
4828,4828,Pipalkhed,CGWB,24,Gujarat,453,Navsari,BANSDA,BANSDA,Pipalkhed,-,-,-,-,-,-,20.67500000,73.28333333,,10-11-2022 06:00,4.53
4829,4829,Pipalkhed,CGWB,24,Gujarat,453,Navsari,BANSDA,BANSDA,Pipalkhed,-,-,-,-,-,-,20.67500000,73.28333333,,30-05-2023 10:00,
4830,4830,Piparla,CGWB,24,Gujarat,443,Bhavnagar,SIHOR,SIHOR,Piparla,-,-,-,-,-,-,21.63638889,71.91888889,,10-01-2021 00:00,4.4
4831,4831,Piparla,CGWB,24,Gujarat,443,Bhavnagar,SIHOR,SIHOR,Piparla,-,-,-,-,-,-,21.63638889,71.91888889,,31-08-2021 06:00,1.1
4832,4832,Piparla,CGWB,24,Gujarat,443,Bhavnagar,SIHOR,SIHOR,Piparla,-,-,-,-,-,-,21.63638889,71.91888889,,30-11-2021 06:00,-0.2
4833,4833,Piparla,CGWB,24,Gujarat,443,Bhavnagar,SIHOR,SIHOR,Piparla,-,-,-,-,-,-,21.63638889,71.91888889,,30-01-2022 07:00,0.47
4834,4834,Piparla,CGWB,24,Gujarat,443,Bhavnagar,SIHOR,SIHOR,Piparla,-,-,-,-,-,-,21.63638889,71.91888889,,30-05-2022 06:00,7.9
4835,4835,Piparla,CGWB,24,Gujarat,443,Bhavnagar,SIHOR,SIHOR,Piparla,-,-,-,-,-,-,21.63638889,71.91888889,,30-08-2022 06:00,1.58
4836,4836,Piparla,CGWB,24,Gujarat,443,Bhavnagar,SIHOR,SIHOR,Piparla,-,-,-,-,-,-,21.63638889,71.91888889,,10-11-2022 06:00,3.38
4837,4837,Pipero,CGWB,24,Gujarat,445,Dohad,DHANPUR,DHANPUR,Pipero,-,-,-,-,-,-,22.64722222,74.09027778,,10-01-2021 00:00,7.8
4838,4838,Pipero,CGWB,24,Gujarat,445,Dohad,DHANPUR,DHANPUR,Pipero,-,-,-,-,-,-,22.64722222,74.09027778,,31-08-2021 06:00,8.69
4839,4839,Pipero,CGWB,24,Gujarat,445,Dohad,DHANPUR,DHANPUR,Pipero,-,-,-,-,-,-,22.64722222,74.09027778,,30-11-2021 06:00,5.5
4840,4840,Pipero,CGWB,24,Gujarat,445,Dohad,DHANPUR,DHANPUR,Pipero,-,-,-,-,-,-,22.64722222,74.09027778,,30-01-2022 07:00,6.6
4841,4841,Pipero,CGWB,24,Gujarat,445,Dohad,DHANPUR,DHANPUR,Pipero,-,-,-,-,-,-,22.64722222,74.09027778,,30-05-2022 06:00,10.75
4842,4842,Pipero,CGWB,24,Gujarat,445,Dohad,DHANPUR,DHANPUR,Pipero,-,-,-,-,-,-,22.64722222,74.09027778,,30-08-2022 06:00,7.38
4843,4843,Pipero,CGWB,24,Gujarat,445,Dohad,DHANPUR,DHANPUR,Pipero,-,-,-,-,-,-,22.64722222,74.09027778,,10-11-2022 06:00,3.85
4844,4844,Pipero,CGWB,24,Gujarat,445,Dohad,DHANPUR,DHANPUR,Pipero,-,-,-,-,-,-,22.64722222,74.09027778,,10-01-2023 18:00,5.02
4845,4845,Pipero,CGWB,24,Gujarat,445,Dohad,DHANPUR,DHANPUR,Pipero,-,-,-,-,-,-,22.64722222,74.09027778,,30-05-2023 10:00,12.89
4846,4846,Pipli,CGWB,24,Gujarat,460,Surendranagar,DASADA,DASADA,Pipli,-,-,-,-,-,-,23.06000000,71.73416667,,10-01-2021 00:00,0.85
4847,4847,Pipli,CGWB,24,Gujarat,460,Surendranagar,DASADA,DASADA,Pipli,-,-,-,-,-,-,23.06000000,71.73416667,,30-11-2021 06:00,-0.45
4848,4848,Pipli,CGWB,24,Gujarat,460,Surendranagar,DASADA,DASADA,Pipli,-,-,-,-,-,-,23.06000000,71.73416667,,30-05-2022 06:00,2.9
4849,4849,Pipli,CGWB,24,Gujarat,460,Surendranagar,DASADA,DASADA,Pipli,-,-,-,-,-,-,23.06000000,71.73416667,,30-08-2022 06:00,1.67
4850,4850,Pipli,CGWB,24,Gujarat,460,Surendranagar,DASADA,DASADA,Pipli,-,-,-,-,-,-,23.06000000,71.73416667,,10-11-2022 06:00,2.05
4851,4851,Pipli,CGWB,24,Gujarat,460,Surendranagar,DASADA,DASADA,Pipli,-,-,-,-,-,-,23.06000000,71.73416667,,30-05-2023 10:00,2.75
4852,4852,Piprala_1,CGWB,24,Gujarat,455,Patan,SANTALPUR,SANTALPUR,Piprala,-,-,-,-,-,-,23.65472222,71.08583333,,10-01-2021 00:00,10.55
4853,4853,Piprala_1,CGWB,24,Gujarat,455,Patan,SANTALPUR,SANTALPUR,Piprala,-,-,-,-,-,-,23.65472222,71.08583333,,30-01-2022 07:00,10.4
4854,4854,Piprala_1,CGWB,24,Gujarat,455,Patan,SANTALPUR,SANTALPUR,Piprala,-,-,-,-,-,-,23.65472222,71.08583333,,30-08-2022 06:00,9.67
4855,4855,Piprala_1,CGWB,24,Gujarat,455,Patan,SANTALPUR,SANTALPUR,Piprala,-,-,-,-,-,-,23.65472222,71.08583333,,10-11-2022 06:00,10.6
4856,4856,Piprala_1,CGWB,24,Gujarat,455,Patan,SANTALPUR,SANTALPUR,Piprala,-,-,-,-,-,-,23.65472222,71.08583333,,30-05-2023 10:00,11.32
4857,4857,Pitha,CGWB,24,Gujarat,461,Vadodara,SANKHEDA,SANKHEDA,Pitha,-,-,-,-,-,-,22.25416667,73.64166667,,10-01-2021 00:00,4.92
4858,4858,Pitha,CGWB,24,Gujarat,461,Vadodara,SANKHEDA,SANKHEDA,Pitha,-,-,-,-,-,-,22.25416667,73.64166667,,31-08-2021 06:00,12.66
4859,4859,Pitha,CGWB,24,Gujarat,461,Vadodara,SANKHEDA,SANKHEDA,Pitha,-,-,-,-,-,-,22.25416667,73.64166667,,30-08-2022 06:00,9.23
4860,4860,Pitha,CGWB,24,Gujarat,461,Vadodara,SANKHEDA,SANKHEDA,Pitha,-,-,-,-,-,-,22.25416667,73.64166667,,10-11-2022 06:00,3.82
4861,4861,Pitha,CGWB,24,Gujarat,461,Vadodara,SANKHEDA,SANKHEDA,Pitha,-,-,-,-,-,-,22.25416667,73.64166667,,30-05-2023 10:00,6.31
4862,4862,Piyava,CGWB,24,Gujarat,439,Amreli,KUNDLA-SAVAR,KUNDLA-SAVAR,Piyava,-,-,-,-,-,-,21.38333333,71.46666667,,10-01-2021 00:00,18.25
4863,4863,Piyava,CGWB,24,Gujarat,439,Amreli,KUNDLA-SAVAR,KUNDLA-SAVAR,Piyava,-,-,-,-,-,-,21.38333333,71.46666667,,31-08-2021 06:00,9.5
4864,4864,Piyava,CGWB,24,Gujarat,439,Amreli,KUNDLA-SAVAR,KUNDLA-SAVAR,Piyava,-,-,-,-,-,-,21.38333333,71.46666667,,30-11-2021 06:00,6.8
4865,4865,Piyava,CGWB,24,Gujarat,439,Amreli,KUNDLA-SAVAR,KUNDLA-SAVAR,Piyava,-,-,-,-,-,-,21.38333333,71.46666667,,30-01-2022 07:00,9.96
4866,4866,Piyava,CGWB,24,Gujarat,439,Amreli,KUNDLA-SAVAR,KUNDLA-SAVAR,Piyava,-,-,-,-,-,-,21.38333333,71.46666667,,30-05-2022 06:00,16.2
4867,4867,Piyava,CGWB,24,Gujarat,439,Amreli,KUNDLA-SAVAR,KUNDLA-SAVAR,Piyava,-,-,-,-,-,-,21.38333333,71.46666667,,30-08-2022 06:00,11.96
4868,4868,Piyava,CGWB,24,Gujarat,439,Amreli,KUNDLA-SAVAR,KUNDLA-SAVAR,Piyava,-,-,-,-,-,-,21.38333333,71.46666667,,10-11-2022 06:00,16.96
4869,4869,Piyava,CGWB,24,Gujarat,439,Amreli,KUNDLA-SAVAR,KUNDLA-SAVAR,Piyava,-,-,-,-,-,-,21.38333333,71.46666667,,30-05-2023 10:00,20.019999
4870,4870,Porbada,CGWB,24,Gujarat,443,Bhavnagar,UMRALA,UMRALA,Porbada,-,-,-,-,-,-,21.80000000,71.70000000,,10-01-2021 00:00,5.23
4871,4871,Porbada,CGWB,24,Gujarat,443,Bhavnagar,UMRALA,UMRALA,Porbada,-,-,-,-,-,-,21.80000000,71.70000000,,31-08-2021 06:00,5.1
4872,4872,Porbada,CGWB,24,Gujarat,443,Bhavnagar,UMRALA,UMRALA,Porbada,-,-,-,-,-,-,21.80000000,71.70000000,,30-11-2021 06:00,5.53
4873,4873,Porbada,CGWB,24,Gujarat,443,Bhavnagar,UMRALA,UMRALA,Porbada,-,-,-,-,-,-,21.80000000,71.70000000,,30-08-2022 06:00,6.47
4874,4874,Porbandar,CGWB,24,Gujarat,456,Porbandar,PORBANDAR,PORBANDAR,Porbandar,-,-,-,-,-,-,21.64500000,69.64250000,,10-01-2021 00:00,2.76
4875,4875,Porbandar,CGWB,24,Gujarat,456,Porbandar,PORBANDAR,PORBANDAR,Porbandar,-,-,-,-,-,-,21.64500000,69.64250000,,30-11-2021 06:00,1.45
4876,4876,Porbandar,CGWB,24,Gujarat,456,Porbandar,PORBANDAR,PORBANDAR,Porbandar,-,-,-,-,-,-,21.64500000,69.64250000,,30-01-2022 07:00,2.07
4877,4877,Porbandar,CGWB,24,Gujarat,456,Porbandar,PORBANDAR,PORBANDAR,Porbandar,-,-,-,-,-,-,21.64500000,69.64250000,,30-05-2022 06:00,4.34
4878,4878,Porbandar,CGWB,24,Gujarat,456,Porbandar,PORBANDAR,PORBANDAR,Porbandar,-,-,-,-,-,-,21.64500000,69.64250000,,30-08-2022 06:00,1.5
4879,4879,Porbandar,CGWB,24,Gujarat,456,Porbandar,PORBANDAR,PORBANDAR,Porbandar,-,-,-,-,-,-,21.64500000,69.64250000,,10-11-2022 06:00,1.89
4880,4880,Porbandar,CGWB,24,Gujarat,456,Porbandar,PORBANDAR,PORBANDAR,Porbandar,-,-,-,-,-,-,21.64500000,69.64250000,,30-05-2023 10:00,4.77
4881,4881,Porbandar1,CGWB,24,Gujarat,456,Porbandar,PORBANDAR,PORBANDAR,Porbandar,-,-,-,-,-,-,21.64166667,69.62500000,,10-01-2021 00:00,4.19
4882,4882,Porbandar1,CGWB,24,Gujarat,456,Porbandar,PORBANDAR,PORBANDAR,Porbandar,-,-,-,-,-,-,21.64166667,69.62500000,,31-08-2021 06:00,2.81
4883,4883,Porbandar1,CGWB,24,Gujarat,456,Porbandar,PORBANDAR,PORBANDAR,Porbandar,-,-,-,-,-,-,21.64166667,69.62500000,,30-11-2021 06:00,3.45
4884,4884,Porbandar1,CGWB,24,Gujarat,456,Porbandar,PORBANDAR,PORBANDAR,Porbandar,-,-,-,-,-,-,21.64166667,69.62500000,,30-01-2022 07:00,3.83
4885,4885,Porbandar1,CGWB,24,Gujarat,456,Porbandar,PORBANDAR,PORBANDAR,Porbandar,-,-,-,-,-,-,21.64166667,69.62500000,,30-05-2022 06:00,3.98
4886,4886,Porbandar1,CGWB,24,Gujarat,456,Porbandar,PORBANDAR,PORBANDAR,Porbandar,-,-,-,-,-,-,21.64166667,69.62500000,,30-08-2022 06:00,3
4887,4887,Porbandar1,CGWB,24,Gujarat,456,Porbandar,PORBANDAR,PORBANDAR,Porbandar,-,-,-,-,-,-,21.64166667,69.62500000,,10-11-2022 06:00,3.68
4888,4888,Porbandar1,CGWB,24,Gujarat,456,Porbandar,PORBANDAR,PORBANDAR,Porbandar,-,-,-,-,-,-,21.64166667,69.62500000,,30-05-2023 10:00,4.19
4889,4889,Poshina2,CGWB,24,Gujarat,458,Sabarkantha,KHEDBRAHMA,KHEDBRAHMA,Poshina,-,-,-,-,-,-,24.37500000,73.03333333,,10-01-2021 00:00,3.5
4890,4890,Poshina2,CGWB,24,Gujarat,458,Sabarkantha,KHEDBRAHMA,KHEDBRAHMA,Poshina,-,-,-,-,-,-,24.37500000,73.03333333,,31-08-2021 06:00,13.1
4891,4891,Poshina2,CGWB,24,Gujarat,458,Sabarkantha,KHEDBRAHMA,KHEDBRAHMA,Poshina,-,-,-,-,-,-,24.37500000,73.03333333,,30-11-2021 06:00,3.5
4892,4892,Poshina2,CGWB,24,Gujarat,458,Sabarkantha,KHEDBRAHMA,KHEDBRAHMA,Poshina,-,-,-,-,-,-,24.37500000,73.03333333,,30-01-2022 07:00,12.4
4893,4893,Poshina2,CGWB,24,Gujarat,458,Sabarkantha,KHEDBRAHMA,KHEDBRAHMA,Poshina,-,-,-,-,-,-,24.37500000,73.03333333,,30-05-2022 06:00,11.87
4894,4894,Poshina2,CGWB,24,Gujarat,458,Sabarkantha,KHEDBRAHMA,KHEDBRAHMA,Poshina,-,-,-,-,-,-,24.37500000,73.03333333,,30-08-2022 06:00,0.2
4895,4895,Poshina2,CGWB,24,Gujarat,458,Sabarkantha,KHEDBRAHMA,KHEDBRAHMA,Poshina,-,-,-,-,-,-,24.37500000,73.03333333,,30-05-2023 10:00,10.74
4896,4896,Pothia Bapa,CGWB,24,Gujarat,464,DIU,DUI,DUI,Pothia Bapa,-,-,-,-,-,-,20.70166667,70.91194444,,31-08-2021 06:00,6.41
4897,4897,Pothia Bapa,CGWB,24,Gujarat,464,DIU,DUI,DUI,Pothia Bapa,-,-,-,-,-,-,20.70166667,70.91194444,,30-11-2021 06:00,6.35
4898,4898,Pothia Bapa,CGWB,24,Gujarat,464,DIU,DUI,DUI,Pothia Bapa,-,-,-,-,-,-,20.70166667,70.91194444,,30-01-2022 07:00,6.97
4899,4899,Pothia Bapa,CGWB,24,Gujarat,464,DIU,DUI,DUI,Pothia Bapa,-,-,-,-,-,-,20.70166667,70.91194444,,30-05-2022 06:00,6.75
4900,4900,Pothia Bapa,CGWB,24,Gujarat,464,DIU,DUI,DUI,Pothia Bapa,-,-,-,-,-,-,20.70166667,70.91194444,,30-08-2022 06:00,5.74
4901,4901,Pothia Bapa,CGWB,24,Gujarat,464,DIU,DUI,DUI,Pothia Bapa,-,-,-,-,-,-,20.70166667,70.91194444,,10-11-2022 06:00,6.37
4902,4902,Prachi_Pz,CGWB,24,Gujarat,448,Junagadh,SUTRAPADA,SUTRAPADA,Prachi,-,-,-,-,-,-,20.92194444,70.61333333,,10-01-2021 00:00,6.52
4903,4903,Prasli,CGWB,24,Gujarat,448,Junagadh,KODINAR,KODINAR,Prasli,-,-,-,-,-,-,20.85083333,70.66916667,,10-01-2021 00:00,12.56
4904,4904,Prasli,CGWB,24,Gujarat,448,Junagadh,KODINAR,KODINAR,Prasli,-,-,-,-,-,-,20.85083333,70.66916667,,31-08-2021 06:00,1.12
4905,4905,Prasli,CGWB,24,Gujarat,448,Junagadh,KODINAR,KODINAR,Prasli,-,-,-,-,-,-,20.85083333,70.66916667,,30-11-2021 06:00,2.5
4906,4906,Prasli,CGWB,24,Gujarat,448,Junagadh,KODINAR,KODINAR,Prasli,-,-,-,-,-,-,20.85083333,70.66916667,,30-01-2022 07:00,6.86
4907,4907,Prasli,CGWB,24,Gujarat,448,Junagadh,KODINAR,KODINAR,Prasli,-,-,-,-,-,-,20.85083333,70.66916667,,30-05-2022 06:00,16.65
4908,4908,Prasli,CGWB,24,Gujarat,448,Junagadh,KODINAR,KODINAR,Prasli,-,-,-,-,-,-,20.85083333,70.66916667,,30-08-2022 06:00,0.54
4909,4909,Prasli,CGWB,24,Gujarat,448,Junagadh,KODINAR,KODINAR,Prasli,-,-,-,-,-,-,20.85083333,70.66916667,,10-11-2022 06:00,3.73
4910,4910,Prasli,CGWB,24,Gujarat,448,Junagadh,KODINAR,KODINAR,Prasli,-,-,-,-,-,-,20.85083333,70.66916667,,30-05-2023 10:00,16.56
4911,4911,Prempara,CGWB,24,Gujarat,448,Junagadh,VISAVADAR,VISAVADAR,Prempara,-,-,-,-,-,-,21.30000000,70.70000000,,10-01-2021 00:00,10.5
4912,4912,Prempara,CGWB,24,Gujarat,448,Junagadh,VISAVADAR,VISAVADAR,Prempara,-,-,-,-,-,-,21.30000000,70.70000000,,31-08-2021 06:00,16.85
4913,4913,Prempara,CGWB,24,Gujarat,448,Junagadh,VISAVADAR,VISAVADAR,Prempara,-,-,-,-,-,-,21.30000000,70.70000000,,30-11-2021 06:00,7.3
4914,4914,Prempara,CGWB,24,Gujarat,448,Junagadh,VISAVADAR,VISAVADAR,Prempara,-,-,-,-,-,-,21.30000000,70.70000000,,30-01-2022 07:00,21.6
4915,4915,Prempara,CGWB,24,Gujarat,448,Junagadh,VISAVADAR,VISAVADAR,Prempara,-,-,-,-,-,-,21.30000000,70.70000000,,30-05-2022 06:00,19.24
4916,4916,Prempara,CGWB,24,Gujarat,448,Junagadh,VISAVADAR,VISAVADAR,Prempara,-,-,-,-,-,-,21.30000000,70.70000000,,30-08-2022 06:00,7.27
4917,4917,Prempara,CGWB,24,Gujarat,448,Junagadh,VISAVADAR,VISAVADAR,Prempara,-,-,-,-,-,-,21.30000000,70.70000000,,10-11-2022 06:00,8.62
4918,4918,Prempara,CGWB,24,Gujarat,448,Junagadh,VISAVADAR,VISAVADAR,Prempara,-,-,-,-,-,-,21.30000000,70.70000000,,30-05-2023 10:00,19
4919,4919,Puna,CGWB,24,Gujarat,459,Surat,MAHUVA,MAHUVA,Puna,-,-,-,-,-,-,20.92361111,73.23333333,,10-01-2021 00:00,7.48
4920,4920,Puna,CGWB,24,Gujarat,459,Surat,MAHUVA,MAHUVA,Puna,-,-,-,-,-,-,20.92361111,73.23333333,,31-08-2021 06:00,7.5
4921,4921,Puna,CGWB,24,Gujarat,459,Surat,MAHUVA,MAHUVA,Puna,-,-,-,-,-,-,20.92361111,73.23333333,,30-11-2021 06:00,8.9
4922,4922,Puna,CGWB,24,Gujarat,459,Surat,MAHUVA,MAHUVA,Puna,-,-,-,-,-,-,20.92361111,73.23333333,,30-01-2022 07:00,8.6
4923,4923,Puna,CGWB,24,Gujarat,459,Surat,MAHUVA,MAHUVA,Puna,-,-,-,-,-,-,20.92361111,73.23333333,,30-05-2022 06:00,12.81
4924,4924,Puna,CGWB,24,Gujarat,459,Surat,MAHUVA,MAHUVA,Puna,-,-,-,-,-,-,20.92361111,73.23333333,,10-11-2022 06:00,6.7
4925,4925,Puna,CGWB,24,Gujarat,459,Surat,MAHUVA,MAHUVA,Puna,-,-,-,-,-,-,20.92361111,73.23333333,,30-05-2023 10:00,12.74
4926,4926,Puna1,CGWB,24,Gujarat,459,Surat,MAHUVA,MAHUVA,Puna,-,-,-,-,-,-,20.92916667,73.22916667,,10-01-2021 00:00,6.88
4927,4927,Puna1,CGWB,24,Gujarat,459,Surat,MAHUVA,MAHUVA,Puna,-,-,-,-,-,-,20.92916667,73.22916667,,31-08-2021 06:00,3.94
4928,4928,Puna1,CGWB,24,Gujarat,459,Surat,MAHUVA,MAHUVA,Puna,-,-,-,-,-,-,20.92916667,73.22916667,,30-11-2021 06:00,5.4
4929,4929,Puna1,CGWB,24,Gujarat,459,Surat,MAHUVA,MAHUVA,Puna,-,-,-,-,-,-,20.92916667,73.22916667,,30-01-2022 07:00,6
4930,4930,Puna1,CGWB,24,Gujarat,459,Surat,MAHUVA,MAHUVA,Puna,-,-,-,-,-,-,20.92916667,73.22916667,,30-05-2022 06:00,9.14
4931,4931,Puna1,CGWB,24,Gujarat,459,Surat,MAHUVA,MAHUVA,Puna,-,-,-,-,-,-,20.92916667,73.22916667,,30-08-2022 06:00,3
4932,4932,Puna1,CGWB,24,Gujarat,459,Surat,MAHUVA,MAHUVA,Puna,-,-,-,-,-,-,20.92916667,73.22916667,,10-11-2022 06:00,3.85
4933,4933,Puna1,CGWB,24,Gujarat,459,Surat,MAHUVA,MAHUVA,Puna,-,-,-,-,-,-,20.92916667,73.22916667,,30-05-2023 10:00,9.4
4934,4934,Puna1,CGWB,24,Gujarat,459,Surat,MAHUVA,MAHUVA,Puna,-,-,-,-,-,-,20.92916667,73.22916667,,30-08-2023 18:00,3.2
4935,4935,Punasan,CGWB,24,Gujarat,458,Sabarkantha,BHILODA,BHILODA,Punasan,-,-,-,-,-,-,23.66944444,73.17361111,,10-01-2021 00:00,5.95
4936,4936,Punasan,CGWB,24,Gujarat,458,Sabarkantha,BHILODA,BHILODA,Punasan,-,-,-,-,-,-,23.66944444,73.17361111,,31-08-2021 06:00,6.95
4937,4937,Punasan,CGWB,24,Gujarat,458,Sabarkantha,BHILODA,BHILODA,Punasan,-,-,-,-,-,-,23.66944444,73.17361111,,30-11-2021 06:00,6.15
4938,4938,Punasan,CGWB,24,Gujarat,458,Sabarkantha,BHILODA,BHILODA,Punasan,-,-,-,-,-,-,23.66944444,73.17361111,,30-01-2022 07:00,6.45
4939,4939,Punasan,CGWB,24,Gujarat,458,Sabarkantha,BHILODA,BHILODA,Punasan,-,-,-,-,-,-,23.66944444,73.17361111,,10-11-2022 06:00,3.4
4940,4940,Punasan,CGWB,24,Gujarat,458,Sabarkantha,BHILODA,BHILODA,Punasan,-,-,-,-,-,-,23.66944444,73.17361111,,10-01-2023 18:00,3.83
4941,4941,Punasan,CGWB,24,Gujarat,458,Sabarkantha,BHILODA,BHILODA,Punasan,-,-,-,-,-,-,23.66944444,73.17361111,,30-05-2023 10:00,7.15
4942,4942,Punjapadar,CGWB,24,Gujarat,439,Amreli,LILIA,LILIA,Punjapadar,-,-,-,-,-,-,21.52500000,71.35833333,,10-01-2021 00:00,1.92
4943,4943,Punjapadar,CGWB,24,Gujarat,439,Amreli,LILIA,LILIA,Punjapadar,-,-,-,-,-,-,21.52500000,71.35833333,,31-08-2021 06:00,0.89
4944,4944,Punjapadar,CGWB,24,Gujarat,439,Amreli,LILIA,LILIA,Punjapadar,-,-,-,-,-,-,21.52500000,71.35833333,,30-11-2021 06:00,0.88
4945,4945,Punjapadar,CGWB,24,Gujarat,439,Amreli,LILIA,LILIA,Punjapadar,-,-,-,-,-,-,21.52500000,71.35833333,,30-01-2022 07:00,3.58
4946,4946,Punjapadar,CGWB,24,Gujarat,439,Amreli,LILIA,LILIA,Punjapadar,-,-,-,-,-,-,21.52500000,71.35833333,,30-05-2022 06:00,2.73
4947,4947,Punjapadar,CGWB,24,Gujarat,439,Amreli,LILIA,LILIA,Punjapadar,-,-,-,-,-,-,21.52500000,71.35833333,,30-08-2022 06:00,0.94
4948,4948,Punjapadar,CGWB,24,Gujarat,439,Amreli,LILIA,LILIA,Punjapadar,-,-,-,-,-,-,21.52500000,71.35833333,,10-11-2022 06:00,3.91
4949,4949,Punjapadar,CGWB,24,Gujarat,439,Amreli,LILIA,LILIA,Punjapadar,-,-,-,-,-,-,21.52500000,71.35833333,,30-05-2023 10:00,4.02
4950,4950,Rah_Pz I,CGWB,24,Gujarat,441,Banaskantha,THARAD,THARAD,Rah,-,-,-,-,-,-,24.49583333,71.83611111,,10-01-2021 00:00,61.18
4951,4951,Rah_Pz I,CGWB,24,Gujarat,441,Banaskantha,THARAD,THARAD,Rah,-,-,-,-,-,-,24.49583333,71.83611111,,31-08-2021 06:00,55.32
4952,4952,Rah_Pz I,CGWB,24,Gujarat,441,Banaskantha,THARAD,THARAD,Rah,-,-,-,-,-,-,24.49583333,71.83611111,,30-11-2021 06:00,55.07
4953,4953,Rah_Pz I,CGWB,24,Gujarat,441,Banaskantha,THARAD,THARAD,Rah,-,-,-,-,-,-,24.49583333,71.83611111,,30-01-2022 07:00,55.86
4954,4954,Rah_Pz I,CGWB,24,Gujarat,441,Banaskantha,THARAD,THARAD,Rah,-,-,-,-,-,-,24.49583333,71.83611111,,30-05-2022 06:00,59.88
4955,4955,Rah_Pz I,CGWB,24,Gujarat,441,Banaskantha,THARAD,THARAD,Rah,-,-,-,-,-,-,24.49583333,71.83611111,,30-08-2022 06:00,63.76
4956,4956,Rah_Pz II,CGWB,24,Gujarat,441,Banaskantha,THARAD,THARAD,Rah,-,-,-,-,-,-,24.49583333,71.83611111,,10-01-2021 00:00,56.7
4957,4957,Rah_Pz II,CGWB,24,Gujarat,441,Banaskantha,THARAD,THARAD,Rah,-,-,-,-,-,-,24.49583333,71.83611111,,31-08-2021 06:00,52.49
4958,4958,Rah_Pz II,CGWB,24,Gujarat,441,Banaskantha,THARAD,THARAD,Rah,-,-,-,-,-,-,24.49583333,71.83611111,,30-11-2021 06:00,52.46
4959,4959,Rah_Pz II,CGWB,24,Gujarat,441,Banaskantha,THARAD,THARAD,Rah,-,-,-,-,-,-,24.49583333,71.83611111,,30-01-2022 07:00,52.47
4960,4960,Rah_Pz II,CGWB,24,Gujarat,441,Banaskantha,THARAD,THARAD,Rah,-,-,-,-,-,-,24.49583333,71.83611111,,30-05-2022 06:00,57.18
4961,4961,Rah_Pz II,CGWB,24,Gujarat,441,Banaskantha,THARAD,THARAD,Rah,-,-,-,-,-,-,24.49583333,71.83611111,,30-08-2022 06:00,54.18
4962,4962,Rajpada,CGWB,24,Gujarat,438,Ahmedabad,RANPUR,RANPUR,Rajpada,-,-,-,-,-,-,22.30833333,71.69166667,,10-01-2021 00:00,11.3
4963,4963,Rajpada,CGWB,24,Gujarat,438,Ahmedabad,RANPUR,RANPUR,Rajpada,-,-,-,-,-,-,22.30833333,71.69166667,,31-08-2021 06:00,14.03
4964,4964,Rajpada,CGWB,24,Gujarat,438,Ahmedabad,RANPUR,RANPUR,Rajpada,-,-,-,-,-,-,22.30833333,71.69166667,,30-11-2021 06:00,10.05
4965,4965,Rajpada,CGWB,24,Gujarat,438,Ahmedabad,RANPUR,RANPUR,Rajpada,-,-,-,-,-,-,22.30833333,71.69166667,,30-01-2022 07:00,10.47
4966,4966,Rajpada,CGWB,24,Gujarat,438,Ahmedabad,RANPUR,RANPUR,Rajpada,-,-,-,-,-,-,22.30833333,71.69166667,,30-05-2022 06:00,24.1
4967,4967,Rajpada,CGWB,24,Gujarat,438,Ahmedabad,RANPUR,RANPUR,Rajpada,-,-,-,-,-,-,22.30833333,71.69166667,,30-08-2022 06:00,12.83
4968,4968,Rajpada,CGWB,24,Gujarat,438,Ahmedabad,RANPUR,RANPUR,Rajpada,-,-,-,-,-,-,22.30833333,71.69166667,,10-11-2022 06:00,17.55
4969,4969,Rajpada,CGWB,24,Gujarat,438,Ahmedabad,RANPUR,RANPUR,Rajpada,-,-,-,-,-,-,22.30833333,71.69166667,,10-01-2023 18:00,18.67
4970,4970,Rajpada,CGWB,24,Gujarat,438,Ahmedabad,RANPUR,RANPUR,Rajpada,-,-,-,-,-,-,22.30833333,71.69166667,,30-05-2023 10:00,17.07
4971,4971,Rajpipla,CGWB,24,Gujarat,452,Narmada,NANDOD,NANDOD,Rajpipla,-,-,-,-,-,-,21.87500000,73.50000000,,10-01-2021 00:00,27.87
4972,4972,Rajpipla,CGWB,24,Gujarat,452,Narmada,NANDOD,NANDOD,Rajpipla,-,-,-,-,-,-,21.87500000,73.50000000,,31-08-2021 06:00,30.02
4973,4973,Rajpipla,CGWB,24,Gujarat,452,Narmada,NANDOD,NANDOD,Rajpipla,-,-,-,-,-,-,21.87500000,73.50000000,,30-11-2021 06:00,28.02
4974,4974,Rajpipla,CGWB,24,Gujarat,452,Narmada,NANDOD,NANDOD,Rajpipla,-,-,-,-,-,-,21.87500000,73.50000000,,30-01-2022 07:00,30.24
4975,4975,Rajpipla,CGWB,24,Gujarat,452,Narmada,NANDOD,NANDOD,Rajpipla,-,-,-,-,-,-,21.87500000,73.50000000,,30-05-2022 06:00,30.41
4976,4976,Rajpipla,CGWB,24,Gujarat,452,Narmada,NANDOD,NANDOD,Rajpipla,-,-,-,-,-,-,21.87500000,73.50000000,,30-08-2022 06:00,26.21
4977,4977,Rajpipla,CGWB,24,Gujarat,452,Narmada,NANDOD,NANDOD,Rajpipla,-,-,-,-,-,-,21.87500000,73.50000000,,10-11-2022 06:00,26.76
4978,4978,Rajpipla,CGWB,24,Gujarat,452,Narmada,NANDOD,NANDOD,Rajpipla,-,-,-,-,-,-,21.87500000,73.50000000,,30-05-2023 10:00,30.35
4979,4979,Rajsitapur,CGWB,24,Gujarat,460,Surendranagar,DHRANGADHRA,DHRANGADHRA,Rajsitapur,-,-,-,-,-,-,22.84166667,71.59166667,,10-01-2021 00:00,2.72
4980,4980,Rajsitapur,CGWB,24,Gujarat,460,Surendranagar,DHRANGADHRA,DHRANGADHRA,Rajsitapur,-,-,-,-,-,-,22.84166667,71.59166667,,31-08-2021 06:00,7.15
4981,4981,Rajsitapur,CGWB,24,Gujarat,460,Surendranagar,DHRANGADHRA,DHRANGADHRA,Rajsitapur,-,-,-,-,-,-,22.84166667,71.59166667,,30-11-2021 06:00,3.85
4982,4982,Rajsitapur,CGWB,24,Gujarat,460,Surendranagar,DHRANGADHRA,DHRANGADHRA,Rajsitapur,-,-,-,-,-,-,22.84166667,71.59166667,,30-01-2022 07:00,2.7
4983,4983,Rajsitapur,CGWB,24,Gujarat,460,Surendranagar,DHRANGADHRA,DHRANGADHRA,Rajsitapur,-,-,-,-,-,-,22.84166667,71.59166667,,30-05-2022 06:00,7.5
4984,4984,Rajsitapur,CGWB,24,Gujarat,460,Surendranagar,DHRANGADHRA,DHRANGADHRA,Rajsitapur,-,-,-,-,-,-,22.84166667,71.59166667,,30-08-2022 06:00,4.37
4985,4985,Rajsitapur,CGWB,24,Gujarat,460,Surendranagar,DHRANGADHRA,DHRANGADHRA,Rajsitapur,-,-,-,-,-,-,22.84166667,71.59166667,,10-11-2022 06:00,4.15
4986,4986,Rajsitapur,CGWB,24,Gujarat,460,Surendranagar,DHRANGADHRA,DHRANGADHRA,Rajsitapur,-,-,-,-,-,-,22.84166667,71.59166667,,30-05-2023 10:00,5.09
4987,4987,Ralda,CGWB,24,Gujarat,452,Narmada,DEDIAPADA,DEDIAPADA,Ralda,-,-,-,-,-,-,21.61000000,73.65250000,,10-01-2021 00:00,1.95
4988,4988,Ralda,CGWB,24,Gujarat,452,Narmada,DEDIAPADA,DEDIAPADA,Ralda,-,-,-,-,-,-,21.61000000,73.65250000,,31-08-2021 06:00,1.74
4989,4989,Ralda,CGWB,24,Gujarat,452,Narmada,DEDIAPADA,DEDIAPADA,Ralda,-,-,-,-,-,-,21.61000000,73.65250000,,30-11-2021 06:00,1.8
4990,4990,Ralda,CGWB,24,Gujarat,452,Narmada,DEDIAPADA,DEDIAPADA,Ralda,-,-,-,-,-,-,21.61000000,73.65250000,,30-01-2022 07:00,0.52
4991,4991,Ralda,CGWB,24,Gujarat,452,Narmada,DEDIAPADA,DEDIAPADA,Ralda,-,-,-,-,-,-,21.61000000,73.65250000,,30-05-2022 06:00,5.1
4992,4992,Ralda,CGWB,24,Gujarat,452,Narmada,DEDIAPADA,DEDIAPADA,Ralda,-,-,-,-,-,-,21.61000000,73.65250000,,30-08-2022 06:00,1.42
4993,4993,Ralda,CGWB,24,Gujarat,452,Narmada,DEDIAPADA,DEDIAPADA,Ralda,-,-,-,-,-,-,21.61000000,73.65250000,,10-11-2022 06:00,2.66
4994,4994,Ralda,CGWB,24,Gujarat,452,Narmada,DEDIAPADA,DEDIAPADA,Ralda,-,-,-,-,-,-,21.61000000,73.65250000,,30-05-2023 10:00,5.5
4995,4995,Rampura1,CGWB,24,Gujarat,451,Mahesana,KHERALU,KHERALU,Rampura,-,-,-,-,-,-,23.89166667,72.51666667,,10-01-2021 00:00,9.52
4996,4996,Rampura1,CGWB,24,Gujarat,451,Mahesana,KHERALU,KHERALU,Rampura,-,-,-,-,-,-,23.89166667,72.51666667,,31-08-2021 06:00,10.15
4997,4997,Rampura1,CGWB,24,Gujarat,451,Mahesana,KHERALU,KHERALU,Rampura,-,-,-,-,-,-,23.89166667,72.51666667,,30-11-2021 06:00,11.26
4998,4998,Rampura1,CGWB,24,Gujarat,451,Mahesana,KHERALU,KHERALU,Rampura,-,-,-,-,-,-,23.89166667,72.51666667,,30-01-2022 07:00,12.33
4999,4999,Rampura1,CGWB,24,Gujarat,451,Mahesana,KHERALU,KHERALU,Rampura,-,-,-,-,-,-,23.89166667,72.51666667,,30-08-2022 06:00,7.25
5000,5000,Rampura1,CGWB,24,Gujarat,451,Mahesana,KHERALU,KHERALU,Rampura,-,-,-,-,-,-,23.89166667,72.51666667,,10-11-2022 06:00,9.66
5001,5001,Rampura1,CGWB,24,Gujarat,451,Mahesana,KHERALU,KHERALU,Rampura,-,-,-,-,-,-,23.89166667,72.51666667,,30-05-2023 10:00,11.74
5002,5002,Ramvijaynagar Pz I,CGWB,24,Gujarat,451,Mahesana,-,-,-,-,-,-,-,-,-,23.71000000,72.34000000,,31-08-2021 06:00,167.25
5003,5003,Ramvijaynagar Pz I,CGWB,24,Gujarat,451,Mahesana,-,-,-,-,-,-,-,-,-,23.71000000,72.34000000,,30-11-2021 06:00,169.55
5004,5004,Ramvijaynagar Pz I,CGWB,24,Gujarat,451,Mahesana,-,-,-,-,-,-,-,-,-,23.71000000,72.34000000,,30-01-2022 07:00,170.7
5005,5005,Ramvijaynagar Pz I,CGWB,24,Gujarat,451,Mahesana,-,-,-,-,-,-,-,-,-,23.71000000,72.34000000,,30-05-2022 06:00,170.05
5006,5006,Ramvijaynagar Pz I,CGWB,24,Gujarat,451,Mahesana,-,-,-,-,-,-,-,-,-,23.71000000,72.34000000,,30-08-2022 06:00,164.64
5007,5007,Ramvijaynagar Pz I,CGWB,24,Gujarat,451,Mahesana,-,-,-,-,-,-,-,-,-,23.71000000,72.34000000,,10-11-2022 06:00,173
5008,5008,Ramvijaynagar Pz II,CGWB,24,Gujarat,451,Mahesana,-,-,-,-,-,-,-,-,-,23.71000000,72.34000000,,31-08-2021 06:00,86.3
5009,5009,Ramvijaynagar Pz II,CGWB,24,Gujarat,451,Mahesana,-,-,-,-,-,-,-,-,-,23.71000000,72.34000000,,30-11-2021 06:00,85.36
5010,5010,Ramvijaynagar Pz II,CGWB,24,Gujarat,451,Mahesana,-,-,-,-,-,-,-,-,-,23.71000000,72.34000000,,30-01-2022 07:00,87.25
5011,5011,Ramvijaynagar Pz II,CGWB,24,Gujarat,451,Mahesana,-,-,-,-,-,-,-,-,-,23.71000000,72.34000000,,30-05-2022 06:00,85.29
5012,5012,Ramvijaynagar Pz II,CGWB,24,Gujarat,451,Mahesana,-,-,-,-,-,-,-,-,-,23.71000000,72.34000000,,30-08-2022 06:00,85.15
5013,5013,Ramvijaynagar Pz II,CGWB,24,Gujarat,451,Mahesana,-,-,-,-,-,-,-,-,-,23.71000000,72.34000000,,10-11-2022 06:00,85
5014,5014,Ramvijaynagar Pz III,CGWB,24,Gujarat,451,Mahesana,-,-,-,-,-,-,-,-,-,23.71000000,72.34000000,,31-08-2021 06:00,18.36
5015,5015,Ramvijaynagar Pz III,CGWB,24,Gujarat,451,Mahesana,-,-,-,-,-,-,-,-,-,23.71000000,72.34000000,,30-11-2021 06:00,17.51
5016,5016,Ramvijaynagar Pz III,CGWB,24,Gujarat,451,Mahesana,-,-,-,-,-,-,-,-,-,23.71000000,72.34000000,,30-01-2022 07:00,19.4
5017,5017,Ramvijaynagar Pz III,CGWB,24,Gujarat,451,Mahesana,-,-,-,-,-,-,-,-,-,23.71000000,72.34000000,,30-05-2022 06:00,19.42
5018,5018,Ramvijaynagar Pz III,CGWB,24,Gujarat,451,Mahesana,-,-,-,-,-,-,-,-,-,23.71000000,72.34000000,,30-08-2022 06:00,17.24
5019,5019,Ramvijaynagar Pz III,CGWB,24,Gujarat,451,Mahesana,-,-,-,-,-,-,-,-,-,23.71000000,72.34000000,,10-11-2022 06:00,15.86
5020,5020,Ranavav2,CGWB,24,Gujarat,456,Porbandar,RANAVAV,RANAVAV,Ranavav,-,-,-,-,-,-,21.68333333,69.74583333,,10-01-2021 00:00,4.1
5021,5021,Ranavav2,CGWB,24,Gujarat,456,Porbandar,RANAVAV,RANAVAV,Ranavav,-,-,-,-,-,-,21.68333333,69.74583333,,31-08-2021 06:00,4.63
5022,5022,Ranavav2,CGWB,24,Gujarat,456,Porbandar,RANAVAV,RANAVAV,Ranavav,-,-,-,-,-,-,21.68333333,69.74583333,,30-11-2021 06:00,2.1
5023,5023,Ranavav2,CGWB,24,Gujarat,456,Porbandar,RANAVAV,RANAVAV,Ranavav,-,-,-,-,-,-,21.68333333,69.74583333,,30-01-2022 07:00,4.12
5024,5024,Ranavav2,CGWB,24,Gujarat,456,Porbandar,RANAVAV,RANAVAV,Ranavav,-,-,-,-,-,-,21.68333333,69.74583333,,30-05-2022 06:00,7.22
5025,5025,Ranavav2,CGWB,24,Gujarat,456,Porbandar,RANAVAV,RANAVAV,Ranavav,-,-,-,-,-,-,21.68333333,69.74583333,,30-08-2022 06:00,0.78
5026,5026,Ranavav2,CGWB,24,Gujarat,456,Porbandar,RANAVAV,RANAVAV,Ranavav,-,-,-,-,-,-,21.68333333,69.74583333,,10-11-2022 06:00,2.85
5027,5027,Ranavav2,CGWB,24,Gujarat,456,Porbandar,RANAVAV,RANAVAV,Ranavav,-,-,-,-,-,-,21.68333333,69.74583333,,30-05-2023 10:00,8.2
5028,5028,Ranipura,CGWB,24,Gujarat,454,Panchmahals,GHOGHAMBA,GHOGHAMBA,Ranipura,-,-,-,-,-,-,22.72500000,73.75833333,,10-01-2021 00:00,2.11
5029,5029,Ranipura,CGWB,24,Gujarat,454,Panchmahals,GHOGHAMBA,GHOGHAMBA,Ranipura,-,-,-,-,-,-,22.72500000,73.75833333,,31-08-2021 06:00,9.04
5030,5030,Ranipura,CGWB,24,Gujarat,454,Panchmahals,GHOGHAMBA,GHOGHAMBA,Ranipura,-,-,-,-,-,-,22.72500000,73.75833333,,30-11-2021 06:00,3.65
5031,5031,Ranipura,CGWB,24,Gujarat,454,Panchmahals,GHOGHAMBA,GHOGHAMBA,Ranipura,-,-,-,-,-,-,22.72500000,73.75833333,,30-01-2022 07:00,4.5
5032,5032,Ranipura,CGWB,24,Gujarat,454,Panchmahals,GHOGHAMBA,GHOGHAMBA,Ranipura,-,-,-,-,-,-,22.72500000,73.75833333,,30-05-2022 06:00,8.17
5033,5033,Ranipura,CGWB,24,Gujarat,454,Panchmahals,GHOGHAMBA,GHOGHAMBA,Ranipura,-,-,-,-,-,-,22.72500000,73.75833333,,30-08-2022 06:00,3.28
5034,5034,Ranipura,CGWB,24,Gujarat,454,Panchmahals,GHOGHAMBA,GHOGHAMBA,Ranipura,-,-,-,-,-,-,22.72500000,73.75833333,,10-11-2022 06:00,3.16
5035,5035,Ranipura,CGWB,24,Gujarat,454,Panchmahals,GHOGHAMBA,GHOGHAMBA,Ranipura,-,-,-,-,-,-,22.72500000,73.75833333,,10-01-2023 18:00,3.47
5036,5036,Ranipura,CGWB,24,Gujarat,454,Panchmahals,GHOGHAMBA,GHOGHAMBA,Ranipura,-,-,-,-,-,-,22.72500000,73.75833333,,30-05-2023 10:00,8.400001
5037,5037,Rankuva,CGWB,24,Gujarat,453,Navsari,CHIKHLI,CHIKHLI,Rankuva,-,-,-,-,-,-,20.81250000,73.15833333,,10-01-2021 00:00,3.71
5038,5038,Rankuva,CGWB,24,Gujarat,453,Navsari,CHIKHLI,CHIKHLI,Rankuva,-,-,-,-,-,-,20.81250000,73.15833333,,31-08-2021 06:00,2.56
5039,5039,Rankuva,CGWB,24,Gujarat,453,Navsari,CHIKHLI,CHIKHLI,Rankuva,-,-,-,-,-,-,20.81250000,73.15833333,,30-11-2021 06:00,5
5040,5040,Rankuva,CGWB,24,Gujarat,453,Navsari,CHIKHLI,CHIKHLI,Rankuva,-,-,-,-,-,-,20.81250000,73.15833333,,30-01-2022 07:00,3.35
5041,5041,Rankuva,CGWB,24,Gujarat,453,Navsari,CHIKHLI,CHIKHLI,Rankuva,-,-,-,-,-,-,20.81250000,73.15833333,,30-05-2022 06:00,9.5
5042,5042,Rankuva,CGWB,24,Gujarat,453,Navsari,CHIKHLI,CHIKHLI,Rankuva,-,-,-,-,-,-,20.81250000,73.15833333,,30-08-2022 06:00,1.85
5043,5043,Rankuva,CGWB,24,Gujarat,453,Navsari,CHIKHLI,CHIKHLI,Rankuva,-,-,-,-,-,-,20.81250000,73.15833333,,30-05-2023 10:00,
5044,5044,Rankuva,CGWB,24,Gujarat,453,Navsari,CHIKHLI,CHIKHLI,Rankuva,-,-,-,-,-,-,20.81250000,73.15833333,,30-08-2023 18:00,1.3
5045,5045,Ranpur1,CGWB,24,Gujarat,457,Rajkot,RAJKOT,RAJKOT,Ranpur,-,-,-,-,-,-,22.36666667,70.92916667,,10-01-2021 00:00,8.25
5046,5046,Ranpur1,CGWB,24,Gujarat,457,Rajkot,RAJKOT,RAJKOT,Ranpur,-,-,-,-,-,-,22.36666667,70.92916667,,31-08-2021 06:00,2.35
5047,5047,Ranpur1,CGWB,24,Gujarat,457,Rajkot,RAJKOT,RAJKOT,Ranpur,-,-,-,-,-,-,22.36666667,70.92916667,,30-11-2021 06:00,5
5048,5048,Ranpur1,CGWB,24,Gujarat,457,Rajkot,RAJKOT,RAJKOT,Ranpur,-,-,-,-,-,-,22.36666667,70.92916667,,30-01-2022 07:00,6.05
5049,5049,Ranpur1,CGWB,24,Gujarat,457,Rajkot,RAJKOT,RAJKOT,Ranpur,-,-,-,-,-,-,22.36666667,70.92916667,,30-05-2022 06:00,10.78
5050,5050,Ranpur1,CGWB,24,Gujarat,457,Rajkot,RAJKOT,RAJKOT,Ranpur,-,-,-,-,-,-,22.36666667,70.92916667,,30-08-2022 06:00,2.3
5051,5051,Ranpur1,CGWB,24,Gujarat,457,Rajkot,RAJKOT,RAJKOT,Ranpur,-,-,-,-,-,-,22.36666667,70.92916667,,10-11-2022 06:00,7.02
5052,5052,Ranpur1,CGWB,24,Gujarat,457,Rajkot,RAJKOT,RAJKOT,Ranpur,-,-,-,-,-,-,22.36666667,70.92916667,,30-05-2023 10:00,12.85
5053,5053,Rapar,CGWB,24,Gujarat,449,Kachchh,RAPAR,RAPAR,Rapar,-,-,-,-,-,-,23.57500000,70.64166667,,10-01-2021 00:00,22.5
5054,5054,Rapar,CGWB,24,Gujarat,449,Kachchh,RAPAR,RAPAR,Rapar,-,-,-,-,-,-,23.57500000,70.64166667,,31-08-2021 06:00,22.42
5055,5055,Rapar,CGWB,24,Gujarat,449,Kachchh,RAPAR,RAPAR,Rapar,-,-,-,-,-,-,23.57500000,70.64166667,,30-05-2022 06:00,25.67
5056,5056,Rapar,CGWB,24,Gujarat,449,Kachchh,RAPAR,RAPAR,Rapar,-,-,-,-,-,-,23.57500000,70.64166667,,30-05-2023 10:00,23.98
5057,5057,Rapar2,CGWB,24,Gujarat,449,Kachchh,RAPAR,RAPAR,Rapar,-,-,-,-,-,-,23.56666667,70.63750000,,10-01-2021 00:00,26.02
5058,5058,Rapar2,CGWB,24,Gujarat,449,Kachchh,RAPAR,RAPAR,Rapar,-,-,-,-,-,-,23.56666667,70.63750000,,31-08-2021 06:00,23.95
5059,5059,Rapar2,CGWB,24,Gujarat,449,Kachchh,RAPAR,RAPAR,Rapar,-,-,-,-,-,-,23.56666667,70.63750000,,30-11-2021 06:00,25.41
5060,5060,Rapar2,CGWB,24,Gujarat,449,Kachchh,RAPAR,RAPAR,Rapar,-,-,-,-,-,-,23.56666667,70.63750000,,30-01-2022 07:00,26.58
5061,5061,Rapar2,CGWB,24,Gujarat,449,Kachchh,RAPAR,RAPAR,Rapar,-,-,-,-,-,-,23.56666667,70.63750000,,30-05-2022 06:00,25.48
5062,5062,Rapar2,CGWB,24,Gujarat,449,Kachchh,RAPAR,RAPAR,Rapar,-,-,-,-,-,-,23.56666667,70.63750000,,30-08-2022 06:00,24.66
5063,5063,Rapar2,CGWB,24,Gujarat,449,Kachchh,RAPAR,RAPAR,Rapar,-,-,-,-,-,-,23.56666667,70.63750000,,10-11-2022 06:00,25.76
5064,5064,Rapar2,CGWB,24,Gujarat,449,Kachchh,RAPAR,RAPAR,Rapar,-,-,-,-,-,-,23.56666667,70.63750000,,30-05-2023 10:00,27.37
5065,5065,Ras,CGWB,24,Gujarat,440,Anand,BORSAD,BORSAD,Ras,-,-,-,-,-,-,22.34583333,72.83333333,,10-01-2021 00:00,2.32
5066,5066,Ras,CGWB,24,Gujarat,440,Anand,BORSAD,BORSAD,Ras,-,-,-,-,-,-,22.34583333,72.83333333,,31-08-2021 06:00,3.07
5067,5067,Ras,CGWB,24,Gujarat,440,Anand,BORSAD,BORSAD,Ras,-,-,-,-,-,-,22.34583333,72.83333333,,30-11-2021 06:00,0.95
5068,5068,Ras,CGWB,24,Gujarat,440,Anand,BORSAD,BORSAD,Ras,-,-,-,-,-,-,22.34583333,72.83333333,,30-01-2022 07:00,1.21
5069,5069,Ras,CGWB,24,Gujarat,440,Anand,BORSAD,BORSAD,Ras,-,-,-,-,-,-,22.34583333,72.83333333,,30-05-2022 06:00,2.37
5070,5070,Ras,CGWB,24,Gujarat,440,Anand,BORSAD,BORSAD,Ras,-,-,-,-,-,-,22.34583333,72.83333333,,30-08-2022 06:00,1.38
5071,5071,Ras,CGWB,24,Gujarat,440,Anand,BORSAD,BORSAD,Ras,-,-,-,-,-,-,22.34583333,72.83333333,,10-11-2022 06:00,2.82
5072,5072,Ras,CGWB,24,Gujarat,440,Anand,BORSAD,BORSAD,Ras,-,-,-,-,-,-,22.34583333,72.83333333,,01-01-2023 00:00,2.14
5073,5073,Ras,CGWB,24,Gujarat,440,Anand,BORSAD,BORSAD,Ras,-,-,-,-,-,-,22.34583333,72.83333333,,30-05-2023 10:00,2.47
5074,5074,Rasela,CGWB,24,Gujarat,452,Narmada,NANDOD,NANDOD,Rasela,-,-,-,-,-,-,21.92500000,73.49166667,,10-01-2021 00:00,14.3
5075,5075,Rasela,CGWB,24,Gujarat,452,Narmada,NANDOD,NANDOD,Rasela,-,-,-,-,-,-,21.92500000,73.49166667,,31-08-2021 06:00,13.6
5076,5076,Rasela,CGWB,24,Gujarat,452,Narmada,NANDOD,NANDOD,Rasela,-,-,-,-,-,-,21.92500000,73.49166667,,30-11-2021 06:00,9.7
5077,5077,Rasela,CGWB,24,Gujarat,452,Narmada,NANDOD,NANDOD,Rasela,-,-,-,-,-,-,21.92500000,73.49166667,,30-05-2023 10:00,15.829999
5078,5078,Rasulpura_Pz,CGWB,24,Gujarat,452,Narmada,TILAKWADA,TILAKWADA,Rasulpura,-,-,-,-,-,-,21.96666667,73.62500000,,10-01-2021 00:00,21.65
5079,5079,Rasulpura_Pz,CGWB,24,Gujarat,452,Narmada,TILAKWADA,TILAKWADA,Rasulpura,-,-,-,-,-,-,21.96666667,73.62500000,,31-08-2021 06:00,20.78
5080,5080,Rasulpura_Pz,CGWB,24,Gujarat,452,Narmada,TILAKWADA,TILAKWADA,Rasulpura,-,-,-,-,-,-,21.96666667,73.62500000,,30-11-2021 06:00,21.8
5081,5081,Rasulpura_Pz,CGWB,24,Gujarat,452,Narmada,TILAKWADA,TILAKWADA,Rasulpura,-,-,-,-,-,-,21.96666667,73.62500000,,30-01-2022 07:00,21.08
5082,5082,Rasulpura_Pz,CGWB,24,Gujarat,452,Narmada,TILAKWADA,TILAKWADA,Rasulpura,-,-,-,-,-,-,21.96666667,73.62500000,,30-05-2022 06:00,21.96
5083,5083,Rasulpura_Pz,CGWB,24,Gujarat,452,Narmada,TILAKWADA,TILAKWADA,Rasulpura,-,-,-,-,-,-,21.96666667,73.62500000,,30-08-2022 06:00,21.66
5084,5084,Rasulpura_Pz,CGWB,24,Gujarat,452,Narmada,TILAKWADA,TILAKWADA,Rasulpura,-,-,-,-,-,-,21.96666667,73.62500000,,10-11-2022 06:00,19.1
5085,5085,Rasulpura_Pz,CGWB,24,Gujarat,452,Narmada,TILAKWADA,TILAKWADA,Rasulpura,-,-,-,-,-,-,21.96666667,73.62500000,,30-05-2023 10:00,21.64
5086,5086,Ratadi,CGWB,24,Gujarat,456,Porbandar,PORBANDAR,PORBANDAR,Ratadi,-,-,-,-,-,-,21.72027778,69.51194444,,10-01-2021 00:00,5.39
5087,5087,Ratadi,CGWB,24,Gujarat,456,Porbandar,PORBANDAR,PORBANDAR,Ratadi,-,-,-,-,-,-,21.72027778,69.51194444,,31-08-2021 06:00,2.95
5088,5088,Ratadi,CGWB,24,Gujarat,456,Porbandar,PORBANDAR,PORBANDAR,Ratadi,-,-,-,-,-,-,21.72027778,69.51194444,,30-11-2021 06:00,3.97
5089,5089,Ratadi,CGWB,24,Gujarat,456,Porbandar,PORBANDAR,PORBANDAR,Ratadi,-,-,-,-,-,-,21.72027778,69.51194444,,30-01-2022 07:00,5.57
5090,5090,Ratadi,CGWB,24,Gujarat,456,Porbandar,PORBANDAR,PORBANDAR,Ratadi,-,-,-,-,-,-,21.72027778,69.51194444,,30-05-2022 06:00,6.92
5091,5091,Ratadi,CGWB,24,Gujarat,456,Porbandar,PORBANDAR,PORBANDAR,Ratadi,-,-,-,-,-,-,21.72027778,69.51194444,,30-08-2022 06:00,2.04
5092,5092,Ratadi,CGWB,24,Gujarat,456,Porbandar,PORBANDAR,PORBANDAR,Ratadi,-,-,-,-,-,-,21.72027778,69.51194444,,10-11-2022 06:00,0.7
5093,5093,Ratadi,CGWB,24,Gujarat,456,Porbandar,PORBANDAR,PORBANDAR,Ratadi,-,-,-,-,-,-,21.72027778,69.51194444,,30-05-2023 10:00,6.69
5094,5094,Ratanpur,CGWB,24,Gujarat,458,Sabarkantha,KHEDBRAHMA,KHEDBRAHMA,Ratanpur,-,-,-,-,-,-,24.20833333,72.99861111,,30-01-2022 07:00,12.6
5095,5095,Ratanpur1,CGWB,24,Gujarat,460,Surendranagar,DHRANGADHRA,DHRANGADHRA,Ratanpur,-,-,-,-,-,-,22.85833333,71.27083333,,10-01-2021 00:00,7.72
5096,5096,Ratanpur1,CGWB,24,Gujarat,460,Surendranagar,DHRANGADHRA,DHRANGADHRA,Ratanpur,-,-,-,-,-,-,22.85833333,71.27083333,,31-08-2021 06:00,5.6
5097,5097,Ratanpur1,CGWB,24,Gujarat,460,Surendranagar,DHRANGADHRA,DHRANGADHRA,Ratanpur,-,-,-,-,-,-,22.85833333,71.27083333,,30-11-2021 06:00,6.95
5098,5098,Ratanpur1,CGWB,24,Gujarat,460,Surendranagar,DHRANGADHRA,DHRANGADHRA,Ratanpur,-,-,-,-,-,-,22.85833333,71.27083333,,30-01-2022 07:00,7.85
5099,5099,Ratanpur1,CGWB,24,Gujarat,460,Surendranagar,DHRANGADHRA,DHRANGADHRA,Ratanpur,-,-,-,-,-,-,22.85833333,71.27083333,,30-05-2022 06:00,9
5100,5100,Ratanpur1,CGWB,24,Gujarat,460,Surendranagar,DHRANGADHRA,DHRANGADHRA,Ratanpur,-,-,-,-,-,-,22.85833333,71.27083333,,30-08-2022 06:00,4.8
5101,5101,Ratanpur1,CGWB,24,Gujarat,460,Surendranagar,DHRANGADHRA,DHRANGADHRA,Ratanpur,-,-,-,-,-,-,22.85833333,71.27083333,,10-11-2022 06:00,6
5102,5102,Ratanpur1,CGWB,24,Gujarat,460,Surendranagar,DHRANGADHRA,DHRANGADHRA,Ratanpur,-,-,-,-,-,-,22.85833333,71.27083333,,30-05-2023 10:00,7.4999995
5103,5103,Ratanpur2,CGWB,24,Gujarat,441,Banaskantha,DANTA,DANTA,Ratanpur,-,-,-,-,-,-,24.17500000,72.74583333,,10-01-2021 00:00,15.6
5104,5104,Ratanpur2,CGWB,24,Gujarat,441,Banaskantha,DANTA,DANTA,Ratanpur,-,-,-,-,-,-,24.17500000,72.74583333,,31-08-2021 06:00,16.41
5105,5105,Ratanpur2,CGWB,24,Gujarat,441,Banaskantha,DANTA,DANTA,Ratanpur,-,-,-,-,-,-,24.17500000,72.74583333,,30-11-2021 06:00,16.25
5106,5106,Ratanpur2,CGWB,24,Gujarat,441,Banaskantha,DANTA,DANTA,Ratanpur,-,-,-,-,-,-,24.17500000,72.74583333,,30-01-2022 07:00,16.34
5107,5107,Ratanpur2,CGWB,24,Gujarat,441,Banaskantha,DANTA,DANTA,Ratanpur,-,-,-,-,-,-,24.17500000,72.74583333,,30-05-2022 06:00,19.3
5108,5108,Ratanpur2,CGWB,24,Gujarat,441,Banaskantha,DANTA,DANTA,Ratanpur,-,-,-,-,-,-,24.17500000,72.74583333,,30-08-2022 06:00,14.3
5109,5109,Ratanpur2,CGWB,24,Gujarat,441,Banaskantha,DANTA,DANTA,Ratanpur,-,-,-,-,-,-,24.17500000,72.74583333,,10-11-2022 06:00,13.68
5110,5110,Ratanpur2,CGWB,24,Gujarat,441,Banaskantha,DANTA,DANTA,Ratanpur,-,-,-,-,-,-,24.17500000,72.74583333,,01-01-2023 00:00,14.5
5111,5111,Ratanpur2,CGWB,24,Gujarat,441,Banaskantha,DANTA,DANTA,Ratanpur,-,-,-,-,-,-,24.17500000,72.74583333,,30-05-2023 10:00,16.88
5112,5112,Ratanpur khadir,CGWB,24,Gujarat,449,Kachchh,BHACHAU,BHACHAU,Ratanpur khadir,-,-,-,-,-,-,23.86250000,70.35833333,,30-05-2023 10:00,14
5113,5113,Ratanpur Khadir1,CGWB,24,Gujarat,449,Kachchh,BHACHAU,-,-,-,-,-,-,-,-,23.86083333,70.36305556,,10-01-2021 00:00,9.75
5114,5114,Ratanpur Khadir1,CGWB,24,Gujarat,449,Kachchh,BHACHAU,-,-,-,-,-,-,-,-,23.86083333,70.36305556,,31-08-2021 06:00,12.8
5115,5115,Ratanpur Khadir1,CGWB,24,Gujarat,449,Kachchh,BHACHAU,-,-,-,-,-,-,-,-,23.86083333,70.36305556,,30-11-2021 06:00,10.75
5116,5116,Ratanpur Khadir1,CGWB,24,Gujarat,449,Kachchh,BHACHAU,-,-,-,-,-,-,-,-,23.86083333,70.36305556,,30-01-2022 07:00,12.7
5117,5117,Ratanpur Khadir1,CGWB,24,Gujarat,449,Kachchh,BHACHAU,-,-,-,-,-,-,-,-,23.86083333,70.36305556,,30-05-2022 06:00,14.3
5118,5118,Ratanpur Khadir1,CGWB,24,Gujarat,449,Kachchh,BHACHAU,-,-,-,-,-,-,-,-,23.86083333,70.36305556,,30-08-2022 06:00,13.4
5119,5119,Ratanpur Khadir1,CGWB,24,Gujarat,449,Kachchh,BHACHAU,-,-,-,-,-,-,-,-,23.86083333,70.36305556,,10-11-2022 06:00,14.9
5120,5120,Ratanpur(maum.),CGWB,24,Gujarat,449,Kachchh,MANDVI,MANDVI,Ratanpur(maum.),-,-,-,-,-,-,23.10833333,69.29166667,,10-01-2021 00:00,2.32
5121,5121,Ratanpur(maum.),CGWB,24,Gujarat,449,Kachchh,MANDVI,MANDVI,Ratanpur(maum.),-,-,-,-,-,-,23.10833333,69.29166667,,31-08-2021 06:00,1.37
5122,5122,Ratanpur(maum.),CGWB,24,Gujarat,449,Kachchh,MANDVI,MANDVI,Ratanpur(maum.),-,-,-,-,-,-,23.10833333,69.29166667,,30-11-2021 06:00,1.52
5123,5123,Ratanpur(maum.),CGWB,24,Gujarat,449,Kachchh,MANDVI,MANDVI,Ratanpur(maum.),-,-,-,-,-,-,23.10833333,69.29166667,,30-05-2022 06:00,4.35
5124,5124,Ratanpur(maum.),CGWB,24,Gujarat,449,Kachchh,MANDVI,MANDVI,Ratanpur(maum.),-,-,-,-,-,-,23.10833333,69.29166667,,30-08-2022 06:00,0.4
5125,5125,Ratanpur(maum.),CGWB,24,Gujarat,449,Kachchh,MANDVI,MANDVI,Ratanpur(maum.),-,-,-,-,-,-,23.10833333,69.29166667,,10-11-2022 06:00,0.95
5126,5126,Ratia,CGWB,24,Gujarat,456,Porbandar,PORBANDAR,PORBANDAR,Ratia,-,-,-,-,-,-,21.43805556,69.80611111,,10-01-2021 00:00,7.1
5127,5127,Ratia,CGWB,24,Gujarat,456,Porbandar,PORBANDAR,PORBANDAR,Ratia,-,-,-,-,-,-,21.43805556,69.80611111,,31-08-2021 06:00,3.16
5128,5128,Ratia,CGWB,24,Gujarat,456,Porbandar,PORBANDAR,PORBANDAR,Ratia,-,-,-,-,-,-,21.43805556,69.80611111,,30-11-2021 06:00,2.5
5129,5129,Ratia,CGWB,24,Gujarat,456,Porbandar,PORBANDAR,PORBANDAR,Ratia,-,-,-,-,-,-,21.43805556,69.80611111,,30-01-2022 07:00,6.3
5130,5130,Ratia,CGWB,24,Gujarat,456,Porbandar,PORBANDAR,PORBANDAR,Ratia,-,-,-,-,-,-,21.43805556,69.80611111,,30-05-2022 06:00,4.5
5131,5131,Ratia,CGWB,24,Gujarat,456,Porbandar,PORBANDAR,PORBANDAR,Ratia,-,-,-,-,-,-,21.43805556,69.80611111,,30-08-2022 06:00,3.27
5132,5132,Ratia,CGWB,24,Gujarat,456,Porbandar,PORBANDAR,PORBANDAR,Ratia,-,-,-,-,-,-,21.43805556,69.80611111,,10-11-2022 06:00,4.2
5133,5133,Ratia,CGWB,24,Gujarat,456,Porbandar,PORBANDAR,PORBANDAR,Ratia,-,-,-,-,-,-,21.43805556,69.80611111,,30-05-2023 10:00,4.8
5134,5134,Raval,CGWB,24,Gujarat,447,Jamnagar,KALYANPUR,KALYANPUR,Raval,-,-,-,-,-,-,21.92972222,69.49194444,,10-01-2021 00:00,5.1
5135,5135,Raval,CGWB,24,Gujarat,447,Jamnagar,KALYANPUR,KALYANPUR,Raval,-,-,-,-,-,-,21.92972222,69.49194444,,31-08-2021 06:00,2.9
5136,5136,Raval,CGWB,24,Gujarat,447,Jamnagar,KALYANPUR,KALYANPUR,Raval,-,-,-,-,-,-,21.92972222,69.49194444,,30-11-2021 06:00,1.3
5137,5137,Raval,CGWB,24,Gujarat,447,Jamnagar,KALYANPUR,KALYANPUR,Raval,-,-,-,-,-,-,21.92972222,69.49194444,,30-01-2022 07:00,4.48
5138,5138,Raval,CGWB,24,Gujarat,447,Jamnagar,KALYANPUR,KALYANPUR,Raval,-,-,-,-,-,-,21.92972222,69.49194444,,30-05-2022 06:00,5.64
5139,5139,Raval,CGWB,24,Gujarat,447,Jamnagar,KALYANPUR,KALYANPUR,Raval,-,-,-,-,-,-,21.92972222,69.49194444,,30-08-2022 06:00,1.5
5140,5140,Raval,CGWB,24,Gujarat,447,Jamnagar,KALYANPUR,KALYANPUR,Raval,-,-,-,-,-,-,21.92972222,69.49194444,,10-11-2022 06:00,2.51
5141,5141,Raval,CGWB,24,Gujarat,447,Jamnagar,KALYANPUR,KALYANPUR,Raval,-,-,-,-,-,-,21.92972222,69.49194444,,30-05-2023 10:00,5.7
5142,5142,Rawapar,CGWB,24,Gujarat,449,Kachchh,NAKHATRANA,NAKHATRANA,Rawapar,-,-,-,-,-,-,23.51666667,69.07500000,,31-08-2021 06:00,14.7
5143,5143,Rawapar,CGWB,24,Gujarat,449,Kachchh,NAKHATRANA,NAKHATRANA,Rawapar,-,-,-,-,-,-,23.51666667,69.07500000,,30-11-2021 06:00,14.7
5144,5144,Rawapar,CGWB,24,Gujarat,449,Kachchh,NAKHATRANA,NAKHATRANA,Rawapar,-,-,-,-,-,-,23.51666667,69.07500000,,30-01-2022 07:00,14.7
5145,5145,Raymal,CGWB,24,Gujarat,442,Bharuch,HANSOT,HANSOT,Raymal,-,-,-,-,-,-,21.52083333,72.82083333,,10-01-2021 00:00,1.1
5146,5146,Raymal,CGWB,24,Gujarat,442,Bharuch,HANSOT,HANSOT,Raymal,-,-,-,-,-,-,21.52083333,72.82083333,,31-08-2021 06:00,1.05
5147,5147,Raymal,CGWB,24,Gujarat,442,Bharuch,HANSOT,HANSOT,Raymal,-,-,-,-,-,-,21.52083333,72.82083333,,30-11-2021 06:00,1.11
5148,5148,Raymal,CGWB,24,Gujarat,442,Bharuch,HANSOT,HANSOT,Raymal,-,-,-,-,-,-,21.52083333,72.82083333,,30-01-2022 07:00,0.38
5149,5149,Raymal,CGWB,24,Gujarat,442,Bharuch,HANSOT,HANSOT,Raymal,-,-,-,-,-,-,21.52083333,72.82083333,,30-05-2022 06:00,1.1
5150,5150,Raymal,CGWB,24,Gujarat,442,Bharuch,HANSOT,HANSOT,Raymal,-,-,-,-,-,-,21.52083333,72.82083333,,30-08-2022 06:00,1.16
5151,5151,Raymal,CGWB,24,Gujarat,442,Bharuch,HANSOT,HANSOT,Raymal,-,-,-,-,-,-,21.52083333,72.82083333,,10-11-2022 06:00,0.73
5152,5152,Raymal,CGWB,24,Gujarat,442,Bharuch,HANSOT,HANSOT,Raymal,-,-,-,-,-,-,21.52083333,72.82083333,,30-05-2023 10:00,4.27
5153,5153,Raypura i,CGWB,24,Gujarat,461,Vadodara,VADODARA,VADODARA,Raypura i,-,-,-,-,-,-,22.28194444,73.09027778,,31-08-2021 06:00,24.24
5154,5154,Raypura i,CGWB,24,Gujarat,461,Vadodara,VADODARA,VADODARA,Raypura i,-,-,-,-,-,-,22.28194444,73.09027778,,30-11-2021 06:00,26.7
5155,5155,Raypura i,CGWB,24,Gujarat,461,Vadodara,VADODARA,VADODARA,Raypura i,-,-,-,-,-,-,22.28194444,73.09027778,,30-01-2022 07:00,23.08
5156,5156,Raypura i,CGWB,24,Gujarat,461,Vadodara,VADODARA,VADODARA,Raypura i,-,-,-,-,-,-,22.28194444,73.09027778,,30-05-2022 06:00,28.91
5157,5157,Raypura i,CGWB,24,Gujarat,461,Vadodara,VADODARA,VADODARA,Raypura i,-,-,-,-,-,-,22.28194444,73.09027778,,30-08-2022 06:00,20.12
5158,5158,Raypura i,CGWB,24,Gujarat,461,Vadodara,VADODARA,VADODARA,Raypura i,-,-,-,-,-,-,22.28194444,73.09027778,,10-11-2022 06:00,27.09
5159,5159,Revas,CGWB,24,Gujarat,458,Sabarkantha,IDAR,IDAR,Revas,-,-,-,-,-,-,23.82083333,73.11666667,,10-01-2021 00:00,12
5160,5160,Revas,CGWB,24,Gujarat,458,Sabarkantha,IDAR,IDAR,Revas,-,-,-,-,-,-,23.82083333,73.11666667,,31-08-2021 06:00,15.47
5161,5161,Revas,CGWB,24,Gujarat,458,Sabarkantha,IDAR,IDAR,Revas,-,-,-,-,-,-,23.82083333,73.11666667,,30-11-2021 06:00,10.7
5162,5162,Revas,CGWB,24,Gujarat,458,Sabarkantha,IDAR,IDAR,Revas,-,-,-,-,-,-,23.82083333,73.11666667,,30-01-2022 07:00,12.8
5163,5163,Revas,CGWB,24,Gujarat,458,Sabarkantha,IDAR,IDAR,Revas,-,-,-,-,-,-,23.82083333,73.11666667,,30-05-2022 06:00,15.4
5164,5164,Revas,CGWB,24,Gujarat,458,Sabarkantha,IDAR,IDAR,Revas,-,-,-,-,-,-,23.82083333,73.11666667,,30-08-2022 06:00,5.54
5165,5165,Revas,CGWB,24,Gujarat,458,Sabarkantha,IDAR,IDAR,Revas,-,-,-,-,-,-,23.82083333,73.11666667,,10-11-2022 06:00,8.8
5166,5166,Revas,CGWB,24,Gujarat,458,Sabarkantha,IDAR,IDAR,Revas,-,-,-,-,-,-,23.82083333,73.11666667,,10-01-2023 18:00,10.43
5167,5167,Revas,CGWB,24,Gujarat,458,Sabarkantha,IDAR,IDAR,Revas,-,-,-,-,-,-,23.82083333,73.11666667,,30-05-2023 10:00,13.7
5168,5168,Ribda,CGWB,24,Gujarat,457,Rajkot,GONDAL,GONDAL,Ribda,-,-,-,-,-,-,22.12500000,70.76666667,,10-01-2021 00:00,6.05
5169,5169,Ribda,CGWB,24,Gujarat,457,Rajkot,GONDAL,GONDAL,Ribda,-,-,-,-,-,-,22.12500000,70.76666667,,31-08-2021 06:00,1.2
5170,5170,Ribda,CGWB,24,Gujarat,457,Rajkot,GONDAL,GONDAL,Ribda,-,-,-,-,-,-,22.12500000,70.76666667,,30-11-2021 06:00,2.22
5171,5171,Ribda,CGWB,24,Gujarat,457,Rajkot,GONDAL,GONDAL,Ribda,-,-,-,-,-,-,22.12500000,70.76666667,,30-01-2022 07:00,3.88
5172,5172,Ribda,CGWB,24,Gujarat,457,Rajkot,GONDAL,GONDAL,Ribda,-,-,-,-,-,-,22.12500000,70.76666667,,30-05-2022 06:00,13.5
5173,5173,Ribda,CGWB,24,Gujarat,457,Rajkot,GONDAL,GONDAL,Ribda,-,-,-,-,-,-,22.12500000,70.76666667,,30-08-2022 06:00,0.7
5174,5174,Ribda,CGWB,24,Gujarat,457,Rajkot,GONDAL,GONDAL,Ribda,-,-,-,-,-,-,22.12500000,70.76666667,,10-11-2022 06:00,4.25
5175,5175,Ribda,CGWB,24,Gujarat,457,Rajkot,GONDAL,GONDAL,Ribda,-,-,-,-,-,-,22.12500000,70.76666667,,30-05-2023 10:00,11.900001
5176,5176,Ringani,CGWB,24,Gujarat,452,Narmada,NANDOD,NANDOD,Ringani,-,-,-,-,-,-,21.84166667,73.46666667,,10-01-2021 00:00,1.85
5177,5177,Ringani,CGWB,24,Gujarat,452,Narmada,NANDOD,NANDOD,Ringani,-,-,-,-,-,-,21.84166667,73.46666667,,31-08-2021 06:00,1.79
5178,5178,Ringani,CGWB,24,Gujarat,452,Narmada,NANDOD,NANDOD,Ringani,-,-,-,-,-,-,21.84166667,73.46666667,,30-11-2021 06:00,2.15
5179,5179,Ringani,CGWB,24,Gujarat,452,Narmada,NANDOD,NANDOD,Ringani,-,-,-,-,-,-,21.84166667,73.46666667,,30-01-2022 07:00,2.27
5180,5180,Ringani,CGWB,24,Gujarat,452,Narmada,NANDOD,NANDOD,Ringani,-,-,-,-,-,-,21.84166667,73.46666667,,30-05-2022 06:00,1.75
5181,5181,Ringani,CGWB,24,Gujarat,452,Narmada,NANDOD,NANDOD,Ringani,-,-,-,-,-,-,21.84166667,73.46666667,,30-08-2022 06:00,0.67
5182,5182,Ringani,CGWB,24,Gujarat,452,Narmada,NANDOD,NANDOD,Ringani,-,-,-,-,-,-,21.84166667,73.46666667,,10-11-2022 06:00,1.6
5183,5183,Ringani,CGWB,24,Gujarat,452,Narmada,NANDOD,NANDOD,Ringani,-,-,-,-,-,-,21.84166667,73.46666667,,30-05-2023 10:00,1.9799999
5184,5184,Roja tankaria,CGWB,24,Gujarat,442,Bharuch,AMOD,AMOD,Roja tankaria,-,-,-,-,-,-,21.91666667,72.79166667,,10-01-2021 00:00,6.55
5185,5185,Roja tankaria,CGWB,24,Gujarat,442,Bharuch,AMOD,AMOD,Roja tankaria,-,-,-,-,-,-,21.91666667,72.79166667,,31-08-2021 06:00,8.8
5186,5186,Roja tankaria,CGWB,24,Gujarat,442,Bharuch,AMOD,AMOD,Roja tankaria,-,-,-,-,-,-,21.91666667,72.79166667,,30-11-2021 06:00,7.15
5187,5187,Roja tankaria,CGWB,24,Gujarat,442,Bharuch,AMOD,AMOD,Roja tankaria,-,-,-,-,-,-,21.91666667,72.79166667,,30-01-2022 07:00,7.76
5188,5188,Roja tankaria,CGWB,24,Gujarat,442,Bharuch,AMOD,AMOD,Roja tankaria,-,-,-,-,-,-,21.91666667,72.79166667,,30-08-2022 06:00,6.1
5189,5189,Roja tankaria,CGWB,24,Gujarat,442,Bharuch,AMOD,AMOD,Roja tankaria,-,-,-,-,-,-,21.91666667,72.79166667,,30-05-2023 10:00,7.5699997
5190,5190,Rudramata,CGWB,24,Gujarat,449,Kachchh,BHUJ,BHUJ,Rudramata,-,-,-,-,-,-,23.39166667,69.70833333,,10-01-2021 00:00,3.82
5191,5191,Rudramata,CGWB,24,Gujarat,449,Kachchh,BHUJ,BHUJ,Rudramata,-,-,-,-,-,-,23.39166667,69.70833333,,30-01-2022 07:00,11.4
5192,5192,Rumla,CGWB,24,Gujarat,453,Navsari,CHIKHLI,CHIKHLI,Rumla,-,-,-,-,-,-,20.68916667,73.15888889,,10-01-2021 00:00,7.76
5193,5193,Rumla,CGWB,24,Gujarat,453,Navsari,CHIKHLI,CHIKHLI,Rumla,-,-,-,-,-,-,20.68916667,73.15888889,,31-08-2021 06:00,3.8
5194,5194,Rumla,CGWB,24,Gujarat,453,Navsari,CHIKHLI,CHIKHLI,Rumla,-,-,-,-,-,-,20.68916667,73.15888889,,30-11-2021 06:00,4.9
5195,5195,Rumla,CGWB,24,Gujarat,453,Navsari,CHIKHLI,CHIKHLI,Rumla,-,-,-,-,-,-,20.68916667,73.15888889,,30-01-2022 07:00,2.8
5196,5196,Rumla,CGWB,24,Gujarat,453,Navsari,CHIKHLI,CHIKHLI,Rumla,-,-,-,-,-,-,20.68916667,73.15888889,,30-05-2022 06:00,6.8
5197,5197,Rumla,CGWB,24,Gujarat,453,Navsari,CHIKHLI,CHIKHLI,Rumla,-,-,-,-,-,-,20.68916667,73.15888889,,30-08-2022 06:00,3.6
5198,5198,Rumla,CGWB,24,Gujarat,453,Navsari,CHIKHLI,CHIKHLI,Rumla,-,-,-,-,-,-,20.68916667,73.15888889,,10-11-2022 06:00,5.3
5199,5199,Rumla,CGWB,24,Gujarat,453,Navsari,CHIKHLI,CHIKHLI,Rumla,-,-,-,-,-,-,20.68027778,73.17166667,,30-05-2023 10:00,7.2
5200,5200,Rumla,CGWB,24,Gujarat,453,Navsari,CHIKHLI,CHIKHLI,Rumla,-,-,-,-,-,-,20.68916667,73.15888889,,30-08-2023 18:00,3.8000002
5201,5201,Sabalwad,CGWB,24,Gujarat,458,Sabarkantha,IDAR,IDAR,Sabalwad,-,-,-,-,-,-,23.87416667,72.96305556,,10-01-2021 00:00,21.25
5202,5202,Sabalwad,CGWB,24,Gujarat,458,Sabarkantha,IDAR,IDAR,Sabalwad,-,-,-,-,-,-,23.87416667,72.96305556,,31-08-2021 06:00,22.5
5203,5203,Sabalwad,CGWB,24,Gujarat,458,Sabarkantha,IDAR,IDAR,Sabalwad,-,-,-,-,-,-,23.87416667,72.96305556,,30-11-2021 06:00,21.12
5204,5204,Sabalwad,CGWB,24,Gujarat,458,Sabarkantha,IDAR,IDAR,Sabalwad,-,-,-,-,-,-,23.87416667,72.96305556,,30-01-2022 07:00,28.1
5205,5205,Sabalwad,CGWB,24,Gujarat,458,Sabarkantha,IDAR,IDAR,Sabalwad,-,-,-,-,-,-,23.87416667,72.96305556,,30-05-2022 06:00,29.3
5206,5206,Sabalwad,CGWB,24,Gujarat,458,Sabarkantha,IDAR,IDAR,Sabalwad,-,-,-,-,-,-,23.87416667,72.96305556,,30-08-2022 06:00,8.34
5207,5207,Sabalwad,CGWB,24,Gujarat,458,Sabarkantha,IDAR,IDAR,Sabalwad,-,-,-,-,-,-,23.87416667,72.96305556,,30-05-2023 10:00,22.65
5208,5208,Sachin town,CGWB,24,Gujarat,459,Surat,CHORASI,CHORASI,Sachin town,-,-,-,-,-,-,21.09166667,72.87500000,,31-08-2021 06:00,0.9
5209,5209,Sachin town,CGWB,24,Gujarat,459,Surat,CHORASI,CHORASI,Sachin town,-,-,-,-,-,-,21.09166667,72.87500000,,30-11-2021 06:00,2.2
5210,5210,Sachin town,CGWB,24,Gujarat,459,Surat,CHORASI,CHORASI,Sachin town,-,-,-,-,-,-,21.09166667,72.87500000,,30-08-2023 18:00,1.9000001
5211,5211,Sahol,CGWB,24,Gujarat,442,Bharuch,HANSOT,HANSOT,Sahol,-,-,-,-,-,-,21.47277778,72.80972222,,10-01-2021 00:00,1.9
5212,5212,Sahol,CGWB,24,Gujarat,442,Bharuch,HANSOT,HANSOT,Sahol,-,-,-,-,-,-,21.47277778,72.80972222,,31-08-2021 06:00,2.45
5213,5213,Sahol,CGWB,24,Gujarat,442,Bharuch,HANSOT,HANSOT,Sahol,-,-,-,-,-,-,21.47277778,72.80972222,,30-11-2021 06:00,2.7
5214,5214,Sahol,CGWB,24,Gujarat,442,Bharuch,HANSOT,HANSOT,Sahol,-,-,-,-,-,-,21.47277778,72.80972222,,30-01-2022 07:00,2.16
5215,5215,Sahol,CGWB,24,Gujarat,442,Bharuch,HANSOT,HANSOT,Sahol,-,-,-,-,-,-,21.47277778,72.80972222,,30-05-2022 06:00,4.4
5216,5216,Sahol,CGWB,24,Gujarat,442,Bharuch,HANSOT,HANSOT,Sahol,-,-,-,-,-,-,21.47277778,72.80972222,,30-08-2022 06:00,1.13
5217,5217,Sahol,CGWB,24,Gujarat,442,Bharuch,HANSOT,HANSOT,Sahol,-,-,-,-,-,-,21.47277778,72.80972222,,10-11-2022 06:00,1.8
5218,5218,Sahol,CGWB,24,Gujarat,442,Bharuch,HANSOT,HANSOT,Sahol,-,-,-,-,-,-,21.47277778,72.80972222,,30-05-2023 10:00,4.75
5219,5219,Saidal,CGWB,24,Gujarat,461,Vadodara,VAGHODIA,VAGHODIA,Saidal,-,-,-,-,-,-,22.28333333,73.50277778,,31-08-2021 06:00,0.65
5220,5220,Saidal,CGWB,24,Gujarat,461,Vadodara,VAGHODIA,VAGHODIA,Saidal,-,-,-,-,-,-,22.28333333,73.50277778,,30-11-2021 06:00,0.48
5221,5221,Saidal,CGWB,24,Gujarat,461,Vadodara,VAGHODIA,VAGHODIA,Saidal,-,-,-,-,-,-,22.28333333,73.50277778,,30-01-2022 07:00,1.67
5222,5222,Saidal,CGWB,24,Gujarat,461,Vadodara,VAGHODIA,VAGHODIA,Saidal,-,-,-,-,-,-,22.28333333,73.50277778,,30-05-2023 10:00,2.02
5223,5223,Saidivasana,CGWB,24,Gujarat,461,Vadodara,KAVANT,KAVANT,Saidivasana,-,-,-,-,-,-,22.05833333,74.01666667,,10-01-2021 00:00,3.45
5224,5224,Saidivasana,CGWB,24,Gujarat,461,Vadodara,KAVANT,KAVANT,Saidivasana,-,-,-,-,-,-,22.05833333,74.01666667,,31-08-2021 06:00,6.7
5225,5225,Saidivasana,CGWB,24,Gujarat,461,Vadodara,KAVANT,KAVANT,Saidivasana,-,-,-,-,-,-,22.05833333,74.01666667,,30-11-2021 06:00,2.6
5226,5226,Saidivasana,CGWB,24,Gujarat,461,Vadodara,KAVANT,KAVANT,Saidivasana,-,-,-,-,-,-,22.05833333,74.01666667,,30-01-2022 07:00,2.93
5227,5227,Saidivasana,CGWB,24,Gujarat,461,Vadodara,KAVANT,KAVANT,Saidivasana,-,-,-,-,-,-,22.05833333,74.01666667,,30-08-2022 06:00,4.22
5228,5228,Saidivasana,CGWB,24,Gujarat,461,Vadodara,KAVANT,KAVANT,Saidivasana,-,-,-,-,-,-,22.05833333,74.01666667,,10-11-2022 06:00,2.9
5229,5229,Saidivasana,CGWB,24,Gujarat,461,Vadodara,KAVANT,KAVANT,Saidivasana,-,-,-,-,-,-,22.05833333,74.01666667,,30-05-2023 10:00,5.6
5230,5230,Sajnasar,CGWB,24,Gujarat,443,Bhavnagar,PALITANA,PALITANA,Sajnasar,-,-,-,-,-,-,21.42500000,71.91250000,,10-01-2021 00:00,3.4
5231,5231,Sajnasar,CGWB,24,Gujarat,443,Bhavnagar,PALITANA,PALITANA,Sajnasar,-,-,-,-,-,-,21.42500000,71.91250000,,31-08-2021 06:00,1.88
5232,5232,Sajnasar,CGWB,24,Gujarat,443,Bhavnagar,PALITANA,PALITANA,Sajnasar,-,-,-,-,-,-,21.42500000,71.91250000,,30-11-2021 06:00,1.55
5233,5233,Sajnasar,CGWB,24,Gujarat,443,Bhavnagar,PALITANA,PALITANA,Sajnasar,-,-,-,-,-,-,21.42500000,71.91250000,,30-01-2022 07:00,2.4
5234,5234,Sajnasar,CGWB,24,Gujarat,443,Bhavnagar,PALITANA,PALITANA,Sajnasar,-,-,-,-,-,-,21.42500000,71.91250000,,30-05-2022 06:00,8.8
5235,5235,Sajnasar,CGWB,24,Gujarat,443,Bhavnagar,PALITANA,PALITANA,Sajnasar,-,-,-,-,-,-,21.42500000,71.91250000,,30-08-2022 06:00,3.6
5236,5236,Sajnasar,CGWB,24,Gujarat,443,Bhavnagar,PALITANA,PALITANA,Sajnasar,-,-,-,-,-,-,21.42500000,71.91250000,,30-05-2023 10:00,7.8999996
5237,5237,Sajod,CGWB,24,Gujarat,442,Bharuch,ANKLESVAR,ANKLESVAR,Sajod,-,-,-,-,-,-,21.61666667,72.92361111,,10-01-2021 00:00,3.8
5238,5238,Sajod,CGWB,24,Gujarat,442,Bharuch,ANKLESVAR,ANKLESVAR,Sajod,-,-,-,-,-,-,21.61666667,72.92361111,,31-08-2021 06:00,3.9
5239,5239,Sajod,CGWB,24,Gujarat,442,Bharuch,ANKLESVAR,ANKLESVAR,Sajod,-,-,-,-,-,-,21.61666667,72.92361111,,30-11-2021 06:00,-0.35
5240,5240,Sajod,CGWB,24,Gujarat,442,Bharuch,ANKLESVAR,ANKLESVAR,Sajod,-,-,-,-,-,-,21.61666667,72.92361111,,30-01-2022 07:00,2.94
5241,5241,Sajod,CGWB,24,Gujarat,442,Bharuch,ANKLESVAR,ANKLESVAR,Sajod,-,-,-,-,-,-,21.61666667,72.92361111,,30-05-2022 06:00,0.42
5242,5242,Sajod,CGWB,24,Gujarat,442,Bharuch,ANKLESVAR,ANKLESVAR,Sajod,-,-,-,-,-,-,21.61666667,72.92361111,,30-08-2022 06:00,1.93
5243,5243,Sajod,CGWB,24,Gujarat,442,Bharuch,ANKLESVAR,ANKLESVAR,Sajod,-,-,-,-,-,-,21.61666667,72.92361111,,10-11-2022 06:00,0.1
5244,5244,Sajod,CGWB,24,Gujarat,442,Bharuch,ANKLESVAR,ANKLESVAR,Sajod,-,-,-,-,-,-,21.61666667,72.92361111,,30-05-2023 10:00,3.8899999
5245,5245,Sakarpatal,CGWB,24,Gujarat,444,Dang,The dangs,The dangs,Sakarpatal,-,-,-,-,-,-,20.71944444,73.55694444,,10-01-2021 00:00,1.8
5246,5246,Sakarpatal,CGWB,24,Gujarat,444,Dang,The dangs,The dangs,Sakarpatal,-,-,-,-,-,-,20.71944444,73.55694444,,31-08-2021 06:00,3.9
5247,5247,Sakarpatal,CGWB,24,Gujarat,444,Dang,The dangs,The dangs,Sakarpatal,-,-,-,-,-,-,20.71944444,73.55694444,,30-11-2021 06:00,1.9
5248,5248,Sakarpatal,CGWB,24,Gujarat,444,Dang,The dangs,The dangs,Sakarpatal,-,-,-,-,-,-,20.71944444,73.55694444,,30-01-2022 07:00,2.8
5249,5249,Sakarpatal,CGWB,24,Gujarat,444,Dang,The dangs,The dangs,Sakarpatal,-,-,-,-,-,-,20.71944444,73.55694444,,30-05-2022 06:00,8.1
5250,5250,Sakarpatal,CGWB,24,Gujarat,444,Dang,The dangs,The dangs,Sakarpatal,-,-,-,-,-,-,20.71944444,73.55694444,,30-08-2022 06:00,2.25
5251,5251,Sakarpatal,CGWB,24,Gujarat,444,Dang,The dangs,The dangs,Sakarpatal,-,-,-,-,-,-,20.71944444,73.55694444,,10-11-2022 06:00,2.8
5252,5252,Sakarpatal,CGWB,24,Gujarat,444,Dang,The dangs,The dangs,Sakarpatal,-,-,-,-,-,-,20.71944444,73.55694444,,30-05-2023 10:00,5.4199996
5253,5253,Sakarpatal,CGWB,24,Gujarat,444,Dang,The dangs,The dangs,Sakarpatal,-,-,-,-,-,-,20.71944444,73.55694444,,30-08-2023 18:00,2.2
5254,5254,Sakrodiya,CGWB,24,Gujarat,458,Sabarkantha,HIMATNAGAR,HIMATNAGAR,Himmatnagar,-,-,-,-,-,-,23.54555556,73.04805556,,30-05-2023 10:00,9.78
5255,5255,Salangpor,CGWB,24,Gujarat,438,Ahmedabad,BARWALA,BARWALA,Salangpor,-,-,-,-,-,-,22.15833333,71.77083333,,10-01-2021 00:00,7.5
5256,5256,Salangpor,CGWB,24,Gujarat,438,Ahmedabad,BARWALA,BARWALA,Salangpor,-,-,-,-,-,-,22.15833333,71.77083333,,31-08-2021 06:00,5.65
5257,5257,Salangpor,CGWB,24,Gujarat,438,Ahmedabad,BARWALA,BARWALA,Salangpor,-,-,-,-,-,-,22.15833333,71.77083333,,30-11-2021 06:00,5.23
5258,5258,Salangpor,CGWB,24,Gujarat,438,Ahmedabad,BARWALA,BARWALA,Salangpor,-,-,-,-,-,-,22.15833333,71.77083333,,30-01-2022 07:00,5.25
5259,5259,Salaya,CGWB,24,Gujarat,447,Jamnagar,KHAMBHALIA,KHAMBHALIA,Salaya,-,-,-,-,-,-,22.30555556,69.60416667,,31-08-2021 06:00,2.86
5260,5260,Salaya,CGWB,24,Gujarat,447,Jamnagar,KHAMBHALIA,KHAMBHALIA,Salaya,-,-,-,-,-,-,22.30555556,69.60416667,,30-11-2021 06:00,2.24
5261,5261,Salaya,CGWB,24,Gujarat,447,Jamnagar,KHAMBHALIA,KHAMBHALIA,Salaya,-,-,-,-,-,-,22.30555556,69.60416667,,30-01-2022 07:00,2
5262,5262,Salaya,CGWB,24,Gujarat,447,Jamnagar,KHAMBHALIA,KHAMBHALIA,Salaya,-,-,-,-,-,-,22.30555556,69.60416667,,30-05-2022 06:00,2.89
5263,5263,Salaya,CGWB,24,Gujarat,447,Jamnagar,KHAMBHALIA,KHAMBHALIA,Salaya,-,-,-,-,-,-,22.30555556,69.60416667,,10-11-2022 06:00,2.56
5264,5264,Salaya,CGWB,24,Gujarat,447,Jamnagar,KHAMBHALIA,KHAMBHALIA,Salaya,-,-,-,-,-,-,22.30555556,69.60416667,,30-05-2023 10:00,3.01
5265,5265,Salaya1,CGWB,24,Gujarat,445,Dohad,DEVGAD BARIA,DEVGAD BARIA,Salaya,-,-,-,-,-,-,22.80833333,73.89166667,,10-01-2021 00:00,9.72
5266,5266,Salaya1,CGWB,24,Gujarat,445,Dohad,DEVGAD BARIA,DEVGAD BARIA,Salaya,-,-,-,-,-,-,22.80833333,73.89166667,,31-08-2021 06:00,15.52
5267,5267,Salaya1,CGWB,24,Gujarat,445,Dohad,DEVGAD BARIA,DEVGAD BARIA,Salaya,-,-,-,-,-,-,22.80833333,73.89166667,,30-11-2021 06:00,6.37
5268,5268,Salaya1,CGWB,24,Gujarat,445,Dohad,DEVGAD BARIA,DEVGAD BARIA,Salaya,-,-,-,-,-,-,22.80833333,73.89166667,,30-01-2022 07:00,15.52
5269,5269,Salaya1,CGWB,24,Gujarat,445,Dohad,DEVGAD BARIA,DEVGAD BARIA,Salaya,-,-,-,-,-,-,22.80833333,73.89166667,,30-08-2022 06:00,2.95
5270,5270,Salaya1,CGWB,24,Gujarat,445,Dohad,DEVGAD BARIA,DEVGAD BARIA,Salaya,-,-,-,-,-,-,22.80833333,73.89166667,,10-11-2022 06:00,6
5271,5271,Salaya1,CGWB,24,Gujarat,445,Dohad,DEVGAD BARIA,DEVGAD BARIA,Salaya,-,-,-,-,-,-,22.80833333,73.89166667,,10-01-2023 18:00,6.55
5272,5272,Salaya1,CGWB,24,Gujarat,445,Dohad,DEVGAD BARIA,DEVGAD BARIA,Salaya,-,-,-,-,-,-,22.80833333,73.89166667,,30-05-2023 10:00,
5273,5273,Sametar,CGWB,24,Gujarat,448,Junagadh,UNA,UNA,Sametar,-,-,-,-,-,-,20.85416667,71.12083333,,10-01-2021 00:00,4.65
5274,5274,Sametar,CGWB,24,Gujarat,448,Junagadh,UNA,UNA,Sametar,-,-,-,-,-,-,20.85416667,71.12083333,,31-08-2021 06:00,6.7
5275,5275,Sametar,CGWB,24,Gujarat,448,Junagadh,UNA,UNA,Sametar,-,-,-,-,-,-,20.85416667,71.12083333,,30-11-2021 06:00,6.75
5276,5276,Sametar,CGWB,24,Gujarat,448,Junagadh,UNA,UNA,Sametar,-,-,-,-,-,-,20.85416667,71.12083333,,30-01-2022 07:00,9.3
5277,5277,Sametar,CGWB,24,Gujarat,448,Junagadh,UNA,UNA,Sametar,-,-,-,-,-,-,20.85416667,71.12083333,,30-05-2022 06:00,9.77
5278,5278,Sametar,CGWB,24,Gujarat,448,Junagadh,UNA,UNA,Sametar,-,-,-,-,-,-,20.85416667,71.12083333,,30-08-2022 06:00,4.92
5279,5279,Sametar,CGWB,24,Gujarat,448,Junagadh,UNA,UNA,Sametar,-,-,-,-,-,-,20.85416667,71.12083333,,10-11-2022 06:00,7.17
5280,5280,Sametar,CGWB,24,Gujarat,448,Junagadh,UNA,UNA,Sametar,-,-,-,-,-,-,20.85416667,71.12083333,,30-05-2023 10:00,11.34
5281,5281,Samkhiari,CGWB,24,Gujarat,449,Kachchh,BHACHAU,BHACHAU,Samkhiari,-,-,-,-,-,-,23.30000000,70.50833333,,10-01-2021 00:00,3.3
5282,5282,Samkhiari,CGWB,24,Gujarat,449,Kachchh,BHACHAU,BHACHAU,Samkhiari,-,-,-,-,-,-,23.30000000,70.50833333,,31-08-2021 06:00,3.8
5283,5283,Samkhiari,CGWB,24,Gujarat,449,Kachchh,BHACHAU,BHACHAU,Samkhiari,-,-,-,-,-,-,23.30000000,70.50833333,,30-11-2021 06:00,4.83
5284,5284,Samkhiari,CGWB,24,Gujarat,449,Kachchh,BHACHAU,BHACHAU,Samkhiari,-,-,-,-,-,-,23.30000000,70.50833333,,30-01-2022 07:00,4.65
5285,5285,Samkhiari,CGWB,24,Gujarat,449,Kachchh,BHACHAU,BHACHAU,Samkhiari,-,-,-,-,-,-,23.30000000,70.50833333,,30-05-2022 06:00,6.6
5286,5286,Samkhiari,CGWB,24,Gujarat,449,Kachchh,BHACHAU,BHACHAU,Samkhiari,-,-,-,-,-,-,23.30000000,70.50833333,,30-08-2022 06:00,4
5287,5287,Samkhiari,CGWB,24,Gujarat,449,Kachchh,BHACHAU,BHACHAU,Samkhiari,-,-,-,-,-,-,23.30000000,70.50833333,,10-11-2022 06:00,6.03
5288,5288,Samkhiari,CGWB,24,Gujarat,449,Kachchh,BHACHAU,BHACHAU,Samkhiari,-,-,-,-,-,-,23.30000000,70.50833333,,30-05-2023 10:00,4.57
5289,5289,Samrasar1,CGWB,24,Gujarat,447,Jamnagar,OKHAMANDAL,OKHAMANDAL,Samrasar,-,-,-,-,-,-,22.37500000,69.10416667,,10-01-2021 00:00,3.15
5290,5290,Samrasar1,CGWB,24,Gujarat,447,Jamnagar,OKHAMANDAL,OKHAMANDAL,Samrasar,-,-,-,-,-,-,22.37500000,69.10416667,,31-08-2021 06:00,0.6
5291,5291,Samrasar1,CGWB,24,Gujarat,447,Jamnagar,OKHAMANDAL,OKHAMANDAL,Samrasar,-,-,-,-,-,-,22.37500000,69.10416667,,30-11-2021 06:00,1.78
5292,5292,Samrasar1,CGWB,24,Gujarat,447,Jamnagar,OKHAMANDAL,OKHAMANDAL,Samrasar,-,-,-,-,-,-,22.37500000,69.10416667,,30-01-2022 07:00,1.3
5293,5293,Samrasar1,CGWB,24,Gujarat,447,Jamnagar,OKHAMANDAL,OKHAMANDAL,Samrasar,-,-,-,-,-,-,22.37500000,69.10416667,,30-05-2022 06:00,3.42
5294,5294,Samrasar1,CGWB,24,Gujarat,447,Jamnagar,OKHAMANDAL,OKHAMANDAL,Samrasar,-,-,-,-,-,-,22.37500000,69.10416667,,30-08-2022 06:00,1.3
5295,5295,Samrasar1,CGWB,24,Gujarat,447,Jamnagar,OKHAMANDAL,OKHAMANDAL,Samrasar,-,-,-,-,-,-,22.37500000,69.10416667,,10-11-2022 06:00,2.98
5296,5296,Sanand II,CGWB,24,Gujarat,438,Ahmedabad,SANAND,SANAND,Sanand ii,-,-,-,-,-,-,23.00333333,72.37361111,,10-01-2021 00:00,16.13
5297,5297,Sanand II,CGWB,24,Gujarat,438,Ahmedabad,SANAND,SANAND,Sanand ii,-,-,-,-,-,-,23.00333333,72.37361111,,31-08-2021 06:00,16.13
5298,5298,Sanand II,CGWB,24,Gujarat,438,Ahmedabad,SANAND,SANAND,Sanand ii,-,-,-,-,-,-,23.00333333,72.37361111,,30-11-2021 06:00,15.34
5299,5299,Sanand II,CGWB,24,Gujarat,438,Ahmedabad,SANAND,SANAND,Sanand ii,-,-,-,-,-,-,23.00333333,72.37361111,,30-01-2022 07:00,15.38
5300,5300,Sanand II,CGWB,24,Gujarat,438,Ahmedabad,SANAND,SANAND,Sanand ii,-,-,-,-,-,-,23.00333333,72.37361111,,30-08-2022 06:00,15.43
5301,5301,Sanand II,CGWB,24,Gujarat,438,Ahmedabad,SANAND,SANAND,Sanand ii,-,-,-,-,-,-,23.00333333,72.37361111,,10-11-2022 06:00,16.07
5302,5302,Sanand II,CGWB,24,Gujarat,438,Ahmedabad,SANAND,SANAND,Sanand ii,-,-,-,-,-,-,23.00333333,72.37361111,,01-01-2023 00:00,16.51
5303,5303,Sanand II,CGWB,24,Gujarat,438,Ahmedabad,SANAND,SANAND,Sanand ii,-,-,-,-,-,-,23.00333333,72.37361111,,10-01-2023 18:00,15.91
5304,5304,Sanand II,CGWB,24,Gujarat,438,Ahmedabad,SANAND,SANAND,Sanand ii,-,-,-,-,-,-,23.00333333,72.37361111,,30-05-2023 10:00,25.05
5305,5305,Sanaria,CGWB,24,Gujarat,439,Amreli,LILIA,LILIA,Sanaria,-,-,-,-,-,-,21.55777778,71.46805556,,10-01-2021 00:00,2.99
5306,5306,Sanaria,CGWB,24,Gujarat,439,Amreli,LILIA,LILIA,Sanaria,-,-,-,-,-,-,21.55777778,71.46805556,,31-08-2021 06:00,0.46
5307,5307,Sanaria,CGWB,24,Gujarat,439,Amreli,LILIA,LILIA,Sanaria,-,-,-,-,-,-,21.55777778,71.46805556,,30-11-2021 06:00,1.55
5308,5308,Sanaria,CGWB,24,Gujarat,439,Amreli,LILIA,LILIA,Sanaria,-,-,-,-,-,-,21.55777778,71.46805556,,30-01-2022 07:00,2.6
5309,5309,Sanaria,CGWB,24,Gujarat,439,Amreli,LILIA,LILIA,Sanaria,-,-,-,-,-,-,21.55777778,71.46805556,,30-05-2022 06:00,4.05
5310,5310,Sanaria,CGWB,24,Gujarat,439,Amreli,LILIA,LILIA,Sanaria,-,-,-,-,-,-,21.55777778,71.46805556,,10-11-2022 06:00,4
5311,5311,Sanaria,CGWB,24,Gujarat,439,Amreli,LILIA,LILIA,Sanaria,-,-,-,-,-,-,21.55777778,71.46805556,,30-05-2023 10:00,5.5899997
5312,5312,Sander,CGWB,24,Gujarat,455,Patan,PATAN,PATAN,Sander,-,-,-,-,-,-,23.76666667,72.25416667,,31-08-2021 06:00,10.75
5313,5313,Sander,CGWB,24,Gujarat,455,Patan,PATAN,PATAN,Sander,-,-,-,-,-,-,23.76666667,72.25416667,,30-01-2022 07:00,8.5
5314,5314,Sander,CGWB,24,Gujarat,455,Patan,PATAN,PATAN,Sander,-,-,-,-,-,-,23.76666667,72.25416667,,30-05-2022 06:00,12.83
5315,5315,Sander,CGWB,24,Gujarat,455,Patan,PATAN,PATAN,Sander,-,-,-,-,-,-,23.76666667,72.25416667,,30-08-2022 06:00,8.69
5316,5316,Sander,CGWB,24,Gujarat,455,Patan,PATAN,PATAN,Sander,-,-,-,-,-,-,23.76666667,72.25416667,,10-11-2022 06:00,8.85
5317,5317,Sander,CGWB,24,Gujarat,455,Patan,PATAN,PATAN,Sander,-,-,-,-,-,-,23.76666667,72.25416667,,30-05-2023 10:00,9.5
5318,5318,Sandhida,CGWB,24,Gujarat,443,Bhavnagar,SIHOR,SIHOR,Sandhida,-,-,-,-,-,-,21.68750000,71.75833333,,10-01-2021 00:00,1.1
5319,5319,Sandhida,CGWB,24,Gujarat,443,Bhavnagar,SIHOR,SIHOR,Sandhida,-,-,-,-,-,-,21.68750000,71.75833333,,31-08-2021 06:00,0.48
5320,5320,Sandhida,CGWB,24,Gujarat,443,Bhavnagar,SIHOR,SIHOR,Sandhida,-,-,-,-,-,-,21.68750000,71.75833333,,30-11-2021 06:00,0.3
5321,5321,Sandhida,CGWB,24,Gujarat,443,Bhavnagar,SIHOR,SIHOR,Sandhida,-,-,-,-,-,-,21.68750000,71.75833333,,30-01-2022 07:00,0.56
5322,5322,Sandhida,CGWB,24,Gujarat,443,Bhavnagar,SIHOR,SIHOR,Sandhida,-,-,-,-,-,-,21.68750000,71.75833333,,30-05-2022 06:00,9.1
5323,5323,Sandhida,CGWB,24,Gujarat,443,Bhavnagar,SIHOR,SIHOR,Sandhida,-,-,-,-,-,-,21.68750000,71.75833333,,30-08-2022 06:00,0.82
5324,5324,Sandhida,CGWB,24,Gujarat,443,Bhavnagar,SIHOR,SIHOR,Sandhida,-,-,-,-,-,-,21.68750000,71.75833333,,10-11-2022 06:00,2.17
5325,5325,Sankarda,CGWB,24,Gujarat,461,Vadodara,VADODARA,VADODARA,Sankarda,-,-,-,-,-,-,22.43888889,73.12222222,,10-01-2021 00:00,26.1
5326,5326,Sankarda,CGWB,24,Gujarat,461,Vadodara,VADODARA,VADODARA,Sankarda,-,-,-,-,-,-,22.43888889,73.12222222,,31-08-2021 06:00,26.15
5327,5327,Sankarda,CGWB,24,Gujarat,461,Vadodara,VADODARA,VADODARA,Sankarda,-,-,-,-,-,-,22.43888889,73.12222222,,30-08-2022 06:00,24.93
5328,5328,Sankarda1,CGWB,24,Gujarat,461,Vadodara,VADODARA,VADODARA,Sankarda,-,-,-,-,-,-,22.43888889,73.12222222,,30-11-2021 06:00,20.39
5329,5329,Sankheda,CGWB,24,Gujarat,461,Vadodara,SAVLI,SAVLI,Sankheda,-,-,-,-,-,-,22.53888889,73.17500000,,10-01-2021 00:00,26.4
5330,5330,Sankheda,CGWB,24,Gujarat,461,Vadodara,SAVLI,SAVLI,Sankheda,-,-,-,-,-,-,22.53888889,73.17500000,,31-08-2021 06:00,22.05
5331,5331,Sankheda,CGWB,24,Gujarat,461,Vadodara,SAVLI,SAVLI,Sankheda,-,-,-,-,-,-,22.53888889,73.17500000,,30-11-2021 06:00,25.9
5332,5332,Sankheda,CGWB,24,Gujarat,461,Vadodara,SAVLI,SAVLI,Sankheda,-,-,-,-,-,-,22.53888889,73.17500000,,30-05-2022 06:00,21.87
5333,5333,Sankheda,CGWB,24,Gujarat,461,Vadodara,SAVLI,SAVLI,Sankheda,-,-,-,-,-,-,22.53888889,73.17500000,,30-08-2022 06:00,20.02
5334,5334,Sankheda,CGWB,24,Gujarat,461,Vadodara,SAVLI,SAVLI,Sankheda,-,-,-,-,-,-,22.53888889,73.17500000,,10-11-2022 06:00,20.48
5335,5335,Sankheshwar,CGWB,24,Gujarat,455,Patan,SAMI,SAMI,Sankheshwar,-,-,-,-,-,-,23.52194444,71.79083333,,10-01-2021 00:00,0.38
5336,5336,Sankheshwar,CGWB,24,Gujarat,455,Patan,SAMI,SAMI,Sankheshwar,-,-,-,-,-,-,23.52194444,71.79083333,,31-08-2021 06:00,1.23
5337,5337,Sankheshwar,CGWB,24,Gujarat,455,Patan,SAMI,SAMI,Sankheshwar,-,-,-,-,-,-,23.52194444,71.79083333,,30-11-2021 06:00,0.11
5338,5338,Sankheshwar,CGWB,24,Gujarat,455,Patan,SAMI,SAMI,Sankheshwar,-,-,-,-,-,-,23.52194444,71.79083333,,30-01-2022 07:00,0.59
5339,5339,Sankheshwar,CGWB,24,Gujarat,455,Patan,SAMI,SAMI,Sankheshwar,-,-,-,-,-,-,23.52194444,71.79083333,,30-05-2022 06:00,0.86
5340,5340,Sankheshwar,CGWB,24,Gujarat,455,Patan,SAMI,SAMI,Sankheshwar,-,-,-,-,-,-,23.52194444,71.79083333,,10-11-2022 06:00,0.12
5341,5341,Sankheshwar,CGWB,24,Gujarat,455,Patan,SAMI,SAMI,Sankheshwar,-,-,-,-,-,-,23.52194444,71.79083333,,30-05-2023 10:00,2.0900002
5342,5342,Santrampur,CGWB,24,Gujarat,454,Panchmahals,SANTRAMPUR,SANTRAMPUR,Santrampur,-,-,-,-,-,-,23.17083333,73.90833333,,10-01-2021 00:00,6.4
5343,5343,Santrampur,CGWB,24,Gujarat,454,Panchmahals,SANTRAMPUR,SANTRAMPUR,Santrampur,-,-,-,-,-,-,23.17083333,73.90833333,,31-08-2021 06:00,8.77
5344,5344,Santrampur,CGWB,24,Gujarat,454,Panchmahals,SANTRAMPUR,SANTRAMPUR,Santrampur,-,-,-,-,-,-,23.17083333,73.90833333,,30-11-2021 06:00,5.82
5345,5345,Santrampur,CGWB,24,Gujarat,454,Panchmahals,SANTRAMPUR,SANTRAMPUR,Santrampur,-,-,-,-,-,-,23.17083333,73.90833333,,30-01-2022 07:00,6.55
5346,5346,Santrampur,CGWB,24,Gujarat,454,Panchmahals,SANTRAMPUR,SANTRAMPUR,Santrampur,-,-,-,-,-,-,23.17083333,73.90833333,,30-05-2022 06:00,9.97
5347,5347,Santrampur,CGWB,24,Gujarat,454,Panchmahals,SANTRAMPUR,SANTRAMPUR,Santrampur,-,-,-,-,-,-,23.17083333,73.90833333,,30-08-2022 06:00,3.6
5348,5348,Santrampur,CGWB,24,Gujarat,454,Panchmahals,SANTRAMPUR,SANTRAMPUR,Santrampur,-,-,-,-,-,-,23.17083333,73.90833333,,10-11-2022 06:00,4.74
5349,5349,Santrampur,CGWB,24,Gujarat,454,Panchmahals,SANTRAMPUR,SANTRAMPUR,Santrampur,-,-,-,-,-,-,23.17083333,73.90833333,,10-01-2023 18:00,5.21
5350,5350,Santrampur1,CGWB,24,Gujarat,454,Panchmahals,SANTRAMPUR,SANTRAMPUR,Santrampur,-,-,-,-,-,-,23.19166667,73.90833333,,10-01-2021 00:00,8.89
5351,5351,Santrampur1,CGWB,24,Gujarat,454,Panchmahals,SANTRAMPUR,SANTRAMPUR,Santrampur,-,-,-,-,-,-,23.19166667,73.90833333,,31-08-2021 06:00,9.77
5352,5352,Santrampur1,CGWB,24,Gujarat,454,Panchmahals,SANTRAMPUR,SANTRAMPUR,Santrampur,-,-,-,-,-,-,23.19166667,73.90833333,,30-11-2021 06:00,9.2
5353,5353,Santrampur1,CGWB,24,Gujarat,454,Panchmahals,SANTRAMPUR,SANTRAMPUR,Santrampur,-,-,-,-,-,-,23.19166667,73.90833333,,30-01-2022 07:00,12
5354,5354,Santrampur1,CGWB,24,Gujarat,454,Panchmahals,SANTRAMPUR,SANTRAMPUR,Santrampur,-,-,-,-,-,-,23.19166667,73.90833333,,30-05-2022 06:00,10.25
5355,5355,Santrampur1,CGWB,24,Gujarat,454,Panchmahals,SANTRAMPUR,SANTRAMPUR,Santrampur,-,-,-,-,-,-,23.19166667,73.90833333,,30-08-2022 06:00,1.52
5356,5356,Santrampur1,CGWB,24,Gujarat,454,Panchmahals,SANTRAMPUR,SANTRAMPUR,Santrampur,-,-,-,-,-,-,23.19166667,73.90833333,,10-11-2022 06:00,5.5
5357,5357,Santrampur1,CGWB,24,Gujarat,454,Panchmahals,SANTRAMPUR,SANTRAMPUR,Santrampur,-,-,-,-,-,-,23.19166667,73.90833333,,10-01-2023 18:00,5.92
5358,5358,Santrampur1,CGWB,24,Gujarat,454,Panchmahals,SANTRAMPUR,SANTRAMPUR,Santrampur,-,-,-,-,-,-,23.19166667,73.90833333,,30-05-2023 10:00,11.320001
5359,5359,Santroad,CGWB,24,Gujarat,454,Panchmahals,MORWA (HADAF),MORWA (HADAF),Santroad,-,-,-,-,-,-,22.80000000,73.81250000,,10-01-2021 00:00,10.72
5360,5360,Santroad1,CGWB,24,Gujarat,454,Panchmahals,MORWA (HADAF),MORWA (HADAF),Santroad,-,-,-,-,-,-,22.80333333,73.79305556,,31-08-2021 06:00,15.78
5361,5361,Santroad1,CGWB,24,Gujarat,454,Panchmahals,MORWA (HADAF),MORWA (HADAF),Santroad,-,-,-,-,-,-,22.80333333,73.79305556,,30-11-2021 06:00,10.4
5362,5362,Santroad1,CGWB,24,Gujarat,454,Panchmahals,MORWA (HADAF),MORWA (HADAF),Santroad,-,-,-,-,-,-,22.80333333,73.79305556,,30-01-2022 07:00,11.2
5363,5363,Santroad1,CGWB,24,Gujarat,454,Panchmahals,MORWA (HADAF),MORWA (HADAF),Santroad,-,-,-,-,-,-,22.80333333,73.79305556,,30-05-2022 06:00,15.6
5364,5364,Santroad1,CGWB,24,Gujarat,454,Panchmahals,MORWA (HADAF),MORWA (HADAF),Santroad,-,-,-,-,-,-,22.80333333,73.79305556,,30-08-2022 06:00,9.01
5365,5365,Santroad1,CGWB,24,Gujarat,454,Panchmahals,MORWA (HADAF),MORWA (HADAF),Santroad,-,-,-,-,-,-,22.80333333,73.79305556,,10-11-2022 06:00,9.91
5366,5366,Santroad1,CGWB,24,Gujarat,454,Panchmahals,MORWA (HADAF),MORWA (HADAF),Santroad,-,-,-,-,-,-,22.80333333,73.79305556,,30-05-2023 10:00,16.75
5367,5367,Sara,CGWB,24,Gujarat,460,Surendranagar,MULI,MULI,Sara,-,-,-,-,-,-,22.80000000,71.19722222,,30-08-2022 06:00,4.65
5368,5368,Saradiya,CGWB,24,Gujarat,448,Junagadh,VANTHALI,VANTHALI,Saradiya,-,-,-,-,-,-,21.58861111,70.03750000,,10-01-2021 00:00,10.35
5369,5369,Saradiya,CGWB,24,Gujarat,448,Junagadh,VANTHALI,VANTHALI,Saradiya,-,-,-,-,-,-,21.58861111,70.03750000,,31-08-2021 06:00,1.9
5370,5370,Saradiya,CGWB,24,Gujarat,448,Junagadh,VANTHALI,VANTHALI,Saradiya,-,-,-,-,-,-,21.58861111,70.03750000,,30-11-2021 06:00,1.2
5371,5371,Saradiya,CGWB,24,Gujarat,448,Junagadh,VANTHALI,VANTHALI,Saradiya,-,-,-,-,-,-,21.58861111,70.03750000,,30-05-2022 06:00,12.45
5372,5372,Saradiya,CGWB,24,Gujarat,448,Junagadh,VANTHALI,VANTHALI,Saradiya,-,-,-,-,-,-,21.58861111,70.03750000,,30-08-2022 06:00,1.15
5373,5373,Saradiya,CGWB,24,Gujarat,448,Junagadh,VANTHALI,VANTHALI,Saradiya,-,-,-,-,-,-,21.58861111,70.03750000,,10-11-2022 06:00,6.22
5374,5374,Saradiya,CGWB,24,Gujarat,448,Junagadh,VANTHALI,VANTHALI,Saradiya,-,-,-,-,-,-,21.58861111,70.03750000,,30-05-2023 10:00,15.3
5375,5375,Sarbhon,CGWB,24,Gujarat,459,Surat,BARDOLI,BARDOLI,Sarbhon,-,-,-,-,-,-,21.05833333,73.09166667,,10-01-2021 00:00,2.38
5376,5376,Sarbhon,CGWB,24,Gujarat,459,Surat,BARDOLI,BARDOLI,Sarbhon,-,-,-,-,-,-,21.05833333,73.09166667,,31-08-2021 06:00,2.66
5377,5377,Sarbhon,CGWB,24,Gujarat,459,Surat,BARDOLI,BARDOLI,Sarbhon,-,-,-,-,-,-,21.05833333,73.09166667,,30-11-2021 06:00,2.2
5378,5378,Sarbhon,CGWB,24,Gujarat,459,Surat,BARDOLI,BARDOLI,Sarbhon,-,-,-,-,-,-,21.05833333,73.09166667,,30-05-2022 06:00,6.47
5379,5379,Sarbhon,CGWB,24,Gujarat,459,Surat,BARDOLI,BARDOLI,Sarbhon,-,-,-,-,-,-,21.05833333,73.09166667,,30-08-2022 06:00,0.7
5380,5380,Sarbhon,CGWB,24,Gujarat,459,Surat,BARDOLI,BARDOLI,Sarbhon,-,-,-,-,-,-,21.05833333,73.09166667,,10-11-2022 06:00,3.3
5381,5381,Sarbhon,CGWB,24,Gujarat,459,Surat,BARDOLI,BARDOLI,Sarbhon,-,-,-,-,-,-,21.05833333,73.09166667,,30-05-2023 10:00,3.7
5382,5382,Sarbhon,CGWB,24,Gujarat,459,Surat,BARDOLI,BARDOLI,Sarbhon,-,-,-,-,-,-,21.05833333,73.09166667,,30-08-2023 18:00,2.6000001
5383,5383,Sardhar1,CGWB,24,Gujarat,457,Rajkot,RAJKOT,RAJKOT,Sardhar,-,-,-,-,-,-,22.14583333,70.98888889,,10-01-2021 00:00,1.9
5384,5384,Sardhar1,CGWB,24,Gujarat,457,Rajkot,RAJKOT,RAJKOT,Sardhar,-,-,-,-,-,-,22.14583333,70.98888889,,31-08-2021 06:00,0.17
5385,5385,Sardhar1,CGWB,24,Gujarat,457,Rajkot,RAJKOT,RAJKOT,Sardhar,-,-,-,-,-,-,22.14583333,70.98888889,,30-11-2021 06:00,1.02
5386,5386,Sardhar1,CGWB,24,Gujarat,457,Rajkot,RAJKOT,RAJKOT,Sardhar,-,-,-,-,-,-,22.14583333,70.98888889,,30-01-2022 07:00,1.46
5387,5387,Sardhar1,CGWB,24,Gujarat,457,Rajkot,RAJKOT,RAJKOT,Sardhar,-,-,-,-,-,-,22.14583333,70.98888889,,30-05-2022 06:00,3.8
5388,5388,Sardhar1,CGWB,24,Gujarat,457,Rajkot,RAJKOT,RAJKOT,Sardhar,-,-,-,-,-,-,22.14583333,70.98888889,,10-11-2022 06:00,2.28
5389,5389,Sardhav Pz -I,CGWB,24,Gujarat,446,Gandhinagar,GANDHINAGAR,GANDHINAGAR,Sardhav,-,-,-,-,-,-,23.29722222,72.57388889,,10-01-2021 00:00,121
5390,5390,Sardhav Pz -I,CGWB,24,Gujarat,446,Gandhinagar,GANDHINAGAR,GANDHINAGAR,Sardhav,-,-,-,-,-,-,23.29722222,72.57388889,,31-08-2021 06:00,121.22
5391,5391,Sardhav Pz -I,CGWB,24,Gujarat,446,Gandhinagar,GANDHINAGAR,GANDHINAGAR,Sardhav,-,-,-,-,-,-,23.29722222,72.57388889,,30-11-2021 06:00,120.16
5392,5392,Sardhav Pz -I,CGWB,24,Gujarat,446,Gandhinagar,GANDHINAGAR,GANDHINAGAR,Sardhav,-,-,-,-,-,-,23.29722222,72.57388889,,30-01-2022 07:00,120.55
5393,5393,Sardhav Pz -I,CGWB,24,Gujarat,446,Gandhinagar,GANDHINAGAR,GANDHINAGAR,Sardhav,-,-,-,-,-,-,23.29722222,72.57388889,,30-05-2022 06:00,123.27
5394,5394,Sardhav Pz -I,CGWB,24,Gujarat,446,Gandhinagar,GANDHINAGAR,GANDHINAGAR,Sardhav,-,-,-,-,-,-,23.29722222,72.57388889,,30-08-2022 06:00,117.61
5395,5395,Sardhav Pz -I,CGWB,24,Gujarat,446,Gandhinagar,GANDHINAGAR,GANDHINAGAR,Sardhav,-,-,-,-,-,-,23.29722222,72.57388889,,10-11-2022 06:00,118.08
5396,5396,Sardhav Pz -I,CGWB,24,Gujarat,446,Gandhinagar,GANDHINAGAR,GANDHINAGAR,Sardhav,-,-,-,-,-,-,23.29722222,72.57388889,,10-01-2023 18:00,122.54
5397,5397,Sardhav Pz -I,CGWB,24,Gujarat,446,Gandhinagar,GANDHINAGAR,GANDHINAGAR,Sardhav,-,-,-,-,-,-,23.29722222,72.57388889,,30-05-2023 10:00,126.16
5398,5398,Sardhav Pz-II,CGWB,24,Gujarat,446,Gandhinagar,GANDHINAGAR,GANDHINAGAR,Sardhav,-,-,-,-,-,-,23.29722222,72.57388889,,31-08-2021 06:00,134.66
5399,5399,Sardhav Pz-II,CGWB,24,Gujarat,446,Gandhinagar,GANDHINAGAR,GANDHINAGAR,Sardhav,-,-,-,-,-,-,23.29722222,72.57388889,,30-11-2021 06:00,142.42
5400,5400,Sardhav Pz-II,CGWB,24,Gujarat,446,Gandhinagar,GANDHINAGAR,GANDHINAGAR,Sardhav,-,-,-,-,-,-,23.29722222,72.57388889,,30-01-2022 07:00,149.06
5401,5401,Sardhav Pz-II,CGWB,24,Gujarat,446,Gandhinagar,GANDHINAGAR,GANDHINAGAR,Sardhav,-,-,-,-,-,-,23.29722222,72.57388889,,30-05-2022 06:00,152.41
5402,5402,Sardhav Pz-II,CGWB,24,Gujarat,446,Gandhinagar,GANDHINAGAR,GANDHINAGAR,Sardhav,-,-,-,-,-,-,23.29722222,72.57388889,,30-05-2023 10:00,155.65001
5403,5403,Sari_khurd,CGWB,24,Gujarat,453,Navsari,GANDEVI,GANDEVI,Sari_khurd,-,-,-,-,-,-,20.78750000,72.95416667,,10-01-2021 00:00,2.36
5404,5404,Sari_khurd,CGWB,24,Gujarat,453,Navsari,GANDEVI,GANDEVI,Sari_khurd,-,-,-,-,-,-,20.78750000,72.95416667,,31-08-2021 06:00,2.65
5405,5405,Sari_khurd,CGWB,24,Gujarat,453,Navsari,GANDEVI,GANDEVI,Sari_khurd,-,-,-,-,-,-,20.78750000,72.95416667,,30-11-2021 06:00,2.2
5406,5406,Sari_khurd,CGWB,24,Gujarat,453,Navsari,GANDEVI,GANDEVI,Sari_khurd,-,-,-,-,-,-,20.78750000,72.95416667,,30-01-2022 07:00,2.4
5407,5407,Sari_khurd,CGWB,24,Gujarat,453,Navsari,GANDEVI,GANDEVI,Sari_khurd,-,-,-,-,-,-,20.78750000,72.95416667,,30-05-2022 06:00,2.9
5408,5408,Sari_khurd,CGWB,24,Gujarat,453,Navsari,GANDEVI,GANDEVI,Sari_khurd,-,-,-,-,-,-,20.78750000,72.95416667,,30-08-2022 06:00,1.5
5409,5409,Sari_khurd,CGWB,24,Gujarat,453,Navsari,GANDEVI,GANDEVI,Sari_khurd,-,-,-,-,-,-,20.78750000,72.95416667,,10-11-2022 06:00,2.97
5410,5410,Sari_khurd,CGWB,24,Gujarat,453,Navsari,GANDEVI,GANDEVI,Sari_khurd,-,-,-,-,-,-,20.78750000,72.95416667,,30-05-2023 10:00,3
5411,5411,Sari_khurd,CGWB,24,Gujarat,453,Navsari,GANDEVI,GANDEVI,Sari_khurd,-,-,-,-,-,-,20.78750000,72.95416667,,30-08-2023 18:00,1.9999999
5412,5412,Sarkhej _ I,CGWB,24,Gujarat,450,Kheda,KATHLAL,KATHLAL,Sarkhej _ I,-,-,-,-,-,-,22.98611111,72.88055556,,10-01-2021 00:00,23.95
5413,5413,Sarkhej _ I,CGWB,24,Gujarat,450,Kheda,KATHLAL,KATHLAL,Sarkhej _ I,-,-,-,-,-,-,22.98611111,72.88055556,,31-08-2021 06:00,24.04
5414,5414,Sarkhej _ I,CGWB,24,Gujarat,450,Kheda,KATHLAL,KATHLAL,Sarkhej _ I,-,-,-,-,-,-,22.98611111,72.88055556,,30-11-2021 06:00,23.67
5415,5415,Sarkhej _ I,CGWB,24,Gujarat,450,Kheda,KATHLAL,KATHLAL,Sarkhej _ I,-,-,-,-,-,-,22.98611111,72.88055556,,30-01-2022 07:00,23.07
5416,5416,Sarkhej _ I,CGWB,24,Gujarat,450,Kheda,KATHLAL,KATHLAL,Sarkhej _ I,-,-,-,-,-,-,22.98611111,72.88055556,,10-11-2022 06:00,21.63
5417,5417,Sarkhej _ I,CGWB,24,Gujarat,450,Kheda,KATHLAL,KATHLAL,Sarkhej _ I,-,-,-,-,-,-,22.98611111,72.88055556,,10-01-2023 18:00,23.68
5418,5418,Sarkhej _ I,CGWB,24,Gujarat,450,Kheda,KATHLAL,KATHLAL,Sarkhej _ I,-,-,-,-,-,-,22.98611111,72.88055556,,30-05-2023 10:00,33.879997
5419,5419,Sarkhej _ II,CGWB,24,Gujarat,450,Kheda,KATHLAL,KATHLAL,Sarkhej _ II,-,-,-,-,-,-,22.98611111,72.88055556,,10-01-2021 00:00,25.45
5420,5420,Sarkhej _ II,CGWB,24,Gujarat,450,Kheda,KATHLAL,KATHLAL,Sarkhej _ II,-,-,-,-,-,-,22.98611111,72.88055556,,31-08-2021 06:00,31.72
5421,5421,Sarkhej _ II,CGWB,24,Gujarat,450,Kheda,KATHLAL,KATHLAL,Sarkhej _ II,-,-,-,-,-,-,22.98611111,72.88055556,,30-11-2021 06:00,29.48
5422,5422,Sarkhej _ II,CGWB,24,Gujarat,450,Kheda,KATHLAL,KATHLAL,Sarkhej _ II,-,-,-,-,-,-,22.98611111,72.88055556,,30-01-2022 07:00,28.33
5423,5423,Sarkhej _ II,CGWB,24,Gujarat,450,Kheda,KATHLAL,KATHLAL,Sarkhej _ II,-,-,-,-,-,-,22.98611111,72.88055556,,10-11-2022 06:00,26.77
5424,5424,Sarkhej _ II,CGWB,24,Gujarat,450,Kheda,KATHLAL,KATHLAL,Sarkhej _ II,-,-,-,-,-,-,22.98611111,72.88055556,,10-01-2023 18:00,28.14
5425,5425,Sarkhej _ II,CGWB,24,Gujarat,450,Kheda,KATHLAL,KATHLAL,Sarkhej _ II,-,-,-,-,-,-,22.98611111,72.88055556,,30-05-2023 10:00,35.21
5426,5426,Sarkhej _ Pz-III,CGWB,24,Gujarat,450,Kheda,KATHLAL,KATHLAL,Sarkhej _ Iii,-,-,-,-,-,-,22.98611111,72.88055556,,10-01-2021 00:00,34
5427,5427,Sarkhej _ Pz-III,CGWB,24,Gujarat,450,Kheda,KATHLAL,KATHLAL,Sarkhej _ Iii,-,-,-,-,-,-,22.98611111,72.88055556,,31-08-2021 06:00,37.8
5428,5428,Sarkhej _ Pz-III,CGWB,24,Gujarat,450,Kheda,KATHLAL,KATHLAL,Sarkhej _ Iii,-,-,-,-,-,-,22.98611111,72.88055556,,30-11-2021 06:00,35.24
5429,5429,Sarkhej _ Pz-III,CGWB,24,Gujarat,450,Kheda,KATHLAL,KATHLAL,Sarkhej _ Iii,-,-,-,-,-,-,22.98611111,72.88055556,,30-01-2022 07:00,33.58
5430,5430,Sarkhej _ Pz-III,CGWB,24,Gujarat,450,Kheda,KATHLAL,KATHLAL,Sarkhej _ Iii,-,-,-,-,-,-,22.98611111,72.88055556,,10-11-2022 06:00,31.99
5431,5431,Sarkhej _ Pz-III,CGWB,24,Gujarat,450,Kheda,KATHLAL,KATHLAL,Sarkhej _ Iii,-,-,-,-,-,-,22.98611111,72.88055556,,10-01-2023 18:00,35.38
5432,5432,Sarkhej _ Pz-III,CGWB,24,Gujarat,450,Kheda,KATHLAL,KATHLAL,Sarkhej _ Iii,-,-,-,-,-,-,22.98611111,72.88055556,,30-05-2023 10:00,37.1
5433,5433,Sarla,CGWB,24,Gujarat,460,Surendranagar,MULI,MULI,Sarla,-,-,-,-,-,-,22.73333333,71.36666667,,10-01-2021 00:00,4.68
5434,5434,Sarla,CGWB,24,Gujarat,460,Surendranagar,MULI,MULI,Sarla,-,-,-,-,-,-,22.73333333,71.36666667,,31-08-2021 06:00,7.75
5435,5435,Sarla,CGWB,24,Gujarat,460,Surendranagar,MULI,MULI,Sarla,-,-,-,-,-,-,22.73333333,71.36666667,,30-11-2021 06:00,6.76
5436,5436,Sarla,CGWB,24,Gujarat,460,Surendranagar,MULI,MULI,Sarla,-,-,-,-,-,-,22.73333333,71.36666667,,30-01-2022 07:00,7.95
5437,5437,Sarla,CGWB,24,Gujarat,460,Surendranagar,MULI,MULI,Sarla,-,-,-,-,-,-,22.73333333,71.36666667,,30-05-2022 06:00,10.43
5438,5438,Sarla,CGWB,24,Gujarat,460,Surendranagar,MULI,MULI,Sarla,-,-,-,-,-,-,22.73333333,71.36666667,,30-08-2022 06:00,7.9
5439,5439,Sarla,CGWB,24,Gujarat,460,Surendranagar,MULI,MULI,Sarla,-,-,-,-,-,-,22.73333333,71.36666667,,10-11-2022 06:00,8.5
5440,5440,Sarla,CGWB,24,Gujarat,460,Surendranagar,MULI,MULI,Sarla,-,-,-,-,-,-,22.73333333,71.36666667,,30-05-2023 10:00,10.02
5441,5441,Sarod,CGWB,24,Gujarat,442,Bharuch,JAMBUSAR,JAMBUSAR,Sarod,-,-,-,-,-,-,22.15833333,72.75833333,,10-01-2021 00:00,7.7
5442,5442,Sarod,CGWB,24,Gujarat,442,Bharuch,JAMBUSAR,JAMBUSAR,Sarod,-,-,-,-,-,-,22.15833333,72.75833333,,31-08-2021 06:00,9.3
5443,5443,Sarod,CGWB,24,Gujarat,442,Bharuch,JAMBUSAR,JAMBUSAR,Sarod,-,-,-,-,-,-,22.15833333,72.75833333,,30-11-2021 06:00,8.1
5444,5444,Sarod,CGWB,24,Gujarat,442,Bharuch,JAMBUSAR,JAMBUSAR,Sarod,-,-,-,-,-,-,22.15833333,72.75833333,,30-01-2022 07:00,7.21
5445,5445,Sarod,CGWB,24,Gujarat,442,Bharuch,JAMBUSAR,JAMBUSAR,Sarod,-,-,-,-,-,-,22.15833333,72.75833333,,30-05-2022 06:00,8
5446,5446,Sarod,CGWB,24,Gujarat,442,Bharuch,JAMBUSAR,JAMBUSAR,Sarod,-,-,-,-,-,-,22.15833333,72.75833333,,30-08-2022 06:00,7.6
5447,5447,Sarod,CGWB,24,Gujarat,442,Bharuch,JAMBUSAR,JAMBUSAR,Sarod,-,-,-,-,-,-,22.15833333,72.75833333,,10-11-2022 06:00,4.39
5448,5448,Sarod,CGWB,24,Gujarat,442,Bharuch,JAMBUSAR,JAMBUSAR,Sarod,-,-,-,-,-,-,22.15833333,72.75833333,,30-05-2023 10:00,7.6
5449,5449,Sarsa_Pz_I,CGWB,24,Gujarat,440,Anand,ANAND,ANAND,Sarsa,-,-,-,-,-,-,22.54444444,73.07083333,,10-01-2021 00:00,16.7
5450,5450,Sarsa_Pz_I,CGWB,24,Gujarat,440,Anand,ANAND,ANAND,Sarsa,-,-,-,-,-,-,22.54444444,73.07083333,,30-01-2022 07:00,16.95
5451,5451,Sarsa_Pz_I,CGWB,24,Gujarat,440,Anand,ANAND,ANAND,Sarsa,-,-,-,-,-,-,22.54444444,73.07083333,,30-05-2022 06:00,18.72
5452,5452,Sarsa_Pz_I,CGWB,24,Gujarat,440,Anand,ANAND,ANAND,Sarsa,-,-,-,-,-,-,22.54444444,73.07083333,,30-08-2022 06:00,17.85
5453,5453,Sarsa_Pz_I,CGWB,24,Gujarat,440,Anand,ANAND,ANAND,Sarsa,-,-,-,-,-,-,22.54444444,73.07083333,,10-11-2022 06:00,17.3
5454,5454,Sarsa_Pz_I,CGWB,24,Gujarat,440,Anand,ANAND,ANAND,Sarsa,-,-,-,-,-,-,22.54444444,73.07083333,,01-01-2023 00:00,20.01
5455,5455,Sarsa_Pz_I,CGWB,24,Gujarat,440,Anand,ANAND,ANAND,Sarsa,-,-,-,-,-,-,22.54444444,73.07083333,,30-05-2023 10:00,19.41
5456,5456,Sarsava,CGWB,24,Gujarat,445,Dohad,FATEPURA,FATEPURA,Sarsava,-,-,-,-,-,-,23.22777778,73.97694444,,30-01-2022 07:00,15.7
5457,5457,Sarsava,CGWB,24,Gujarat,445,Dohad,FATEPURA,FATEPURA,Sarsava,-,-,-,-,-,-,23.22777778,73.97694444,,30-05-2022 06:00,15.5
5458,5458,Sarvad,CGWB,24,Gujarat,457,Rajkot,MALIYA,MALIYA,Sarvad,-,-,-,-,-,-,23.00638889,70.70694444,,10-01-2021 00:00,1.52
5459,5459,Sarvad,CGWB,24,Gujarat,457,Rajkot,MALIYA,MALIYA,Sarvad,-,-,-,-,-,-,23.00638889,70.70694444,,31-08-2021 06:00,0.16
5460,5460,Sarvad,CGWB,24,Gujarat,457,Rajkot,MALIYA,MALIYA,Sarvad,-,-,-,-,-,-,23.00638889,70.70694444,,30-11-2021 06:00,1.08
5461,5461,Sarvad,CGWB,24,Gujarat,457,Rajkot,MALIYA,MALIYA,Sarvad,-,-,-,-,-,-,23.00638889,70.70694444,,30-01-2022 07:00,1.5
5462,5462,Sarvad,CGWB,24,Gujarat,457,Rajkot,MALIYA,MALIYA,Sarvad,-,-,-,-,-,-,23.00638889,70.70694444,,30-05-2022 06:00,2.1
5463,5463,Sarvad,CGWB,24,Gujarat,457,Rajkot,MALIYA,MALIYA,Sarvad,-,-,-,-,-,-,23.00638889,70.70694444,,10-11-2022 06:00,0.95
5464,5464,Sarvad,CGWB,24,Gujarat,457,Rajkot,MALIYA,MALIYA,Sarvad,-,-,-,-,-,-,23.00638889,70.70694444,,30-05-2023 10:00,2.25
5465,5465,Satanes,CGWB,24,Gujarat,443,Bhavnagar,PALITANA,PALITANA,Satanes,-,-,-,-,-,-,21.44166667,71.83750000,,10-01-2021 00:00,7.37
5466,5466,Satanes,CGWB,24,Gujarat,443,Bhavnagar,PALITANA,PALITANA,Satanes,-,-,-,-,-,-,21.44166667,71.83750000,,31-08-2021 06:00,7.05
5467,5467,Satanes,CGWB,24,Gujarat,443,Bhavnagar,PALITANA,PALITANA,Satanes,-,-,-,-,-,-,21.44166667,71.83750000,,30-11-2021 06:00,9.73
5468,5468,Satanes,CGWB,24,Gujarat,443,Bhavnagar,PALITANA,PALITANA,Satanes,-,-,-,-,-,-,21.44166667,71.83750000,,30-01-2022 07:00,10.27
5469,5469,Satanes,CGWB,24,Gujarat,443,Bhavnagar,PALITANA,PALITANA,Satanes,-,-,-,-,-,-,21.44166667,71.83750000,,30-08-2022 06:00,1.57
5470,5470,Satanes,CGWB,24,Gujarat,443,Bhavnagar,PALITANA,PALITANA,Satanes,-,-,-,-,-,-,21.44166667,71.83750000,,10-11-2022 06:00,7.62
5471,5471,Sathamba,CGWB,24,Gujarat,458,Sabarkantha,BAYAD,BAYAD,Sathamba,-,-,-,-,-,-,23.17500000,73.33750000,,10-01-2021 00:00,8.55
5472,5472,Sathamba,CGWB,24,Gujarat,458,Sabarkantha,BAYAD,BAYAD,Sathamba,-,-,-,-,-,-,23.17500000,73.33750000,,31-08-2021 06:00,7.65
5473,5473,Sathamba,CGWB,24,Gujarat,458,Sabarkantha,BAYAD,BAYAD,Sathamba,-,-,-,-,-,-,23.17500000,73.33750000,,30-11-2021 06:00,8.55
5474,5474,Sathamba,CGWB,24,Gujarat,458,Sabarkantha,BAYAD,BAYAD,Sathamba,-,-,-,-,-,-,23.17500000,73.33750000,,30-01-2022 07:00,10.45
5475,5475,Sathamba,CGWB,24,Gujarat,458,Sabarkantha,BAYAD,BAYAD,Sathamba,-,-,-,-,-,-,23.17500000,73.33750000,,30-05-2022 06:00,22.35
5476,5476,Sathamba,CGWB,24,Gujarat,458,Sabarkantha,BAYAD,BAYAD,Sathamba,-,-,-,-,-,-,23.17500000,73.33750000,,30-08-2022 06:00,4.25
5477,5477,Sathamba,CGWB,24,Gujarat,458,Sabarkantha,BAYAD,BAYAD,Sathamba,-,-,-,-,-,-,23.17500000,73.33750000,,10-11-2022 06:00,2.33
5478,5478,Sathamba,CGWB,24,Gujarat,458,Sabarkantha,BAYAD,BAYAD,Sathamba,-,-,-,-,-,-,23.17500000,73.33750000,,10-01-2023 18:00,2.62
5479,5479,Sathamba,CGWB,24,Gujarat,458,Sabarkantha,BAYAD,BAYAD,Sathamba,-,-,-,-,-,-,23.17500000,73.33750000,,30-05-2023 10:00,19.83
5480,5480,Savarkundla,CGWB,24,Gujarat,439,Amreli,KUNDLA-SAVAR,KUNDLA-SAVAR,Savarkundla,-,-,-,-,-,-,21.33611111,71.31805556,,10-01-2021 00:00,37.69
5481,5481,Savarkundla,CGWB,24,Gujarat,439,Amreli,KUNDLA-SAVAR,KUNDLA-SAVAR,Savarkundla,-,-,-,-,-,-,21.33611111,71.31805556,,31-08-2021 06:00,16.56
5482,5482,Savarkundla,CGWB,24,Gujarat,439,Amreli,KUNDLA-SAVAR,KUNDLA-SAVAR,Savarkundla,-,-,-,-,-,-,21.33611111,71.31805556,,30-05-2022 06:00,20.25
5483,5483,Savarkundla,CGWB,24,Gujarat,439,Amreli,KUNDLA-SAVAR,KUNDLA-SAVAR,Savarkundla,-,-,-,-,-,-,21.33611111,71.31805556,,10-11-2022 06:00,12
5484,5484,Savarkundla,CGWB,24,Gujarat,439,Amreli,KUNDLA-SAVAR,KUNDLA-SAVAR,Savarkundla,-,-,-,-,-,-,21.33611111,71.31805556,,30-05-2023 10:00,55.88
5485,5485,Sayala,CGWB,24,Gujarat,460,Surendranagar,SAYLA,SAYLA,Sayala,-,-,-,-,-,-,22.53333333,71.48333333,,10-01-2021 00:00,4.63
5486,5486,Sayala,CGWB,24,Gujarat,460,Surendranagar,SAYLA,SAYLA,Sayala,-,-,-,-,-,-,22.53333333,71.48333333,,31-08-2021 06:00,4.46
5487,5487,Sayala,CGWB,24,Gujarat,460,Surendranagar,SAYLA,SAYLA,Sayala,-,-,-,-,-,-,22.53333333,71.48333333,,30-11-2021 06:00,4.05
5488,5488,Sayala,CGWB,24,Gujarat,460,Surendranagar,SAYLA,SAYLA,Sayala,-,-,-,-,-,-,22.53333333,71.48333333,,30-01-2022 07:00,4.68
5489,5489,Sayala,CGWB,24,Gujarat,460,Surendranagar,SAYLA,SAYLA,Sayala,-,-,-,-,-,-,22.53333333,71.48333333,,10-11-2022 06:00,4.72
5490,5490,Sayala,CGWB,24,Gujarat,460,Surendranagar,SAYLA,SAYLA,Sayala,-,-,-,-,-,-,22.53333333,71.48333333,,30-05-2023 10:00,13.65
5491,5491,Sayan,CGWB,24,Gujarat,459,Surat,KAMREJ,KAMREJ,Sayan,-,-,-,-,-,-,21.30555556,72.91083333,,30-01-2022 07:00,7.7
5492,5492,Sayan,CGWB,24,Gujarat,459,Surat,KAMREJ,KAMREJ,Sayan,-,-,-,-,-,-,21.30555556,72.91083333,,30-08-2022 06:00,1.04
5493,5493,Sayan,CGWB,24,Gujarat,459,Surat,KAMREJ,KAMREJ,Sayan,-,-,-,-,-,-,21.30555556,72.91083333,,10-11-2022 06:00,8.7
5494,5494,Sayan,CGWB,24,Gujarat,459,Surat,KAMREJ,KAMREJ,Sayan,-,-,-,-,-,-,21.30555556,72.91083333,,30-08-2023 18:00,2.9499998
5495,5495,Sedat,CGWB,24,Gujarat,449,Kachchh,BHUJ,BHUJ,Sedat,-,-,-,-,-,-,23.17138889,69.63750000,,10-01-2021 00:00,11
5496,5496,Sedat,CGWB,24,Gujarat,449,Kachchh,BHUJ,BHUJ,Sedat,-,-,-,-,-,-,23.17138889,69.63750000,,31-08-2021 06:00,9.9
5497,5497,Sedat,CGWB,24,Gujarat,449,Kachchh,BHUJ,BHUJ,Sedat,-,-,-,-,-,-,23.17138889,69.63750000,,30-11-2021 06:00,10.8
5498,5498,Sedat,CGWB,24,Gujarat,449,Kachchh,BHUJ,BHUJ,Sedat,-,-,-,-,-,-,23.17138889,69.63750000,,30-01-2022 07:00,10.07
5499,5499,Sedat,CGWB,24,Gujarat,449,Kachchh,BHUJ,BHUJ,Sedat,-,-,-,-,-,-,23.17138889,69.63750000,,30-05-2022 06:00,11.75
5500,5500,Sedat,CGWB,24,Gujarat,449,Kachchh,BHUJ,BHUJ,Sedat,-,-,-,-,-,-,23.17138889,69.63750000,,30-08-2022 06:00,9.41
5501,5501,Sedat,CGWB,24,Gujarat,449,Kachchh,BHUJ,BHUJ,Sedat,-,-,-,-,-,-,23.17138889,69.63750000,,10-11-2022 06:00,10.23
5502,5502,Sedat,CGWB,24,Gujarat,449,Kachchh,BHUJ,BHUJ,Sedat,-,-,-,-,-,-,23.17138889,69.63750000,,30-05-2023 10:00,12.08
5503,5503,Seenawad,CGWB,24,Gujarat,458,Sabarkantha,MODASA,MODASA,Seenawad,-,-,-,-,-,-,23.48638889,73.39861111,,30-01-2022 07:00,11.2
5504,5504,Seenawad,CGWB,24,Gujarat,458,Sabarkantha,MODASA,MODASA,Seenawad,-,-,-,-,-,-,23.48638889,73.39861111,,30-08-2022 06:00,1.69
5505,5505,Seenawad,CGWB,24,Gujarat,458,Sabarkantha,MODASA,MODASA,Seenawad,-,-,-,-,-,-,23.48638889,73.39861111,,10-11-2022 06:00,2
5506,5506,Seenawad,CGWB,24,Gujarat,458,Sabarkantha,MODASA,MODASA,Seenawad,-,-,-,-,-,-,23.48638889,73.39861111,,10-01-2023 18:00,2.56
5507,5507,Seenawad,CGWB,24,Gujarat,458,Sabarkantha,MODASA,MODASA,Seenawad,-,-,-,-,-,-,23.48638889,73.39861111,,30-05-2023 10:00,12.5
5508,5508,Segwa chouki ii,CGWB,24,Gujarat,461,Vadodara,SINOR,SINOR,Segwa chouki ii,-,-,-,-,-,-,22.00833333,73.38333333,,10-01-2021 00:00,37.8
5509,5509,Segwa chouki ii,CGWB,24,Gujarat,461,Vadodara,SINOR,SINOR,Segwa chouki ii,-,-,-,-,-,-,22.00833333,73.38333333,,30-05-2022 06:00,35.97
5510,5510,Segwa chouki ii,CGWB,24,Gujarat,461,Vadodara,SINOR,SINOR,Segwa chouki ii,-,-,-,-,-,-,22.00833333,73.38333333,,30-08-2022 06:00,31.82
5511,5511,Segwa chouki ii,CGWB,24,Gujarat,461,Vadodara,SINOR,SINOR,Segwa chouki ii,-,-,-,-,-,-,22.00833333,73.38333333,,10-11-2022 06:00,35.12
5512,5512,Segwa chouki ii,CGWB,24,Gujarat,461,Vadodara,SINOR,SINOR,Segwa chouki ii,-,-,-,-,-,-,22.00833333,73.38333333,,30-05-2023 10:00,35.58
5513,5513,Segwa chowki I,CGWB,24,Gujarat,461,Vadodara,SINOR,SINOR,Segwa chowki I,-,-,-,-,-,-,22.00833333,73.38333333,,10-01-2021 00:00,35.6
5514,5514,Segwa chowki I,CGWB,24,Gujarat,461,Vadodara,SINOR,SINOR,Segwa chowki I,-,-,-,-,-,-,22.00833333,73.38333333,,31-08-2021 06:00,34.7
5515,5515,Segwa chowki I,CGWB,24,Gujarat,461,Vadodara,SINOR,SINOR,Segwa chowki I,-,-,-,-,-,-,22.00833333,73.38333333,,30-11-2021 06:00,34.54
5516,5516,Segwa chowki I,CGWB,24,Gujarat,461,Vadodara,SINOR,SINOR,Segwa chowki I,-,-,-,-,-,-,22.00833333,73.38333333,,30-05-2022 06:00,36.09
5517,5517,Segwa chowki I,CGWB,24,Gujarat,461,Vadodara,SINOR,SINOR,Segwa chowki I,-,-,-,-,-,-,22.00833333,73.38333333,,30-08-2022 06:00,33.76
5518,5518,Segwa chowki I,CGWB,24,Gujarat,461,Vadodara,SINOR,SINOR,Segwa chowki I,-,-,-,-,-,-,22.00833333,73.38333333,,10-11-2022 06:00,35.8
5519,5519,Selemba,CGWB,24,Gujarat,452,Narmada,SAGBARA,SAGBARA,Selemba,-,-,-,-,-,-,21.60833333,73.75833333,,10-01-2021 00:00,6
5520,5520,Selemba 1,CGWB,24,Gujarat,452,Narmada,SAGBARA,SAGBARA,Selemba,-,-,-,-,-,-,21.61000000,73.76333333,,30-11-2021 06:00,8
5521,5521,Selemba 1,CGWB,24,Gujarat,452,Narmada,SAGBARA,SAGBARA,Selemba,-,-,-,-,-,-,21.61000000,73.76333333,,10-11-2022 06:00,4.1
5522,5522,Selemba 1,CGWB,24,Gujarat,452,Narmada,SAGBARA,SAGBARA,Selemba,-,-,-,-,-,-,21.61000000,73.76333333,,30-05-2023 10:00,11.8
5523,5523,Sengpur,CGWB,24,Gujarat,461,Vadodara,NASVADI,NASVADI,Sengpur,-,-,-,-,-,-,22.03750000,73.88750000,,10-01-2021 00:00,6.3
5524,5524,Sengpur,CGWB,24,Gujarat,461,Vadodara,NASVADI,NASVADI,Sengpur,-,-,-,-,-,-,22.03750000,73.88750000,,31-08-2021 06:00,6.04
5525,5525,Sengpur,CGWB,24,Gujarat,461,Vadodara,NASVADI,NASVADI,Sengpur,-,-,-,-,-,-,22.03750000,73.88750000,,30-11-2021 06:00,6.5
5526,5526,Sengpur,CGWB,24,Gujarat,461,Vadodara,NASVADI,NASVADI,Sengpur,-,-,-,-,-,-,22.03750000,73.88750000,,30-01-2022 07:00,5.32
5527,5527,Sengpur,CGWB,24,Gujarat,461,Vadodara,NASVADI,NASVADI,Sengpur,-,-,-,-,-,-,22.03750000,73.88750000,,30-05-2022 06:00,7.17
5528,5528,Sengpur,CGWB,24,Gujarat,461,Vadodara,NASVADI,NASVADI,Sengpur,-,-,-,-,-,-,22.03750000,73.88750000,,30-08-2022 06:00,2.93
5529,5529,Sengpur,CGWB,24,Gujarat,461,Vadodara,NASVADI,NASVADI,Sengpur,-,-,-,-,-,-,22.03750000,73.88750000,,10-11-2022 06:00,3.1
5530,5530,Sengpur,CGWB,24,Gujarat,461,Vadodara,NASVADI,NASVADI,Sengpur,-,-,-,-,-,-,22.03750000,73.88750000,,30-05-2023 10:00,7.1
5531,5531,Sepa,CGWB,24,Gujarat,448,Junagadh,MANGROL,MANGROL,Sepa,-,-,-,-,-,-,21.11666667,70.21944444,,10-01-2021 00:00,19.78
5532,5532,Sepa,CGWB,24,Gujarat,448,Junagadh,MANGROL,MANGROL,Sepa,-,-,-,-,-,-,21.11666667,70.21944444,,31-08-2021 06:00,16.67
5533,5533,Sepa,CGWB,24,Gujarat,448,Junagadh,MANGROL,MANGROL,Sepa,-,-,-,-,-,-,21.11666667,70.21944444,,30-01-2022 07:00,14.92
5534,5534,Sepa,CGWB,24,Gujarat,448,Junagadh,MANGROL,MANGROL,Sepa,-,-,-,-,-,-,21.11666667,70.21944444,,30-05-2022 06:00,21.25
5535,5535,Sepa,CGWB,24,Gujarat,448,Junagadh,MANGROL,MANGROL,Sepa,-,-,-,-,-,-,21.11666667,70.21944444,,30-08-2022 06:00,1.94
5536,5536,Sepa,CGWB,24,Gujarat,448,Junagadh,MANGROL,MANGROL,Sepa,-,-,-,-,-,-,21.11666667,70.21944444,,10-11-2022 06:00,7.44
5537,5537,Sepa,CGWB,24,Gujarat,448,Junagadh,MANGROL,MANGROL,Sepa,-,-,-,-,-,-,21.11666667,70.21944444,,30-05-2023 10:00,20.68
5538,5538,Seriakhan,CGWB,24,Gujarat,448,Junagadh,MANGROL,MANGROL,Seriakhan,-,-,-,-,-,-,21.13333333,70.24861111,,10-01-2021 00:00,17.03
5539,5539,Seriakhan,CGWB,24,Gujarat,448,Junagadh,MANGROL,MANGROL,Seriakhan,-,-,-,-,-,-,21.13333333,70.24861111,,31-08-2021 06:00,11.63
5540,5540,Seriakhan,CGWB,24,Gujarat,448,Junagadh,MANGROL,MANGROL,Seriakhan,-,-,-,-,-,-,21.13333333,70.24861111,,30-11-2021 06:00,10.53
5541,5541,Seriakhan,CGWB,24,Gujarat,448,Junagadh,MANGROL,MANGROL,Seriakhan,-,-,-,-,-,-,21.13333333,70.24861111,,30-01-2022 07:00,18.16
5542,5542,Seriakhan,CGWB,24,Gujarat,448,Junagadh,MANGROL,MANGROL,Seriakhan,-,-,-,-,-,-,21.13333333,70.24861111,,30-08-2022 06:00,5.78
5543,5543,Seriakhan,CGWB,24,Gujarat,448,Junagadh,MANGROL,MANGROL,Seriakhan,-,-,-,-,-,-,21.13333333,70.24861111,,30-05-2023 10:00,24.73
5544,5544,Serthapara1,CGWB,24,Gujarat,446,Gandhinagar,GANDHINAGAR,GANDHINAGAR,Serthapara,-,-,-,-,-,-,23.19444444,72.56666667,,10-01-2021 00:00,17.33
5545,5545,Serthapara1,CGWB,24,Gujarat,446,Gandhinagar,GANDHINAGAR,GANDHINAGAR,Serthapara,-,-,-,-,-,-,23.19444444,72.56666667,,31-08-2021 06:00,20.45
5546,5546,Serthapara1,CGWB,24,Gujarat,446,Gandhinagar,GANDHINAGAR,GANDHINAGAR,Serthapara,-,-,-,-,-,-,23.19444444,72.56666667,,30-11-2021 06:00,20.45
5547,5547,Serthapara1,CGWB,24,Gujarat,446,Gandhinagar,GANDHINAGAR,GANDHINAGAR,Serthapara,-,-,-,-,-,-,23.19444444,72.56666667,,30-01-2022 07:00,20.45
5548,5548,Serthapara1,CGWB,24,Gujarat,446,Gandhinagar,GANDHINAGAR,GANDHINAGAR,Serthapara,-,-,-,-,-,-,23.19444444,72.56666667,,30-05-2023 10:00,
5549,5549,Seth vadala,CGWB,24,Gujarat,447,Jamnagar,JAMJODHPUR,JAMJODHPUR,Seth vadala,-,-,-,-,-,-,22.03333333,70.12500000,,10-01-2021 00:00,2.85
5550,5550,Seth vadala,CGWB,24,Gujarat,447,Jamnagar,JAMJODHPUR,JAMJODHPUR,Seth vadala,-,-,-,-,-,-,22.03333333,70.12500000,,31-08-2021 06:00,1.86
5551,5551,Seth vadala,CGWB,24,Gujarat,447,Jamnagar,JAMJODHPUR,JAMJODHPUR,Seth vadala,-,-,-,-,-,-,22.03333333,70.12500000,,30-11-2021 06:00,2.5
5552,5552,Seth vadala,CGWB,24,Gujarat,447,Jamnagar,JAMJODHPUR,JAMJODHPUR,Seth vadala,-,-,-,-,-,-,22.03333333,70.12500000,,30-01-2022 07:00,3.35
5553,5553,Seth vadala,CGWB,24,Gujarat,447,Jamnagar,JAMJODHPUR,JAMJODHPUR,Seth vadala,-,-,-,-,-,-,22.03333333,70.12500000,,30-05-2022 06:00,7.13
5554,5554,Seth vadala,CGWB,24,Gujarat,447,Jamnagar,JAMJODHPUR,JAMJODHPUR,Seth vadala,-,-,-,-,-,-,22.03333333,70.12500000,,30-08-2022 06:00,1.8
5555,5555,Seth vadala,CGWB,24,Gujarat,447,Jamnagar,JAMJODHPUR,JAMJODHPUR,Seth vadala,-,-,-,-,-,-,22.03333333,70.12500000,,10-11-2022 06:00,2.85
5556,5556,Seth vadala,CGWB,24,Gujarat,447,Jamnagar,JAMJODHPUR,JAMJODHPUR,Seth vadala,-,-,-,-,-,-,22.03333333,70.12500000,,30-05-2023 10:00,9.67
5557,5557,Shamlaji,CGWB,24,Gujarat,458,Sabarkantha,BHILODA,BHILODA,Shamlaji,-,-,-,-,-,-,23.68611111,73.36666667,,10-01-2021 00:00,5.71
5558,5558,Shamlaji,CGWB,24,Gujarat,458,Sabarkantha,BHILODA,BHILODA,Shamlaji,-,-,-,-,-,-,23.68611111,73.36666667,,31-08-2021 06:00,5.85
5559,5559,Shamlaji,CGWB,24,Gujarat,458,Sabarkantha,BHILODA,BHILODA,Shamlaji,-,-,-,-,-,-,23.68611111,73.36666667,,30-11-2021 06:00,5.25
5560,5560,Shamlaji,CGWB,24,Gujarat,458,Sabarkantha,BHILODA,BHILODA,Shamlaji,-,-,-,-,-,-,23.68611111,73.36666667,,30-01-2022 07:00,6.95
5561,5561,Shamlaji,CGWB,24,Gujarat,458,Sabarkantha,BHILODA,BHILODA,Shamlaji,-,-,-,-,-,-,23.68611111,73.36666667,,30-05-2022 06:00,4.45
5562,5562,Shamlaji,CGWB,24,Gujarat,458,Sabarkantha,BHILODA,BHILODA,Shamlaji,-,-,-,-,-,-,23.68611111,73.36666667,,30-08-2022 06:00,4.95
5563,5563,Shamlaji,CGWB,24,Gujarat,458,Sabarkantha,BHILODA,BHILODA,Shamlaji,-,-,-,-,-,-,23.68611111,73.36666667,,10-11-2022 06:00,5.2
5564,5564,Shamlaji,CGWB,24,Gujarat,458,Sabarkantha,BHILODA,BHILODA,Shamlaji,-,-,-,-,-,-,23.68611111,73.36666667,,10-01-2023 18:00,6.28
5565,5565,Shamlaji,CGWB,24,Gujarat,458,Sabarkantha,BHILODA,BHILODA,Shamlaji,-,-,-,-,-,-,23.68611111,73.36666667,,30-05-2023 10:00,11.05
5566,5566,Shankhari,CGWB,24,Gujarat,455,Patan,PATAN,PATAN,Shankhari,-,-,-,-,-,-,23.77916667,72.16250000,,10-01-2021 00:00,14.76
5567,5567,Shankhari,CGWB,24,Gujarat,455,Patan,PATAN,PATAN,Shankhari,-,-,-,-,-,-,23.77916667,72.16250000,,31-08-2021 06:00,15.61
5568,5568,Shankhari,CGWB,24,Gujarat,455,Patan,PATAN,PATAN,Shankhari,-,-,-,-,-,-,23.77916667,72.16250000,,30-11-2021 06:00,16.53
5569,5569,Shankhari,CGWB,24,Gujarat,455,Patan,PATAN,PATAN,Shankhari,-,-,-,-,-,-,23.77916667,72.16250000,,30-01-2022 07:00,12.5
5570,5570,Shankhari,CGWB,24,Gujarat,455,Patan,PATAN,PATAN,Shankhari,-,-,-,-,-,-,23.77916667,72.16250000,,30-05-2022 06:00,15.36
5571,5571,Shankhari,CGWB,24,Gujarat,455,Patan,PATAN,PATAN,Shankhari,-,-,-,-,-,-,23.77916667,72.16250000,,30-08-2022 06:00,12.19
5572,5572,Shankhari,CGWB,24,Gujarat,455,Patan,PATAN,PATAN,Shankhari,-,-,-,-,-,-,23.77916667,72.16250000,,10-11-2022 06:00,12.49
5573,5573,Shankhari,CGWB,24,Gujarat,455,Patan,PATAN,PATAN,Shankhari,-,-,-,-,-,-,23.77916667,72.16250000,,30-05-2023 10:00,18.41
5574,5574,Shantinagar,CGWB,24,Gujarat,443,Bhavnagar,MAHUVA,MAHUVA,Shantinagar,-,-,-,-,-,-,21.24583333,71.65000000,,10-01-2021 00:00,4.65
5575,5575,Shantinagar,CGWB,24,Gujarat,443,Bhavnagar,MAHUVA,MAHUVA,Shantinagar,-,-,-,-,-,-,21.24583333,71.65000000,,31-08-2021 06:00,3.06
5576,5576,Shantinagar,CGWB,24,Gujarat,443,Bhavnagar,MAHUVA,MAHUVA,Shantinagar,-,-,-,-,-,-,21.24583333,71.65000000,,30-11-2021 06:00,0.7
5577,5577,Shantinagar,CGWB,24,Gujarat,443,Bhavnagar,MAHUVA,MAHUVA,Shantinagar,-,-,-,-,-,-,21.24583333,71.65000000,,30-01-2022 07:00,2
5578,5578,Shantinagar,CGWB,24,Gujarat,443,Bhavnagar,MAHUVA,MAHUVA,Shantinagar,-,-,-,-,-,-,21.24583333,71.65000000,,30-08-2022 06:00,2.14
5579,5579,Shantinagar,CGWB,24,Gujarat,443,Bhavnagar,MAHUVA,MAHUVA,Shantinagar,-,-,-,-,-,-,21.24583333,71.65000000,,10-11-2022 06:00,6.12
5580,5580,Shardagram,CGWB,24,Gujarat,448,Junagadh,MANGROL,MANGROL,Shardagram,-,-,-,-,-,-,21.10416667,70.15277778,,10-01-2021 00:00,10.32
5581,5581,Shardagram,CGWB,24,Gujarat,448,Junagadh,MANGROL,MANGROL,Shardagram,-,-,-,-,-,-,21.10416667,70.15277778,,31-08-2021 06:00,8.92
5582,5582,Shardagram,CGWB,24,Gujarat,448,Junagadh,MANGROL,MANGROL,Shardagram,-,-,-,-,-,-,21.10416667,70.15277778,,30-11-2021 06:00,10.69
5583,5583,Shardagram,CGWB,24,Gujarat,448,Junagadh,MANGROL,MANGROL,Shardagram,-,-,-,-,-,-,21.10416667,70.15277778,,30-01-2022 07:00,9.92
5584,5584,Shardagram,CGWB,24,Gujarat,448,Junagadh,MANGROL,MANGROL,Shardagram,-,-,-,-,-,-,21.10416667,70.15277778,,30-05-2022 06:00,10.75
5585,5585,Shardagram,CGWB,24,Gujarat,448,Junagadh,MANGROL,MANGROL,Shardagram,-,-,-,-,-,-,21.10416667,70.15277778,,30-08-2022 06:00,9.54
5586,5586,Shardagram,CGWB,24,Gujarat,448,Junagadh,MANGROL,MANGROL,Shardagram,-,-,-,-,-,-,21.10416667,70.15277778,,10-11-2022 06:00,11.14
5587,5587,Shardagram,CGWB,24,Gujarat,448,Junagadh,MANGROL,MANGROL,Shardagram,-,-,-,-,-,-,21.10416667,70.15277778,,30-05-2023 10:00,11.799999
5588,5588,Shehra,CGWB,24,Gujarat,454,Panchmahals,SHEHERA,SHEHERA,Shehra,-,-,-,-,-,-,22.95416667,73.62500000,,10-01-2021 00:00,1.59
5589,5589,Shehra,CGWB,24,Gujarat,454,Panchmahals,SHEHERA,SHEHERA,Shehra,-,-,-,-,-,-,22.95416667,73.62500000,,31-08-2021 06:00,2.34
5590,5590,Shehra,CGWB,24,Gujarat,454,Panchmahals,SHEHERA,SHEHERA,Shehra,-,-,-,-,-,-,22.95416667,73.62500000,,30-11-2021 06:00,1.7
5591,5591,Shehra,CGWB,24,Gujarat,454,Panchmahals,SHEHERA,SHEHERA,Shehra,-,-,-,-,-,-,22.95416667,73.62500000,,30-01-2022 07:00,2.8
5592,5592,Shehra,CGWB,24,Gujarat,454,Panchmahals,SHEHERA,SHEHERA,Shehra,-,-,-,-,-,-,22.95416667,73.62500000,,30-05-2022 06:00,4.5
5593,5593,Shehra,CGWB,24,Gujarat,454,Panchmahals,SHEHERA,SHEHERA,Shehra,-,-,-,-,-,-,22.95416667,73.62500000,,30-08-2022 06:00,0.46
5594,5594,Shehra,CGWB,24,Gujarat,454,Panchmahals,SHEHERA,SHEHERA,Shehra,-,-,-,-,-,-,22.95416667,73.62500000,,10-11-2022 06:00,-0.59
5595,5595,Shehra,CGWB,24,Gujarat,454,Panchmahals,SHEHERA,SHEHERA,Shehra,-,-,-,-,-,-,22.95416667,73.62500000,,10-01-2023 18:00,0.77
5596,5596,Shehra,CGWB,24,Gujarat,454,Panchmahals,SHEHERA,SHEHERA,Shehra,-,-,-,-,-,-,22.95416667,73.62500000,,30-05-2023 10:00,3.5
5597,5597,Shekhupura,CGWB,24,Gujarat,450,Kheda,MATAR,MATAR,Shekhupura,-,-,-,-,-,-,22.57500000,72.62500000,,10-01-2021 00:00,0.3
5598,5598,Shekhupura,CGWB,24,Gujarat,450,Kheda,MATAR,MATAR,Shekhupura,-,-,-,-,-,-,22.57500000,72.62500000,,31-08-2021 06:00,1.59
5599,5599,Shekhupura,CGWB,24,Gujarat,450,Kheda,MATAR,MATAR,Shekhupura,-,-,-,-,-,-,22.57500000,72.62500000,,30-11-2021 06:00,0.03
5600,5600,Shekhupura,CGWB,24,Gujarat,450,Kheda,MATAR,MATAR,Shekhupura,-,-,-,-,-,-,22.57500000,72.62500000,,30-01-2022 07:00,5.45
5601,5601,Shekhupura,CGWB,24,Gujarat,450,Kheda,MATAR,MATAR,Shekhupura,-,-,-,-,-,-,22.57500000,72.62500000,,30-05-2022 06:00,2.25
5602,5602,Shekhupura,CGWB,24,Gujarat,450,Kheda,MATAR,MATAR,Shekhupura,-,-,-,-,-,-,22.57500000,72.62500000,,30-08-2022 06:00,4.64
5603,5603,Shekhupura,CGWB,24,Gujarat,450,Kheda,MATAR,MATAR,Shekhupura,-,-,-,-,-,-,22.57500000,72.62500000,,10-11-2022 06:00,4.73
5604,5604,Shekhupura,CGWB,24,Gujarat,450,Kheda,MATAR,MATAR,Shekhupura,-,-,-,-,-,-,22.57500000,72.62500000,,10-01-2023 18:00,0.35
5605,5605,Shekhupura,CGWB,24,Gujarat,450,Kheda,MATAR,MATAR,Shekhupura,-,-,-,-,-,-,22.57500000,72.62500000,,30-05-2023 10:00,4.95
5606,5606,Shinaya,CGWB,24,Gujarat,449,Kachchh,GANDHIDHAM,GANDHIDHAM,Shinaya,-,-,-,-,-,-,23.03333333,70.05416667,,10-01-2021 00:00,1.22
5607,5607,Shinaya,CGWB,24,Gujarat,449,Kachchh,GANDHIDHAM,GANDHIDHAM,Shinaya,-,-,-,-,-,-,23.03333333,70.05416667,,31-08-2021 06:00,3.57
5608,5608,Shinaya,CGWB,24,Gujarat,449,Kachchh,GANDHIDHAM,GANDHIDHAM,Shinaya,-,-,-,-,-,-,23.03333333,70.05416667,,30-11-2021 06:00,1.42
5609,5609,Shinaya,CGWB,24,Gujarat,449,Kachchh,GANDHIDHAM,GANDHIDHAM,Shinaya,-,-,-,-,-,-,23.03333333,70.05416667,,30-01-2022 07:00,2.3
5610,5610,Shinaya,CGWB,24,Gujarat,449,Kachchh,GANDHIDHAM,GANDHIDHAM,Shinaya,-,-,-,-,-,-,23.03333333,70.05416667,,30-05-2022 06:00,11.12
5611,5611,Shinaya,CGWB,24,Gujarat,449,Kachchh,GANDHIDHAM,GANDHIDHAM,Shinaya,-,-,-,-,-,-,23.03333333,70.05416667,,30-08-2022 06:00,1.3
5612,5612,Shinaya,CGWB,24,Gujarat,449,Kachchh,GANDHIDHAM,GANDHIDHAM,Shinaya,-,-,-,-,-,-,23.03333333,70.05416667,,10-11-2022 06:00,2
5613,5613,Shinaya,CGWB,24,Gujarat,449,Kachchh,GANDHIDHAM,GANDHIDHAM,Shinaya,-,-,-,-,-,-,23.03333333,70.05416667,,30-05-2023 10:00,6.33
5614,5614,Shivrajpur,CGWB,24,Gujarat,454,Panchmahals,HALOL,HALOL,Shivrajpur,-,-,-,-,-,-,22.42500000,73.59166667,,10-01-2021 00:00,7.28
5615,5615,Shivrajpur,CGWB,24,Gujarat,454,Panchmahals,HALOL,HALOL,Shivrajpur,-,-,-,-,-,-,22.42500000,73.59166667,,31-08-2021 06:00,8.7
5616,5616,Shivrajpur,CGWB,24,Gujarat,454,Panchmahals,HALOL,HALOL,Shivrajpur,-,-,-,-,-,-,22.42500000,73.59166667,,30-11-2021 06:00,5.95
5617,5617,Shivrajpur,CGWB,24,Gujarat,454,Panchmahals,HALOL,HALOL,Shivrajpur,-,-,-,-,-,-,22.42500000,73.59166667,,30-01-2022 07:00,7.2
5618,5618,Shivrajpur,CGWB,24,Gujarat,454,Panchmahals,HALOL,HALOL,Shivrajpur,-,-,-,-,-,-,22.42500000,73.59166667,,30-08-2022 06:00,2.82
5619,5619,Shivrajpur,CGWB,24,Gujarat,454,Panchmahals,HALOL,HALOL,Shivrajpur,-,-,-,-,-,-,22.42500000,73.59166667,,10-11-2022 06:00,5.12
5620,5620,Shivrajpur,CGWB,24,Gujarat,454,Panchmahals,HALOL,HALOL,Shivrajpur,-,-,-,-,-,-,22.42500000,73.59166667,,10-01-2023 18:00,5.43
5621,5621,Shivrajpur,CGWB,24,Gujarat,454,Panchmahals,HALOL,HALOL,Shivrajpur,-,-,-,-,-,-,22.42500000,73.59166667,,30-05-2023 10:00,
5622,5622,Shiyani,CGWB,24,Gujarat,460,Surendranagar,LIMBDI,LIMBDI,Shiyani,-,-,-,-,-,-,22.66666667,71.82916667,,10-01-2021 00:00,2.7
5623,5623,Shiyani,CGWB,24,Gujarat,460,Surendranagar,LIMBDI,LIMBDI,Shiyani,-,-,-,-,-,-,22.66666667,71.82916667,,31-08-2021 06:00,2.5
5624,5624,Shiyani,CGWB,24,Gujarat,460,Surendranagar,LIMBDI,LIMBDI,Shiyani,-,-,-,-,-,-,22.66666667,71.82916667,,30-11-2021 06:00,2.72
5625,5625,Shiyani,CGWB,24,Gujarat,460,Surendranagar,LIMBDI,LIMBDI,Shiyani,-,-,-,-,-,-,22.66666667,71.82916667,,30-01-2022 07:00,3.32
5626,5626,Shiyani,CGWB,24,Gujarat,460,Surendranagar,LIMBDI,LIMBDI,Shiyani,-,-,-,-,-,-,22.66666667,71.82916667,,30-05-2022 06:00,3.46
5627,5627,Shiyani,CGWB,24,Gujarat,460,Surendranagar,LIMBDI,LIMBDI,Shiyani,-,-,-,-,-,-,22.66666667,71.82916667,,30-08-2022 06:00,2.6
5628,5628,Shiyani,CGWB,24,Gujarat,460,Surendranagar,LIMBDI,LIMBDI,Shiyani,-,-,-,-,-,-,22.66666667,71.82916667,,10-11-2022 06:00,2.7
5629,5629,Shiyani,CGWB,24,Gujarat,460,Surendranagar,LIMBDI,LIMBDI,Shiyani,-,-,-,-,-,-,22.66666667,71.82916667,,30-05-2023 10:00,3.19
5630,5630,Sidhpur Naditat Pz I,CGWB,24,Gujarat,455,Patan,SIDHPUR,-,-,-,-,-,-,-,-,23.92472222,72.39833333,,10-01-2021 06:00,85.66
5631,5631,Sidhpur Naditat Pz I,CGWB,24,Gujarat,455,Patan,SIDHPUR,-,-,-,-,-,-,-,-,23.92472222,72.39833333,,30-05-2021 06:00,86.9
5632,5632,Sidhpur Naditat Pz I,CGWB,24,Gujarat,455,Patan,SIDHPUR,-,-,-,-,-,-,-,-,23.92472222,72.39833333,,30-08-2021 06:00,85.34
5633,5633,Sidhpur Naditat Pz I,CGWB,24,Gujarat,455,Patan,SIDHPUR,-,-,-,-,-,-,-,-,23.92472222,72.39833333,,10-11-2021 06:00,87.67
5634,5634,Sidhpur Naditat Pz I,CGWB,24,Gujarat,455,Patan,SIDHPUR,-,-,-,-,-,-,-,-,23.92472222,72.39833333,,10-01-2022 06:00,87.34
5635,5635,Sidhpur Naditat Pz I,CGWB,24,Gujarat,455,Patan,SIDHPUR,-,-,-,-,-,-,-,-,23.92472222,72.39833333,,30-05-2022 06:00,87.32
5636,5636,Sidhpur Naditat Pz I,CGWB,24,Gujarat,455,Patan,SIDHPUR,-,-,-,-,-,-,-,-,23.92472222,72.39833333,,10-11-2022 06:00,86.66
5637,5637,Sihi,CGWB,24,Gujarat,451,Mahesana,UNJHA,UNJHA,Sihi,-,-,-,-,-,-,23.80000000,72.35000000,,10-01-2021 00:00,7.98
5638,5638,Sihi,CGWB,24,Gujarat,451,Mahesana,UNJHA,UNJHA,Sihi,-,-,-,-,-,-,23.80000000,72.35000000,,31-08-2021 06:00,12.21
5639,5639,Sihi,CGWB,24,Gujarat,451,Mahesana,UNJHA,UNJHA,Sihi,-,-,-,-,-,-,23.80000000,72.35000000,,30-11-2021 06:00,11
5640,5640,Sihi,CGWB,24,Gujarat,451,Mahesana,UNJHA,UNJHA,Sihi,-,-,-,-,-,-,23.80000000,72.35000000,,30-01-2022 07:00,9.52
5641,5641,Sihi,CGWB,24,Gujarat,451,Mahesana,UNJHA,UNJHA,Sihi,-,-,-,-,-,-,23.80000000,72.35000000,,30-05-2022 06:00,9.33
5642,5642,Sihi,CGWB,24,Gujarat,451,Mahesana,UNJHA,UNJHA,Sihi,-,-,-,-,-,-,23.80000000,72.35000000,,30-08-2022 06:00,8.13
5643,5643,Sihi,CGWB,24,Gujarat,451,Mahesana,UNJHA,UNJHA,Sihi,-,-,-,-,-,-,23.80000000,72.35000000,,10-11-2022 06:00,7.71
5644,5644,Sihi,CGWB,24,Gujarat,451,Mahesana,UNJHA,UNJHA,Sihi,-,-,-,-,-,-,23.80000000,72.35000000,,30-05-2023 10:00,9.64
5645,5645,Sil,CGWB,24,Gujarat,448,Junagadh,MANGROL,MANGROL,Sil,-,-,-,-,-,-,21.18555556,70.04638889,,10-01-2021 00:00,4.54
5646,5646,Sil,CGWB,24,Gujarat,448,Junagadh,MANGROL,MANGROL,Sil,-,-,-,-,-,-,21.18555556,70.04638889,,31-08-2021 06:00,1.99
5647,5647,Sil,CGWB,24,Gujarat,448,Junagadh,MANGROL,MANGROL,Sil,-,-,-,-,-,-,21.18555556,70.04638889,,30-11-2021 06:00,2.34
5648,5648,Sil,CGWB,24,Gujarat,448,Junagadh,MANGROL,MANGROL,Sil,-,-,-,-,-,-,21.18555556,70.04638889,,30-05-2022 06:00,4.74
5649,5649,Sil,CGWB,24,Gujarat,448,Junagadh,MANGROL,MANGROL,Sil,-,-,-,-,-,-,21.18555556,70.04638889,,30-08-2022 06:00,2.57
5650,5650,Sil,CGWB,24,Gujarat,448,Junagadh,MANGROL,MANGROL,Sil,-,-,-,-,-,-,21.18555556,70.04638889,,10-11-2022 06:00,3.86
5651,5651,Sil,CGWB,24,Gujarat,448,Junagadh,MANGROL,MANGROL,Sil,-,-,-,-,-,-,21.18555556,70.04638889,,30-05-2023 10:00,5.04
5652,5652,Sil bandar,CGWB,24,Gujarat,448,Junagadh,MANGROL,MANGROL,Sil bandar,-,-,-,-,-,-,21.22361111,70.05555556,,10-01-2021 00:00,2.93
5653,5653,Sil bandar,CGWB,24,Gujarat,448,Junagadh,MANGROL,MANGROL,Sil bandar,-,-,-,-,-,-,21.22361111,70.05555556,,31-08-2021 06:00,1.94
5654,5654,Sil bandar,CGWB,24,Gujarat,448,Junagadh,MANGROL,MANGROL,Sil bandar,-,-,-,-,-,-,21.22361111,70.05555556,,30-11-2021 06:00,2.87
5655,5655,Sil bandar,CGWB,24,Gujarat,448,Junagadh,MANGROL,MANGROL,Sil bandar,-,-,-,-,-,-,21.22361111,70.05555556,,30-01-2022 07:00,5.58
5656,5656,Sil bandar,CGWB,24,Gujarat,448,Junagadh,MANGROL,MANGROL,Sil bandar,-,-,-,-,-,-,21.22361111,70.05555556,,30-08-2022 06:00,3.39
5657,5657,Sil bandar,CGWB,24,Gujarat,448,Junagadh,MANGROL,MANGROL,Sil bandar,-,-,-,-,-,-,21.22361111,70.05555556,,10-11-2022 06:00,2.79
5658,5658,Sil bandar,CGWB,24,Gujarat,448,Junagadh,MANGROL,MANGROL,Sil bandar,-,-,-,-,-,-,21.22361111,70.05555556,,30-05-2023 10:00,3.37
5659,5659,Silwad,CGWB,24,Gujarat,458,Sabarkantha,KHEDBRAHMA,KHEDBRAHMA,Silwad,-,-,-,-,-,-,24.00833333,73.11666667,,10-01-2021 00:00,5.85
5660,5660,Silwad,CGWB,24,Gujarat,458,Sabarkantha,KHEDBRAHMA,KHEDBRAHMA,Silwad,-,-,-,-,-,-,24.00833333,73.11666667,,31-08-2021 06:00,6.1
5661,5661,Silwad,CGWB,24,Gujarat,458,Sabarkantha,KHEDBRAHMA,KHEDBRAHMA,Silwad,-,-,-,-,-,-,24.00833333,73.11666667,,30-11-2021 06:00,4.8
5662,5662,Silwad,CGWB,24,Gujarat,458,Sabarkantha,KHEDBRAHMA,KHEDBRAHMA,Silwad,-,-,-,-,-,-,24.00833333,73.11666667,,30-01-2022 07:00,6
5663,5663,Silwad,CGWB,24,Gujarat,458,Sabarkantha,KHEDBRAHMA,KHEDBRAHMA,Silwad,-,-,-,-,-,-,24.00833333,73.11666667,,30-05-2022 06:00,10.4
5664,5664,Silwad,CGWB,24,Gujarat,458,Sabarkantha,KHEDBRAHMA,KHEDBRAHMA,Silwad,-,-,-,-,-,-,24.00833333,73.11666667,,30-08-2022 06:00,5.6
5665,5665,Silwad,CGWB,24,Gujarat,458,Sabarkantha,KHEDBRAHMA,KHEDBRAHMA,Silwad,-,-,-,-,-,-,24.00833333,73.11666667,,10-11-2022 06:00,4.35
5666,5666,Silwad,CGWB,24,Gujarat,458,Sabarkantha,KHEDBRAHMA,KHEDBRAHMA,Silwad,-,-,-,-,-,-,24.00833333,73.11666667,,10-01-2023 18:00,4.93
5667,5667,Silwad,CGWB,24,Gujarat,458,Sabarkantha,KHEDBRAHMA,KHEDBRAHMA,Silwad,-,-,-,-,-,-,24.00833333,73.11666667,,30-05-2023 10:00,11.22
5668,5668,Simar,CGWB,24,Gujarat,456,Porbandar,PORBANDAR,PORBANDAR,Simar,-,-,-,-,-,-,21.94694444,69.68583333,,10-01-2021 00:00,5.12
5669,5669,Simar,CGWB,24,Gujarat,456,Porbandar,PORBANDAR,PORBANDAR,Simar,-,-,-,-,-,-,21.94694444,69.68583333,,31-08-2021 06:00,6.05
5670,5670,Simar,CGWB,24,Gujarat,456,Porbandar,PORBANDAR,PORBANDAR,Simar,-,-,-,-,-,-,21.94694444,69.68583333,,30-11-2021 06:00,1.1
5671,5671,Simar,CGWB,24,Gujarat,456,Porbandar,PORBANDAR,PORBANDAR,Simar,-,-,-,-,-,-,21.94694444,69.68583333,,30-01-2022 07:00,5.17
5672,5672,Simar,CGWB,24,Gujarat,456,Porbandar,PORBANDAR,PORBANDAR,Simar,-,-,-,-,-,-,21.94694444,69.68583333,,30-05-2022 06:00,8
5673,5673,Simar,CGWB,24,Gujarat,456,Porbandar,PORBANDAR,PORBANDAR,Simar,-,-,-,-,-,-,21.94694444,69.68583333,,30-08-2022 06:00,7.39
5674,5674,Simar,CGWB,24,Gujarat,456,Porbandar,PORBANDAR,PORBANDAR,Simar,-,-,-,-,-,-,21.94694444,69.68583333,,10-11-2022 06:00,7.65
5675,5675,Simar,CGWB,24,Gujarat,456,Porbandar,PORBANDAR,PORBANDAR,Simar,-,-,-,-,-,-,21.94694444,69.68583333,,30-05-2023 10:00,15.6
5676,5676,Simiran,CGWB,24,Gujarat,439,Amreli,KUNDLA-SAVAR,KUNDLA-SAVAR,Simiran,-,-,-,-,-,-,21.43750000,71.29166667,,30-08-2022 06:00,12.43
5677,5677,Simodra,CGWB,24,Gujarat,442,Bharuch,JHAGADIA,JHAGADIA,Simodra,-,-,-,-,-,-,21.74166667,73.20833333,,31-08-2021 06:00,9.68
5678,5678,Simodra,CGWB,24,Gujarat,442,Bharuch,JHAGADIA,JHAGADIA,Simodra,-,-,-,-,-,-,21.74166667,73.20833333,,30-11-2021 06:00,9.68
5679,5679,Simodra,CGWB,24,Gujarat,442,Bharuch,JHAGADIA,JHAGADIA,Simodra,-,-,-,-,-,-,21.74166667,73.20833333,,30-01-2022 07:00,2.7
5680,5680,Simodra,CGWB,24,Gujarat,442,Bharuch,JHAGADIA,JHAGADIA,Simodra,-,-,-,-,-,-,21.74166667,73.20833333,,30-08-2022 06:00,7.67
5681,5681,Sindhav,CGWB,24,Gujarat,442,Bharuch,JAMBUSAR,JAMBUSAR,Sindhav,-,-,-,-,-,-,22.02694444,72.63611111,,10-01-2021 00:00,4.38
5682,5682,Sindhav,CGWB,24,Gujarat,442,Bharuch,JAMBUSAR,JAMBUSAR,Sindhav,-,-,-,-,-,-,22.02694444,72.63611111,,31-08-2021 06:00,7.43
5683,5683,Sindhav,CGWB,24,Gujarat,442,Bharuch,JAMBUSAR,JAMBUSAR,Sindhav,-,-,-,-,-,-,22.02694444,72.63611111,,30-11-2021 06:00,4.63
5684,5684,Sindhav,CGWB,24,Gujarat,442,Bharuch,JAMBUSAR,JAMBUSAR,Sindhav,-,-,-,-,-,-,22.02694444,72.63611111,,30-01-2022 07:00,4.48
5685,5685,Sindhav,CGWB,24,Gujarat,442,Bharuch,JAMBUSAR,JAMBUSAR,Sindhav,-,-,-,-,-,-,22.02694444,72.63611111,,30-05-2022 06:00,7.53
5686,5686,Sindhav,CGWB,24,Gujarat,442,Bharuch,JAMBUSAR,JAMBUSAR,Sindhav,-,-,-,-,-,-,22.02694444,72.63611111,,30-08-2022 06:00,4.58
5687,5687,Sindhav,CGWB,24,Gujarat,442,Bharuch,JAMBUSAR,JAMBUSAR,Sindhav,-,-,-,-,-,-,22.02694444,72.63611111,,10-11-2022 06:00,2.4
5688,5688,Sindhav,CGWB,24,Gujarat,442,Bharuch,JAMBUSAR,JAMBUSAR,Sindhav,-,-,-,-,-,-,22.02694444,72.63611111,,30-05-2023 10:00,7.7099996
5689,5689,Sindhavadar,CGWB,24,Gujarat,457,Rajkot,WANKANER,WANKANER,Sindhavadar,-,-,-,-,-,-,22.55000000,70.89166667,,10-01-2021 00:00,5.6
5690,5690,Sindhavadar,CGWB,24,Gujarat,457,Rajkot,WANKANER,WANKANER,Sindhavadar,-,-,-,-,-,-,22.55000000,70.89166667,,31-08-2021 06:00,7.56
5691,5691,Sindhavadar,CGWB,24,Gujarat,457,Rajkot,WANKANER,WANKANER,Sindhavadar,-,-,-,-,-,-,22.55000000,70.89166667,,30-11-2021 06:00,5.98
5692,5692,Sindhavadar,CGWB,24,Gujarat,457,Rajkot,WANKANER,WANKANER,Sindhavadar,-,-,-,-,-,-,22.55000000,70.89166667,,30-01-2022 07:00,8.36
5693,5693,Sindhavadar,CGWB,24,Gujarat,457,Rajkot,WANKANER,WANKANER,Sindhavadar,-,-,-,-,-,-,22.55000000,70.89166667,,30-05-2022 06:00,10.5
5694,5694,Sindhavadar,CGWB,24,Gujarat,457,Rajkot,WANKANER,WANKANER,Sindhavadar,-,-,-,-,-,-,22.55000000,70.89166667,,30-08-2022 06:00,6.25
5695,5695,Sindhavadar,CGWB,24,Gujarat,457,Rajkot,WANKANER,WANKANER,Sindhavadar,-,-,-,-,-,-,22.55000000,70.89166667,,10-11-2022 06:00,8.9
5696,5696,Sindhavadar,CGWB,24,Gujarat,457,Rajkot,WANKANER,WANKANER,Sindhavadar,-,-,-,-,-,-,22.55000000,70.89166667,,30-05-2023 10:00,12.950001
5697,5697,Sinor,CGWB,24,Gujarat,461,Vadodara,SINOR,SINOR,Sinor,-,-,-,-,-,-,21.91250000,73.34166667,,10-01-2021 00:00,22.1
5698,5698,Sinor,CGWB,24,Gujarat,461,Vadodara,SINOR,SINOR,Sinor,-,-,-,-,-,-,21.91250000,73.34166667,,31-08-2021 06:00,22.9
5699,5699,Sinor,CGWB,24,Gujarat,461,Vadodara,SINOR,SINOR,Sinor,-,-,-,-,-,-,21.91250000,73.34166667,,30-11-2021 06:00,23.1
5700,5700,Sinor,CGWB,24,Gujarat,461,Vadodara,SINOR,SINOR,Sinor,-,-,-,-,-,-,21.91250000,73.34166667,,30-05-2022 06:00,15.59
5701,5701,Sinor,CGWB,24,Gujarat,461,Vadodara,SINOR,SINOR,Sinor,-,-,-,-,-,-,21.91250000,73.34166667,,30-08-2022 06:00,19.46
5702,5702,Sinor,CGWB,24,Gujarat,461,Vadodara,SINOR,SINOR,Sinor,-,-,-,-,-,-,21.91250000,73.34166667,,10-11-2022 06:00,14.15
5703,5703,Sinor,CGWB,24,Gujarat,461,Vadodara,SINOR,SINOR,Sinor,-,-,-,-,-,-,21.91250000,73.34166667,,30-05-2023 10:00,23.63
5704,5704,Sodapur,CGWB,24,Gujarat,441,Banaskantha,DEESA,DEESA,Sodapur,-,-,-,-,-,-,24.40138889,72.29583333,,10-01-2021 00:00,16.47
5705,5705,Sodapur,CGWB,24,Gujarat,441,Banaskantha,DEESA,DEESA,Sodapur,-,-,-,-,-,-,24.40138889,72.29583333,,31-08-2021 06:00,22.64
5706,5706,Sodapur,CGWB,24,Gujarat,441,Banaskantha,DEESA,DEESA,Sodapur,-,-,-,-,-,-,24.40138889,72.29583333,,30-11-2021 06:00,21.42
5707,5707,Sodapur,CGWB,24,Gujarat,441,Banaskantha,DEESA,DEESA,Sodapur,-,-,-,-,-,-,24.40138889,72.29583333,,30-08-2022 06:00,10.39
5708,5708,Sodapur,CGWB,24,Gujarat,441,Banaskantha,DEESA,DEESA,Sodapur,-,-,-,-,-,-,24.40138889,72.29583333,,10-11-2022 06:00,16.74
5709,5709,Sodapur,CGWB,24,Gujarat,441,Banaskantha,DEESA,DEESA,Sodapur,-,-,-,-,-,-,24.40138889,72.29583333,,01-01-2023 00:00,17.71
5710,5710,Sodmal,CGWB,24,Gujarat,444,Dang,The dangs,The dangs,Sodmal,-,-,-,-,-,-,20.86666667,73.61666667,,10-01-2021 00:00,1.81
5711,5711,Sodmal,CGWB,24,Gujarat,444,Dang,The dangs,The dangs,Sodmal,-,-,-,-,-,-,20.86666667,73.61666667,,31-08-2021 06:00,5.22
5712,5712,Sodmal,CGWB,24,Gujarat,444,Dang,The dangs,The dangs,Sodmal,-,-,-,-,-,-,20.86666667,73.61666667,,30-11-2021 06:00,4.65
5713,5713,Sodmal,CGWB,24,Gujarat,444,Dang,The dangs,The dangs,Sodmal,-,-,-,-,-,-,20.86666667,73.61666667,,30-01-2022 07:00,5.45
5714,5714,Sodmal,CGWB,24,Gujarat,444,Dang,The dangs,The dangs,Sodmal,-,-,-,-,-,-,20.86666667,73.61666667,,30-05-2022 06:00,11.6
5715,5715,Sodmal,CGWB,24,Gujarat,444,Dang,The dangs,The dangs,Sodmal,-,-,-,-,-,-,20.86666667,73.61666667,,30-08-2022 06:00,2.08
5716,5716,Sodmal,CGWB,24,Gujarat,444,Dang,The dangs,The dangs,Sodmal,-,-,-,-,-,-,20.86666667,73.61666667,,10-11-2022 06:00,2.5
5717,5717,Sodmal,CGWB,24,Gujarat,444,Dang,The dangs,The dangs,Sodmal,-,-,-,-,-,-,20.86666667,73.61666667,,30-05-2023 10:00,12.15
5718,5718,Sodmal,CGWB,24,Gujarat,444,Dang,The dangs,The dangs,Sodmal,-,-,-,-,-,-,20.86666667,73.61666667,,30-08-2023 18:00,2.15
5719,5719,Sola(HC)_Pz_I,CGWB,24,Gujarat,438,Ahmedabad,DASKROI,DASKROI,Sola,-,-,-,-,-,-,23.08111111,72.51361111,,31-08-2021 06:00,68.58
5720,5720,Sola(HC)_Pz_I,CGWB,24,Gujarat,438,Ahmedabad,DASKROI,DASKROI,Sola,-,-,-,-,-,-,23.08111111,72.51361111,,30-11-2021 06:00,68.53
5721,5721,Sola(HC)_Pz_I,CGWB,24,Gujarat,438,Ahmedabad,DASKROI,DASKROI,Sola,-,-,-,-,-,-,23.08111111,72.51361111,,30-01-2022 07:00,68.37
5722,5722,Sola(HC)_Pz_I,CGWB,24,Gujarat,438,Ahmedabad,DASKROI,DASKROI,Sola,-,-,-,-,-,-,23.08111111,72.51361111,,30-08-2022 06:00,67.41
5723,5723,Sola(HC)_Pz_I,CGWB,24,Gujarat,438,Ahmedabad,DASKROI,DASKROI,Sola,-,-,-,-,-,-,23.08111111,72.51361111,,10-11-2022 06:00,67.62
5724,5724,Sola(HC)_Pz_I,CGWB,24,Gujarat,438,Ahmedabad,DASKROI,DASKROI,Sola,-,-,-,-,-,-,23.08111111,72.51361111,,10-01-2023 18:00,69.01
5725,5725,Sola(HC)_Pz_I,CGWB,24,Gujarat,438,Ahmedabad,DASKROI,DASKROI,Sola,-,-,-,-,-,-,23.08111111,72.51361111,,30-05-2023 10:00,68.96
5726,5726,Soldi,CGWB,24,Gujarat,460,Surendranagar,DHRANGADHRA,DHRANGADHRA,Soldi,-,-,-,-,-,-,22.99388889,71.41555556,,30-05-2022 06:00,20.2
5727,5727,Subir,CGWB,24,Gujarat,444,Dang,The dangs,The dangs,Subir,-,-,-,-,-,-,20.92222222,73.58055556,,10-01-2021 00:00,1.17
5728,5728,Subir,CGWB,24,Gujarat,444,Dang,The dangs,The dangs,Subir,-,-,-,-,-,-,20.92222222,73.58055556,,31-08-2021 06:00,2.16
5729,5729,Subir,CGWB,24,Gujarat,444,Dang,The dangs,The dangs,Subir,-,-,-,-,-,-,20.92222222,73.58055556,,30-11-2021 06:00,2.4
5730,5730,Subir,CGWB,24,Gujarat,444,Dang,The dangs,The dangs,Subir,-,-,-,-,-,-,20.92222222,73.58055556,,30-01-2022 07:00,3
5731,5731,Subir,CGWB,24,Gujarat,444,Dang,The dangs,The dangs,Subir,-,-,-,-,-,-,20.92222222,73.58055556,,30-05-2022 06:00,8.1
5732,5732,Subir,CGWB,24,Gujarat,444,Dang,The dangs,The dangs,Subir,-,-,-,-,-,-,20.92222222,73.58055556,,30-08-2022 06:00,1.1
5733,5733,Subir,CGWB,24,Gujarat,444,Dang,The dangs,The dangs,Subir,-,-,-,-,-,-,20.92222222,73.58055556,,10-11-2022 06:00,1.1
5734,5734,Subir,CGWB,24,Gujarat,444,Dang,The dangs,The dangs,Subir,-,-,-,-,-,-,20.92222222,73.58055556,,30-05-2023 10:00,
5735,5735,Subir,CGWB,24,Gujarat,444,Dang,The dangs,The dangs,Subir,-,-,-,-,-,-,20.92222222,73.58055556,,30-08-2023 18:00,3.3
5736,5736,Sudamda,CGWB,24,Gujarat,460,Surendranagar,SAYLA,SAYLA,Sudamda,-,-,-,-,-,-,22.45416667,71.48500000,,10-01-2021 00:00,3.4
5737,5737,Sudamda,CGWB,24,Gujarat,460,Surendranagar,SAYLA,SAYLA,Sudamda,-,-,-,-,-,-,22.45416667,71.48500000,,31-08-2021 06:00,3.04
5738,5738,Sudamda,CGWB,24,Gujarat,460,Surendranagar,SAYLA,SAYLA,Sudamda,-,-,-,-,-,-,22.45416667,71.48500000,,30-11-2021 06:00,3.2
5739,5739,Sudamda,CGWB,24,Gujarat,460,Surendranagar,SAYLA,SAYLA,Sudamda,-,-,-,-,-,-,22.45416667,71.48500000,,30-01-2022 07:00,4.66
5740,5740,Sudamda,CGWB,24,Gujarat,460,Surendranagar,SAYLA,SAYLA,Sudamda,-,-,-,-,-,-,22.45416667,71.48500000,,30-05-2022 06:00,4.1
5741,5741,Sudamda,CGWB,24,Gujarat,460,Surendranagar,SAYLA,SAYLA,Sudamda,-,-,-,-,-,-,22.45416667,71.48500000,,30-08-2022 06:00,2.1
5742,5742,Sudamda,CGWB,24,Gujarat,460,Surendranagar,SAYLA,SAYLA,Sudamda,-,-,-,-,-,-,22.45416667,71.48500000,,10-11-2022 06:00,4.18
5743,5743,Sudamda,CGWB,24,Gujarat,460,Surendranagar,SAYLA,SAYLA,Sudamda,-,-,-,-,-,-,22.45416667,71.48500000,,30-05-2023 10:00,4.6
5744,5744,Sudana Vandh Pz I,CGWB,24,Gujarat,449,Kachchh,RAPAR,-,-,-,-,-,-,-,-,23.65388900,70.53888900,,31-08-2021 06:00,3.36
5745,5745,Sudana Vandh Pz I,CGWB,24,Gujarat,449,Kachchh,RAPAR,-,-,-,-,-,-,-,-,23.65388900,70.53888900,,30-11-2021 06:00,3.47
5746,5746,Sudana Vandh Pz I,CGWB,24,Gujarat,449,Kachchh,RAPAR,-,-,-,-,-,-,-,-,23.65388900,70.53888900,,30-01-2022 07:00,3.06
5747,5747,Sudana Vandh Pz I,CGWB,24,Gujarat,449,Kachchh,RAPAR,-,-,-,-,-,-,-,-,23.65388900,70.53888900,,30-05-2022 06:00,3.89
5748,5748,Sudana Vandh Pz I,CGWB,24,Gujarat,449,Kachchh,RAPAR,-,-,-,-,-,-,-,-,23.65388900,70.53888900,,30-08-2022 06:00,3.15
5749,5749,Sudana Vandh Pz I,CGWB,24,Gujarat,449,Kachchh,RAPAR,-,-,-,-,-,-,-,-,23.65388900,70.53888900,,10-11-2022 06:00,4.58
5750,5750,Sudana Vandh Pz I,CGWB,24,Gujarat,449,Kachchh,RAPAR,-,-,-,-,-,-,-,-,23.65388900,70.53888900,,30-05-2023 10:00,3.75
5751,5751,Sudana Vandh Pz II,CGWB,24,Gujarat,449,Kachchh,RAPAR,-,-,-,-,-,-,-,-,23.65388900,70.53888900,,31-08-2021 06:00,3.23
5752,5752,Sudana Vandh Pz II,CGWB,24,Gujarat,449,Kachchh,RAPAR,-,-,-,-,-,-,-,-,23.65388900,70.53888900,,30-11-2021 06:00,3.32
5753,5753,Sudana Vandh Pz II,CGWB,24,Gujarat,449,Kachchh,RAPAR,-,-,-,-,-,-,-,-,23.65388900,70.53888900,,30-01-2022 07:00,3.2
5754,5754,Sudana Vandh Pz II,CGWB,24,Gujarat,449,Kachchh,RAPAR,-,-,-,-,-,-,-,-,23.65388900,70.53888900,,30-05-2022 06:00,4.07
5755,5755,Sudana Vandh Pz II,CGWB,24,Gujarat,449,Kachchh,RAPAR,-,-,-,-,-,-,-,-,23.65388900,70.53888900,,30-08-2022 06:00,3.05
5756,5756,Sudana Vandh Pz II,CGWB,24,Gujarat,449,Kachchh,RAPAR,-,-,-,-,-,-,-,-,23.65388900,70.53888900,,10-11-2022 06:00,4.46
5757,5757,Sudana Vandh Pz II,CGWB,24,Gujarat,449,Kachchh,RAPAR,-,-,-,-,-,-,-,-,23.65388900,70.53888900,,30-05-2023 10:00,3.84
5758,5758,Sukhpar,CGWB,24,Gujarat,449,Kachchh,BHUJ,BHUJ,Sukhpar,-,-,-,-,-,-,23.20833333,69.61666667,,10-01-2021 00:00,11.85
5759,5759,Sukhpar,CGWB,24,Gujarat,449,Kachchh,BHUJ,BHUJ,Sukhpar,-,-,-,-,-,-,23.20833333,69.61666667,,31-08-2021 06:00,13
5760,5760,Sukhpar,CGWB,24,Gujarat,449,Kachchh,BHUJ,BHUJ,Sukhpar,-,-,-,-,-,-,23.20833333,69.61666667,,30-11-2021 06:00,11.08
5761,5761,Sukhpar,CGWB,24,Gujarat,449,Kachchh,BHUJ,BHUJ,Sukhpar,-,-,-,-,-,-,23.20833333,69.61666667,,30-01-2022 07:00,13.15
5762,5762,Sukhpar,CGWB,24,Gujarat,449,Kachchh,BHUJ,BHUJ,Sukhpar,-,-,-,-,-,-,23.20833333,69.61666667,,30-05-2022 06:00,13.95
5763,5763,Sukhpar,CGWB,24,Gujarat,449,Kachchh,BHUJ,BHUJ,Sukhpar,-,-,-,-,-,-,23.20833333,69.61666667,,30-08-2022 06:00,13.6
5764,5764,Sukhpar,CGWB,24,Gujarat,449,Kachchh,BHUJ,BHUJ,Sukhpar,-,-,-,-,-,-,23.20833333,69.61666667,,10-11-2022 06:00,12.75
5765,5765,Sukhpar,CGWB,24,Gujarat,449,Kachchh,BHUJ,BHUJ,Sukhpar,-,-,-,-,-,-,23.20833333,69.61666667,,30-05-2023 10:00,13.29
5766,5766,Sukhpar1,CGWB,24,Gujarat,460,Surendranagar,HALVAD,HALVAD,Sukhpar,-,-,-,-,-,-,23.00833333,71.28333333,,10-01-2021 00:00,1.82
5767,5767,Sukhsar,CGWB,24,Gujarat,445,Dohad,FATEPURA,FATEPURA,Sukhsar,-,-,-,-,-,-,23.15000000,74.05000000,,10-01-2021 00:00,7.55
5768,5768,Sukhsar,CGWB,24,Gujarat,445,Dohad,FATEPURA,FATEPURA,Sukhsar,-,-,-,-,-,-,23.15000000,74.05000000,,31-08-2021 06:00,6.39
5769,5769,Sukhsar,CGWB,24,Gujarat,445,Dohad,FATEPURA,FATEPURA,Sukhsar,-,-,-,-,-,-,23.15000000,74.05000000,,30-11-2021 06:00,6.2
5770,5770,Sukhsar,CGWB,24,Gujarat,445,Dohad,FATEPURA,FATEPURA,Sukhsar,-,-,-,-,-,-,23.15000000,74.05000000,,30-01-2022 07:00,6
5771,5771,Sukhsar,CGWB,24,Gujarat,445,Dohad,FATEPURA,FATEPURA,Sukhsar,-,-,-,-,-,-,23.15000000,74.05000000,,30-05-2022 06:00,10.55
5772,5772,Sukhsar,CGWB,24,Gujarat,445,Dohad,FATEPURA,FATEPURA,Sukhsar,-,-,-,-,-,-,23.15000000,74.05000000,,30-08-2022 06:00,4.47
5773,5773,Sukhsar,CGWB,24,Gujarat,445,Dohad,FATEPURA,FATEPURA,Sukhsar,-,-,-,-,-,-,23.15000000,74.05000000,,10-11-2022 06:00,5.01
5774,5774,Sukhsar,CGWB,24,Gujarat,445,Dohad,FATEPURA,FATEPURA,Sukhsar,-,-,-,-,-,-,23.15000000,74.05000000,,30-05-2023 10:00,8.55
5775,5775,Suliyat,CGWB,24,Gujarat,454,Panchmahals,MORWA (HADAF),MORWA (HADAF),Suliyat,-,-,-,-,-,-,23.06222222,73.85083333,,10-01-2021 00:00,21.7
5776,5776,Suliyat,CGWB,24,Gujarat,454,Panchmahals,MORWA (HADAF),MORWA (HADAF),Suliyat,-,-,-,-,-,-,23.06222222,73.85083333,,31-08-2021 06:00,15.6
5777,5777,Suliyat,CGWB,24,Gujarat,454,Panchmahals,MORWA (HADAF),MORWA (HADAF),Suliyat,-,-,-,-,-,-,23.06222222,73.85083333,,30-11-2021 06:00,13.9
5778,5778,Suliyat,CGWB,24,Gujarat,454,Panchmahals,MORWA (HADAF),MORWA (HADAF),Suliyat,-,-,-,-,-,-,23.06222222,73.85083333,,30-01-2022 07:00,15.7
5779,5779,Suliyat,CGWB,24,Gujarat,454,Panchmahals,MORWA (HADAF),MORWA (HADAF),Suliyat,-,-,-,-,-,-,23.06222222,73.85083333,,30-05-2022 06:00,21.15
5780,5780,Suliyat,CGWB,24,Gujarat,454,Panchmahals,MORWA (HADAF),MORWA (HADAF),Suliyat,-,-,-,-,-,-,23.06222222,73.85083333,,30-08-2022 06:00,5.66
5781,5781,Suliyat,CGWB,24,Gujarat,454,Panchmahals,MORWA (HADAF),MORWA (HADAF),Suliyat,-,-,-,-,-,-,23.06222222,73.85083333,,10-11-2022 06:00,21.02
5782,5782,Suliyat,CGWB,24,Gujarat,454,Panchmahals,MORWA (HADAF),MORWA (HADAF),Suliyat,-,-,-,-,-,-,23.06222222,73.85083333,,10-01-2023 18:00,21.78
5783,5783,Suliyat,CGWB,24,Gujarat,454,Panchmahals,MORWA (HADAF),MORWA (HADAF),Suliyat,-,-,-,-,-,-,23.06222222,73.85083333,,30-05-2023 10:00,
5784,5784,Sultanabad,CGWB,24,Gujarat,459,Surat,CHORASI,CHORASI,Sultanabad,-,-,-,-,-,-,21.09166667,72.72500000,,10-01-2021 00:00,4.83
5785,5785,Sultanabad,CGWB,24,Gujarat,459,Surat,CHORASI,CHORASI,Sultanabad,-,-,-,-,-,-,21.09166667,72.72500000,,31-08-2021 06:00,4.31
5786,5786,Sultanabad,CGWB,24,Gujarat,459,Surat,CHORASI,CHORASI,Sultanabad,-,-,-,-,-,-,21.09166667,72.72500000,,30-11-2021 06:00,4.51
5787,5787,Sultanabad,CGWB,24,Gujarat,459,Surat,CHORASI,CHORASI,Sultanabad,-,-,-,-,-,-,21.09166667,72.72500000,,30-01-2022 07:00,4.81
5788,5788,Sultanabad,CGWB,24,Gujarat,459,Surat,CHORASI,CHORASI,Sultanabad,-,-,-,-,-,-,21.09166667,72.72500000,,30-05-2022 06:00,5.56
5789,5789,Sultanabad,CGWB,24,Gujarat,459,Surat,CHORASI,CHORASI,Sultanabad,-,-,-,-,-,-,21.09166667,72.72500000,,30-08-2022 06:00,1.88
5790,5790,Sultanabad,CGWB,24,Gujarat,459,Surat,CHORASI,CHORASI,Sultanabad,-,-,-,-,-,-,21.09166667,72.72500000,,10-11-2022 06:00,4.43
5791,5791,Sultanabad,CGWB,24,Gujarat,459,Surat,CHORASI,CHORASI,Sultanabad,-,-,-,-,-,-,21.09166667,72.72500000,,30-05-2023 10:00,4.51
5792,5792,Sultanabad,CGWB,24,Gujarat,459,Surat,CHORASI,CHORASI,Sultanabad,-,-,-,-,-,-,21.09166667,72.72500000,,30-08-2023 18:00,4.26
5793,5793,Sumana,CGWB,24,Gujarat,447,Jamnagar,JAMJODHPUR,JAMJODHPUR,Sumana,-,-,-,-,-,-,22.10833333,70.16666667,,10-01-2021 00:00,4.35
5794,5794,Sunderpura_Pz,CGWB,24,Gujarat,452,Narmada,NANDOD,NANDOD,Sunderpura,-,-,-,-,-,-,21.83888889,73.53472222,,10-01-2021 00:00,29.15
5795,5795,Sunderpura_Pz,CGWB,24,Gujarat,452,Narmada,NANDOD,NANDOD,Sunderpura,-,-,-,-,-,-,21.83888889,73.53472222,,31-08-2021 06:00,31.05
5796,5796,Sunderpura_Pz,CGWB,24,Gujarat,452,Narmada,NANDOD,NANDOD,Sunderpura,-,-,-,-,-,-,21.83888889,73.53472222,,30-11-2021 06:00,30.38
5797,5797,Sundhia Pz,CGWB,24,Gujarat,451,Mahesana,VADNAGAR,-,-,-,-,-,-,-,-,23.84361111,72.56472222,,30-08-2022 06:00,85.9
5798,5798,Suraj,CGWB,24,Gujarat,451,Mahesana,KADI,KADI,Suraj,-,-,-,-,-,-,23.38972222,72.30666667,,10-01-2021 00:00,25.34
5799,5799,Suraj,CGWB,24,Gujarat,451,Mahesana,KADI,KADI,Suraj,-,-,-,-,-,-,23.38972222,72.30666667,,30-05-2022 06:00,23.1
5800,5800,Suraj,CGWB,24,Gujarat,451,Mahesana,KADI,KADI,Suraj,-,-,-,-,-,-,23.38972222,72.30666667,,30-08-2022 06:00,17.57
5801,5801,Suraj,CGWB,24,Gujarat,451,Mahesana,KADI,KADI,Suraj,-,-,-,-,-,-,23.38972222,72.30666667,,10-11-2022 06:00,21.25
5802,5802,Surendranagar,CGWB,24,Gujarat,460,Surendranagar,WADHWAN,WADHWAN,Surendranagar,-,-,-,-,-,-,22.72361111,71.67083333,,10-01-2021 00:00,1.28
5803,5803,Surendranagar,CGWB,24,Gujarat,460,Surendranagar,WADHWAN,WADHWAN,Surendranagar,-,-,-,-,-,-,22.72361111,71.67083333,,31-08-2021 06:00,0.15
5804,5804,Surendranagar,CGWB,24,Gujarat,460,Surendranagar,WADHWAN,WADHWAN,Surendranagar,-,-,-,-,-,-,22.72361111,71.67083333,,30-11-2021 06:00,1.05
5805,5805,Surendranagar,CGWB,24,Gujarat,460,Surendranagar,WADHWAN,WADHWAN,Surendranagar,-,-,-,-,-,-,22.72361111,71.67083333,,30-01-2022 07:00,1.34
5806,5806,Surendranagar,CGWB,24,Gujarat,460,Surendranagar,WADHWAN,WADHWAN,Surendranagar,-,-,-,-,-,-,22.72361111,71.67083333,,30-05-2022 06:00,2.02
5807,5807,Surendranagar,CGWB,24,Gujarat,460,Surendranagar,WADHWAN,WADHWAN,Surendranagar,-,-,-,-,-,-,22.72361111,71.67083333,,30-08-2022 06:00,0.48
5808,5808,Surendranagar,CGWB,24,Gujarat,460,Surendranagar,WADHWAN,WADHWAN,Surendranagar,-,-,-,-,-,-,22.72361111,71.67083333,,10-11-2022 06:00,1.56
5809,5809,Surendranagar,CGWB,24,Gujarat,460,Surendranagar,WADHWAN,WADHWAN,Surendranagar,-,-,-,-,-,-,22.72361111,71.67083333,,30-05-2023 10:00,1.9999999
5810,5810,Surendranagar2,CGWB,24,Gujarat,460,Surendranagar,WADHWAN,WADHWAN,Surendranagar,-,-,-,-,-,-,22.71666667,71.60833333,,31-08-2021 06:00,2.3
5811,5811,Surendranagar2,CGWB,24,Gujarat,460,Surendranagar,WADHWAN,WADHWAN,Surendranagar,-,-,-,-,-,-,22.71666667,71.60833333,,30-11-2021 06:00,5
5812,5812,Surendranagar2,CGWB,24,Gujarat,460,Surendranagar,WADHWAN,WADHWAN,Surendranagar,-,-,-,-,-,-,22.71666667,71.60833333,,30-01-2022 07:00,5.11
5813,5813,Surendranagar2,CGWB,24,Gujarat,460,Surendranagar,WADHWAN,WADHWAN,Surendranagar,-,-,-,-,-,-,22.71666667,71.60833333,,30-05-2022 06:00,3.8
5814,5814,Surendranagar2,CGWB,24,Gujarat,460,Surendranagar,WADHWAN,WADHWAN,Surendranagar,-,-,-,-,-,-,22.71666667,71.60833333,,30-08-2022 06:00,0.93
5815,5815,Surendranagar2,CGWB,24,Gujarat,460,Surendranagar,WADHWAN,WADHWAN,Surendranagar,-,-,-,-,-,-,22.71666667,71.60833333,,10-11-2022 06:00,9.42
5816,5816,Surendranagar2,CGWB,24,Gujarat,460,Surendranagar,WADHWAN,WADHWAN,Surendranagar,-,-,-,-,-,-,22.71666667,71.60833333,,30-05-2023 10:00,4.3
5817,5817,Suthri,CGWB,24,Gujarat,449,Kachchh,ABDASA,ABDASA,Suthri,-,-,-,-,-,-,23.03388889,68.91527778,,10-01-2021 00:00,10.15
5818,5818,Suthri,CGWB,24,Gujarat,449,Kachchh,ABDASA,ABDASA,Suthri,-,-,-,-,-,-,23.03388889,68.91527778,,31-08-2021 06:00,10.9
5819,5819,Suthri,CGWB,24,Gujarat,449,Kachchh,ABDASA,ABDASA,Suthri,-,-,-,-,-,-,23.03388889,68.91527778,,10-11-2022 06:00,0.26
5820,5820,Tagadi1,CGWB,24,Gujarat,438,Ahmedabad,DHANDHUKA,DHANDHUKA,Tagadi,-,-,-,-,-,-,22.29583333,71.94722222,,10-01-2021 00:00,2.97
5821,5821,Tagadi1,CGWB,24,Gujarat,438,Ahmedabad,DHANDHUKA,DHANDHUKA,Tagadi,-,-,-,-,-,-,22.29583333,71.94722222,,31-08-2021 06:00,8.03
5822,5822,Tagadi1,CGWB,24,Gujarat,438,Ahmedabad,DHANDHUKA,DHANDHUKA,Tagadi,-,-,-,-,-,-,22.29583333,71.94722222,,30-11-2021 06:00,1.06
5823,5823,Tagadi1,CGWB,24,Gujarat,438,Ahmedabad,DHANDHUKA,DHANDHUKA,Tagadi,-,-,-,-,-,-,22.29583333,71.94722222,,30-01-2022 07:00,0.27
5824,5824,Tagadi1,CGWB,24,Gujarat,438,Ahmedabad,DHANDHUKA,DHANDHUKA,Tagadi,-,-,-,-,-,-,22.29583333,71.94722222,,30-05-2022 06:00,4.57
5825,5825,Tagadi1,CGWB,24,Gujarat,438,Ahmedabad,DHANDHUKA,DHANDHUKA,Tagadi,-,-,-,-,-,-,22.29583333,71.94722222,,30-08-2022 06:00,0.75
5826,5826,Tagadi1,CGWB,24,Gujarat,438,Ahmedabad,DHANDHUKA,DHANDHUKA,Tagadi,-,-,-,-,-,-,22.29583333,71.94722222,,10-11-2022 06:00,1.28
5827,5827,Tagadi1,CGWB,24,Gujarat,438,Ahmedabad,DHANDHUKA,DHANDHUKA,Tagadi,-,-,-,-,-,-,22.29583333,71.94722222,,01-01-2023 00:00,5.1
5828,5828,Tagadi1,CGWB,24,Gujarat,438,Ahmedabad,DHANDHUKA,DHANDHUKA,Tagadi,-,-,-,-,-,-,22.29583333,71.94722222,,10-01-2023 18:00,3.27
5829,5829,Tagadi1,CGWB,24,Gujarat,438,Ahmedabad,DHANDHUKA,DHANDHUKA,Tagadi,-,-,-,-,-,-,22.29583333,71.94722222,,30-05-2023 10:00,9.51
5830,5830,Tajpur,CGWB,24,Gujarat,439,Amreli,LATHI,LATHI,Tajpur,-,-,-,-,-,-,21.72500000,71.46666667,,10-01-2021 00:00,3.07
5831,5831,Tajpur,CGWB,24,Gujarat,439,Amreli,LATHI,LATHI,Tajpur,-,-,-,-,-,-,21.72500000,71.46666667,,31-08-2021 06:00,15.02
5832,5832,Tajpur,CGWB,24,Gujarat,439,Amreli,LATHI,LATHI,Tajpur,-,-,-,-,-,-,21.72500000,71.46666667,,30-11-2021 06:00,7.38
5833,5833,Tajpur,CGWB,24,Gujarat,439,Amreli,LATHI,LATHI,Tajpur,-,-,-,-,-,-,21.72500000,71.46666667,,30-01-2022 07:00,9.05
5834,5834,Tajpur,CGWB,24,Gujarat,439,Amreli,LATHI,LATHI,Tajpur,-,-,-,-,-,-,21.72500000,71.46666667,,30-05-2022 06:00,20.29
5835,5835,Tajpur,CGWB,24,Gujarat,439,Amreli,LATHI,LATHI,Tajpur,-,-,-,-,-,-,21.72500000,71.46666667,,30-08-2022 06:00,2.77
5836,5836,Tajpur,CGWB,24,Gujarat,439,Amreli,LATHI,LATHI,Tajpur,-,-,-,-,-,-,21.72500000,71.46666667,,10-11-2022 06:00,11.83
5837,5837,Tajpur,CGWB,24,Gujarat,439,Amreli,LATHI,LATHI,Tajpur,-,-,-,-,-,-,21.72500000,71.46666667,,30-05-2023 10:00,24.16
5838,5838,Takatuka,CGWB,24,Gujarat,458,Sabarkantha,BHILODA,BHILODA,Takatuka,-,-,-,-,-,-,23.84722222,73.30833333,,10-01-2021 00:00,9.02
5839,5839,Takatuka_1,CGWB,24,Gujarat,458,Sabarkantha,BHILODA,BHILODA,Takatuka,-,-,-,-,-,-,23.85138889,73.30500000,,31-08-2021 06:00,14.1
5840,5840,Takatuka_1,CGWB,24,Gujarat,458,Sabarkantha,BHILODA,BHILODA,Takatuka,-,-,-,-,-,-,23.85138889,73.30500000,,30-11-2021 06:00,15.35
5841,5841,Takatuka_1,CGWB,24,Gujarat,458,Sabarkantha,BHILODA,BHILODA,Takatuka,-,-,-,-,-,-,23.85138889,73.30500000,,30-01-2022 07:00,13.3
5842,5842,Takatuka_1,CGWB,24,Gujarat,458,Sabarkantha,BHILODA,BHILODA,Takatuka,-,-,-,-,-,-,23.85138889,73.30500000,,30-05-2022 06:00,32.8
5843,5843,Takatuka_1,CGWB,24,Gujarat,458,Sabarkantha,BHILODA,BHILODA,Takatuka,-,-,-,-,-,-,23.85138889,73.30500000,,30-08-2022 06:00,1.04
5844,5844,Takatuka_1,CGWB,24,Gujarat,458,Sabarkantha,BHILODA,BHILODA,Takatuka,-,-,-,-,-,-,23.85138889,73.30500000,,10-11-2022 06:00,4.14
5845,5845,Takatuka_1,CGWB,24,Gujarat,458,Sabarkantha,BHILODA,BHILODA,Takatuka,-,-,-,-,-,-,23.85138889,73.30500000,,10-01-2023 18:00,4.59
5846,5846,Takatuka_1,CGWB,24,Gujarat,458,Sabarkantha,BHILODA,BHILODA,Takatuka,-,-,-,-,-,-,23.85138889,73.30500000,,30-05-2023 10:00,25.08
5847,5847,Talaja2,CGWB,24,Gujarat,443,Bhavnagar,TALAJA,TALAJA,Talaja,-,-,-,-,-,-,21.36666667,72.01666667,,10-01-2021 00:00,3.58
5848,5848,Talaja2,CGWB,24,Gujarat,443,Bhavnagar,TALAJA,TALAJA,Talaja,-,-,-,-,-,-,21.36666667,72.01666667,,31-08-2021 06:00,2.25
5849,5849,Talaja2,CGWB,24,Gujarat,443,Bhavnagar,TALAJA,TALAJA,Talaja,-,-,-,-,-,-,21.36666667,72.01666667,,30-11-2021 06:00,1.68
5850,5850,Talaja2,CGWB,24,Gujarat,443,Bhavnagar,TALAJA,TALAJA,Talaja,-,-,-,-,-,-,21.36666667,72.01666667,,30-01-2022 07:00,2.75
5851,5851,Talaja2,CGWB,24,Gujarat,443,Bhavnagar,TALAJA,TALAJA,Talaja,-,-,-,-,-,-,21.36666667,72.01666667,,30-05-2022 06:00,5.03
5852,5852,Talaja2,CGWB,24,Gujarat,443,Bhavnagar,TALAJA,TALAJA,Talaja,-,-,-,-,-,-,21.36666667,72.01666667,,30-08-2022 06:00,2.55
5853,5853,Talaja2,CGWB,24,Gujarat,443,Bhavnagar,TALAJA,TALAJA,Talaja,-,-,-,-,-,-,21.36666667,72.01666667,,10-11-2022 06:00,3.98
5854,5854,Talaja2,CGWB,24,Gujarat,443,Bhavnagar,TALAJA,TALAJA,Talaja,-,-,-,-,-,-,21.36666667,72.01666667,,30-05-2023 10:00,9.139999
5855,5855,Talala1,CGWB,24,Gujarat,448,Junagadh,TALALA,TALALA,Talala,-,-,-,-,-,-,21.05138889,70.52500000,,10-01-2021 00:00,8.58
5856,5856,Talala1,CGWB,24,Gujarat,448,Junagadh,TALALA,TALALA,Talala,-,-,-,-,-,-,21.05138889,70.52500000,,31-08-2021 06:00,5.59
5857,5857,Talala1,CGWB,24,Gujarat,448,Junagadh,TALALA,TALALA,Talala,-,-,-,-,-,-,21.05138889,70.52500000,,30-11-2021 06:00,4.24
5858,5858,Talala1,CGWB,24,Gujarat,448,Junagadh,TALALA,TALALA,Talala,-,-,-,-,-,-,21.05138889,70.52500000,,30-01-2022 07:00,5.25
5859,5859,Talala1,CGWB,24,Gujarat,448,Junagadh,TALALA,TALALA,Talala,-,-,-,-,-,-,21.05138889,70.52500000,,30-05-2022 06:00,10.5
5860,5860,Talala1,CGWB,24,Gujarat,448,Junagadh,TALALA,TALALA,Talala,-,-,-,-,-,-,21.05138889,70.52500000,,30-08-2022 06:00,3.01
5861,5861,Talala1,CGWB,24,Gujarat,448,Junagadh,TALALA,TALALA,Talala,-,-,-,-,-,-,21.05138889,70.52500000,,10-11-2022 06:00,4.66
5862,5862,Talala1,CGWB,24,Gujarat,448,Junagadh,TALALA,TALALA,Talala,-,-,-,-,-,-,21.05138889,70.52500000,,30-05-2023 10:00,10.3
5863,5863,Talala_Pz,CGWB,24,Gujarat,448,Junagadh,TALALA,TALALA,Talala,-,-,-,-,-,-,21.06388889,70.53833333,,10-01-2021 00:00,8.28
5864,5864,Talala_Pz,CGWB,24,Gujarat,448,Junagadh,TALALA,TALALA,Talala,-,-,-,-,-,-,21.06388889,70.53833333,,31-08-2021 06:00,8.68
5865,5865,Talala_Pz,CGWB,24,Gujarat,448,Junagadh,TALALA,TALALA,Talala,-,-,-,-,-,-,21.06388889,70.53833333,,30-11-2021 06:00,4.75
5866,5866,Talala_Pz,CGWB,24,Gujarat,448,Junagadh,TALALA,TALALA,Talala,-,-,-,-,-,-,21.06388889,70.53833333,,30-01-2022 07:00,5.02
5867,5867,Talala_Pz,CGWB,24,Gujarat,448,Junagadh,TALALA,TALALA,Talala,-,-,-,-,-,-,21.06388889,70.53833333,,30-05-2022 06:00,10.24
5868,5868,Talala_Pz,CGWB,24,Gujarat,448,Junagadh,TALALA,TALALA,Talala,-,-,-,-,-,-,21.06388889,70.53833333,,10-11-2022 06:00,6
5869,5869,Talala_Pz,CGWB,24,Gujarat,448,Junagadh,TALALA,TALALA,Talala,-,-,-,-,-,-,21.06388889,70.53833333,,30-05-2023 10:00,10.56
5870,5870,Tankari,CGWB,24,Gujarat,442,Bharuch,JAMBUSAR,JAMBUSAR,Tankari,-,-,-,-,-,-,21.99166667,72.67500000,,10-01-2021 00:00,2.5
5871,5871,Tankari,CGWB,24,Gujarat,442,Bharuch,JAMBUSAR,JAMBUSAR,Tankari,-,-,-,-,-,-,21.99166667,72.67500000,,31-08-2021 06:00,4
5872,5872,Tankari,CGWB,24,Gujarat,442,Bharuch,JAMBUSAR,JAMBUSAR,Tankari,-,-,-,-,-,-,21.99166667,72.67500000,,30-11-2021 06:00,1.7
5873,5873,Tankari,CGWB,24,Gujarat,442,Bharuch,JAMBUSAR,JAMBUSAR,Tankari,-,-,-,-,-,-,21.99166667,72.67500000,,30-01-2022 07:00,1.25
5874,5874,Tankari,CGWB,24,Gujarat,442,Bharuch,JAMBUSAR,JAMBUSAR,Tankari,-,-,-,-,-,-,21.99166667,72.67500000,,30-05-2022 06:00,3.3
5875,5875,Tankari,CGWB,24,Gujarat,442,Bharuch,JAMBUSAR,JAMBUSAR,Tankari,-,-,-,-,-,-,21.99166667,72.67500000,,30-08-2022 06:00,1.45
5876,5876,Tankari,CGWB,24,Gujarat,442,Bharuch,JAMBUSAR,JAMBUSAR,Tankari,-,-,-,-,-,-,21.99166667,72.67500000,,10-11-2022 06:00,1.77
5877,5877,Tankari,CGWB,24,Gujarat,442,Bharuch,JAMBUSAR,JAMBUSAR,Tankari,-,-,-,-,-,-,21.99166667,72.67500000,,30-05-2023 10:00,5.93
5878,5878,Tansa,CGWB,24,Gujarat,443,Bhavnagar,GHOGHA,GHOGHA,Tansa,-,-,-,-,-,-,21.50833333,72.12500000,,30-01-2022 07:00,12.74
5879,5879,Tarabh,CGWB,24,Gujarat,451,Mahesana,VISNAGAR,VISNAGAR,Tarabh,-,-,-,-,-,-,23.75833333,72.45833333,,10-01-2021 00:00,6.2
5880,5880,Tarabh,CGWB,24,Gujarat,451,Mahesana,VISNAGAR,VISNAGAR,Tarabh,-,-,-,-,-,-,23.75833333,72.45833333,,31-08-2021 06:00,8.71
5881,5881,Tarabh,CGWB,24,Gujarat,451,Mahesana,VISNAGAR,VISNAGAR,Tarabh,-,-,-,-,-,-,23.75833333,72.45833333,,30-11-2021 06:00,8.07
5882,5882,Tarabh,CGWB,24,Gujarat,451,Mahesana,VISNAGAR,VISNAGAR,Tarabh,-,-,-,-,-,-,23.75833333,72.45833333,,30-01-2022 07:00,9.15
5883,5883,Tarabh,CGWB,24,Gujarat,451,Mahesana,VISNAGAR,VISNAGAR,Tarabh,-,-,-,-,-,-,23.75833333,72.45833333,,30-05-2022 06:00,11.45
5884,5884,Tarabh,CGWB,24,Gujarat,451,Mahesana,VISNAGAR,VISNAGAR,Tarabh,-,-,-,-,-,-,23.75833333,72.45833333,,30-08-2022 06:00,8.85
5885,5885,Tarabh,CGWB,24,Gujarat,451,Mahesana,VISNAGAR,VISNAGAR,Tarabh,-,-,-,-,-,-,23.75833333,72.45833333,,10-11-2022 06:00,5.44
5886,5886,Tarabh,CGWB,24,Gujarat,451,Mahesana,VISNAGAR,VISNAGAR,Tarabh,-,-,-,-,-,-,23.75833333,72.45833333,,30-05-2023 10:00,6.67
5887,5887,Tarapur Pz-I,CGWB,24,Gujarat,440,Anand,TARAPUR,TARAPUR,Tarapur,-,-,-,-,-,-,22.48611111,72.66111111,,10-01-2021 00:00,3.05
5888,5888,Tarapur Pz-I,CGWB,24,Gujarat,440,Anand,TARAPUR,TARAPUR,Tarapur,-,-,-,-,-,-,22.48611111,72.66111111,,31-08-2021 06:00,2.75
5889,5889,Tarapur Pz-I,CGWB,24,Gujarat,440,Anand,TARAPUR,TARAPUR,Tarapur,-,-,-,-,-,-,22.48611111,72.66111111,,30-11-2021 06:00,1.9
5890,5890,Tarapur Pz-I,CGWB,24,Gujarat,440,Anand,TARAPUR,TARAPUR,Tarapur,-,-,-,-,-,-,22.48611111,72.66111111,,30-01-2022 07:00,1.56
5891,5891,Tarapur Pz-I,CGWB,24,Gujarat,440,Anand,TARAPUR,TARAPUR,Tarapur,-,-,-,-,-,-,22.48611111,72.66111111,,30-05-2022 06:00,3.37
5892,5892,Tarapur Pz-I,CGWB,24,Gujarat,440,Anand,TARAPUR,TARAPUR,Tarapur,-,-,-,-,-,-,22.48611111,72.66111111,,30-08-2022 06:00,1.33
5893,5893,Tarapur Pz-I,CGWB,24,Gujarat,440,Anand,TARAPUR,TARAPUR,Tarapur,-,-,-,-,-,-,22.48611111,72.66111111,,10-11-2022 06:00,2.28
5894,5894,Tarapur Pz-I,CGWB,24,Gujarat,440,Anand,TARAPUR,TARAPUR,Tarapur,-,-,-,-,-,-,22.48611111,72.66111111,,01-01-2023 00:00,3.4
5895,5895,Tarapur Pz-I,CGWB,24,Gujarat,440,Anand,TARAPUR,TARAPUR,Tarapur,-,-,-,-,-,-,22.48611111,72.66111111,,30-05-2023 10:00,2.76
5896,5896,Tarapur Pz-II,CGWB,24,Gujarat,440,Anand,TARAPUR,TARAPUR,Tarapur,-,-,-,-,-,-,22.48611111,72.66111111,,10-01-2021 00:00,2.85
5897,5897,Tarapur Pz-II,CGWB,24,Gujarat,440,Anand,TARAPUR,TARAPUR,Tarapur,-,-,-,-,-,-,22.48611111,72.66111111,,31-08-2021 06:00,2.7
5898,5898,Tarapur Pz-II,CGWB,24,Gujarat,440,Anand,TARAPUR,TARAPUR,Tarapur,-,-,-,-,-,-,22.48611111,72.66111111,,30-11-2021 06:00,2.15
5899,5899,Tarapur Pz-II,CGWB,24,Gujarat,440,Anand,TARAPUR,TARAPUR,Tarapur,-,-,-,-,-,-,22.48611111,72.66111111,,30-01-2022 07:00,1.4
5900,5900,Tarapur Pz-II,CGWB,24,Gujarat,440,Anand,TARAPUR,TARAPUR,Tarapur,-,-,-,-,-,-,22.48611111,72.66111111,,30-05-2022 06:00,3
5901,5901,Tarapur Pz-II,CGWB,24,Gujarat,440,Anand,TARAPUR,TARAPUR,Tarapur,-,-,-,-,-,-,22.48611111,72.66111111,,30-08-2022 06:00,1.1
5902,5902,Tarapur Pz-II,CGWB,24,Gujarat,440,Anand,TARAPUR,TARAPUR,Tarapur,-,-,-,-,-,-,22.48611111,72.66111111,,10-11-2022 06:00,2.08
5903,5903,Tarapur Pz-II,CGWB,24,Gujarat,440,Anand,TARAPUR,TARAPUR,Tarapur,-,-,-,-,-,-,22.48611111,72.66111111,,01-01-2023 00:00,3.3
5904,5904,Tarapur Pz-II,CGWB,24,Gujarat,440,Anand,TARAPUR,TARAPUR,Tarapur,-,-,-,-,-,-,22.48611111,72.66111111,,30-05-2023 10:00,2.69
5905,5905,Tardhera,CGWB,24,Gujarat,443,Bhavnagar,BOTAD,BOTAD,Tardhera,-,-,-,-,-,-,22.22916667,71.60416667,,10-01-2021 00:00,10.1
5906,5906,Tardhera,CGWB,24,Gujarat,443,Bhavnagar,BOTAD,BOTAD,Tardhera,-,-,-,-,-,-,22.22916667,71.60416667,,30-01-2022 07:00,7.5
5907,5907,Tardhera,CGWB,24,Gujarat,443,Bhavnagar,BOTAD,BOTAD,Tardhera,-,-,-,-,-,-,22.22916667,71.60416667,,10-11-2022 06:00,20
5908,5908,Tardhera,CGWB,24,Gujarat,443,Bhavnagar,BOTAD,BOTAD,Tardhera,-,-,-,-,-,-,22.22916667,71.60416667,,30-05-2023 10:00,19.300001
5909,5909,Targhari,CGWB,24,Gujarat,457,Rajkot,PADDHARI,PADDHARI,Targhari,-,-,-,-,-,-,22.38333333,70.66666667,,31-08-2021 06:00,1.6
5910,5910,Targhari,CGWB,24,Gujarat,457,Rajkot,PADDHARI,PADDHARI,Targhari,-,-,-,-,-,-,22.38333333,70.66666667,,30-11-2021 06:00,2.8
5911,5911,Targhari,CGWB,24,Gujarat,457,Rajkot,PADDHARI,PADDHARI,Targhari,-,-,-,-,-,-,22.38333333,70.66666667,,30-01-2022 07:00,2.93
5912,5912,Targhari,CGWB,24,Gujarat,457,Rajkot,PADDHARI,PADDHARI,Targhari,-,-,-,-,-,-,22.38333333,70.66666667,,30-05-2022 06:00,5.8
5913,5913,Targhari,CGWB,24,Gujarat,457,Rajkot,PADDHARI,PADDHARI,Targhari,-,-,-,-,-,-,22.38333333,70.66666667,,30-08-2022 06:00,2.99
5914,5914,Targhari,CGWB,24,Gujarat,457,Rajkot,PADDHARI,PADDHARI,Targhari,-,-,-,-,-,-,22.38333333,70.66666667,,10-11-2022 06:00,7.16
5915,5915,Targhari,CGWB,24,Gujarat,457,Rajkot,PADDHARI,PADDHARI,Targhari,-,-,-,-,-,-,22.38333333,70.66666667,,30-05-2023 10:00,6.27
5916,5916,Tarkanda,CGWB,24,Gujarat,454,Panchmahals,HALOL,HALOL,Tarkanda,-,-,-,-,-,-,22.54583333,73.52916667,,10-01-2021 00:00,4.7
5917,5917,Tarkanda,CGWB,24,Gujarat,454,Panchmahals,HALOL,HALOL,Tarkanda,-,-,-,-,-,-,22.54583333,73.52916667,,31-08-2021 06:00,5.23
5918,5918,Tarkanda,CGWB,24,Gujarat,454,Panchmahals,HALOL,HALOL,Tarkanda,-,-,-,-,-,-,22.54583333,73.52916667,,30-11-2021 06:00,2.45
5919,5919,Tarkanda,CGWB,24,Gujarat,454,Panchmahals,HALOL,HALOL,Tarkanda,-,-,-,-,-,-,22.54583333,73.52916667,,30-01-2022 07:00,11.76
5920,5920,Tarkanda,CGWB,24,Gujarat,454,Panchmahals,HALOL,HALOL,Tarkanda,-,-,-,-,-,-,22.54583333,73.52916667,,30-05-2022 06:00,12.1
5921,5921,Tarkanda,CGWB,24,Gujarat,454,Panchmahals,HALOL,HALOL,Tarkanda,-,-,-,-,-,-,22.54583333,73.52916667,,30-08-2022 06:00,2.97
5922,5922,Tarkanda,CGWB,24,Gujarat,454,Panchmahals,HALOL,HALOL,Tarkanda,-,-,-,-,-,-,22.54583333,73.52916667,,10-11-2022 06:00,1.85
5923,5923,Tarkanda,CGWB,24,Gujarat,454,Panchmahals,HALOL,HALOL,Tarkanda,-,-,-,-,-,-,22.54583333,73.52916667,,10-01-2023 18:00,1.85
5924,5924,Tarkanda,CGWB,24,Gujarat,454,Panchmahals,HALOL,HALOL,Tarkanda,-,-,-,-,-,-,22.54583333,73.52916667,,30-05-2023 10:00,8.900001
5925,5925,Tarnetar,CGWB,24,Gujarat,460,Surendranagar,CHOTILA,CHOTILA,Tarnetar,-,-,-,-,-,-,22.64166667,71.21666667,,10-01-2021 00:00,13.15
5926,5926,Tarnetar,CGWB,24,Gujarat,460,Surendranagar,CHOTILA,CHOTILA,Tarnetar,-,-,-,-,-,-,22.64166667,71.21666667,,31-08-2021 06:00,13.5
5927,5927,Tarnetar,CGWB,24,Gujarat,460,Surendranagar,CHOTILA,CHOTILA,Tarnetar,-,-,-,-,-,-,22.64166667,71.21666667,,30-11-2021 06:00,14.22
5928,5928,Tarnetar,CGWB,24,Gujarat,460,Surendranagar,CHOTILA,CHOTILA,Tarnetar,-,-,-,-,-,-,22.64166667,71.21666667,,30-01-2022 07:00,15.43
5929,5929,Tarnetar,CGWB,24,Gujarat,460,Surendranagar,CHOTILA,CHOTILA,Tarnetar,-,-,-,-,-,-,22.64166667,71.21666667,,30-05-2022 06:00,16.45
5930,5930,Tarnetar,CGWB,24,Gujarat,460,Surendranagar,CHOTILA,CHOTILA,Tarnetar,-,-,-,-,-,-,22.64166667,71.21666667,,30-08-2022 06:00,12.36
5931,5931,Tarnetar,CGWB,24,Gujarat,460,Surendranagar,CHOTILA,CHOTILA,Tarnetar,-,-,-,-,-,-,22.64166667,71.21666667,,10-11-2022 06:00,15.5
5932,5932,Tarnetar,CGWB,24,Gujarat,460,Surendranagar,CHOTILA,CHOTILA,Tarnetar,-,-,-,-,-,-,22.64166667,71.21666667,,30-05-2023 10:00,16.25
5933,5933,Tarvada,CGWB,24,Gujarat,454,Panchmahals,KALOL,KALOL,Tarvada,-,-,-,-,-,-,22.60555556,73.52222222,,31-08-2021 06:00,5.33
5934,5934,Tarvada,CGWB,24,Gujarat,454,Panchmahals,KALOL,KALOL,Tarvada,-,-,-,-,-,-,22.60555556,73.52222222,,30-11-2021 06:00,6.55
5935,5935,Tarvada,CGWB,24,Gujarat,454,Panchmahals,KALOL,KALOL,Tarvada,-,-,-,-,-,-,22.60555556,73.52222222,,30-08-2022 06:00,14.94
5936,5936,Tatam,CGWB,24,Gujarat,443,Bhavnagar,GADHADA,GADHADA,Tatam,-,-,-,-,-,-,22.05833333,71.63333333,,10-01-2021 00:00,4.31
5937,5937,Tatam,CGWB,24,Gujarat,443,Bhavnagar,GADHADA,GADHADA,Tatam,-,-,-,-,-,-,22.05833333,71.63333333,,31-08-2021 06:00,6.98
5938,5938,Tatam,CGWB,24,Gujarat,443,Bhavnagar,GADHADA,GADHADA,Tatam,-,-,-,-,-,-,22.05833333,71.63333333,,30-11-2021 06:00,4.82
5939,5939,Tatam,CGWB,24,Gujarat,443,Bhavnagar,GADHADA,GADHADA,Tatam,-,-,-,-,-,-,22.05833333,71.63333333,,30-01-2022 07:00,6.2
5940,5940,Tatam,CGWB,24,Gujarat,443,Bhavnagar,GADHADA,GADHADA,Tatam,-,-,-,-,-,-,22.05833333,71.63333333,,30-05-2022 06:00,20
5941,5941,Tatam,CGWB,24,Gujarat,443,Bhavnagar,GADHADA,GADHADA,Tatam,-,-,-,-,-,-,22.05833333,71.63333333,,10-11-2022 06:00,30.72
5942,5942,Tavi 1,CGWB,24,Gujarat,460,Surendranagar,LAKHTAR,LAKHTAR,Tavi,-,-,-,-,-,-,22.72027778,71.85166667,,10-01-2021 00:00,-0.4
5943,5943,Tavi 1,CGWB,24,Gujarat,460,Surendranagar,LAKHTAR,LAKHTAR,Tavi,-,-,-,-,-,-,22.72027778,71.85166667,,31-08-2021 06:00,-0.4
5944,5944,Tavi 1,CGWB,24,Gujarat,460,Surendranagar,LAKHTAR,LAKHTAR,Tavi,-,-,-,-,-,-,22.72027778,71.85166667,,30-11-2021 06:00,-0.3
5945,5945,Tavi 1,CGWB,24,Gujarat,460,Surendranagar,LAKHTAR,LAKHTAR,Tavi,-,-,-,-,-,-,22.72027778,71.85166667,,30-01-2022 07:00,-0.24
5946,5946,Tavi 1,CGWB,24,Gujarat,460,Surendranagar,LAKHTAR,LAKHTAR,Tavi,-,-,-,-,-,-,22.72027778,71.85166667,,30-05-2022 06:00,0.5
5947,5947,Tawali,CGWB,24,Gujarat,459,Surat,UCHCHHAL,UCHCHHAL,Tawali,-,-,-,-,-,-,21.37611111,73.90166667,,10-01-2021 00:00,6.53
5948,5948,Ten-bardoli,CGWB,24,Gujarat,459,Surat,BARDOLI,BARDOLI,Ten-bardoli,-,-,-,-,-,-,21.11666667,73.10000000,,10-01-2021 00:00,3.23
5949,5949,Ten-bardoli,CGWB,24,Gujarat,459,Surat,BARDOLI,BARDOLI,Ten-bardoli,-,-,-,-,-,-,21.11666667,73.10000000,,31-08-2021 06:00,3.7
5950,5950,Ten-bardoli,CGWB,24,Gujarat,459,Surat,BARDOLI,BARDOLI,Ten-bardoli,-,-,-,-,-,-,21.11666667,73.10000000,,30-11-2021 06:00,3.2
5951,5951,Ten-bardoli,CGWB,24,Gujarat,459,Surat,BARDOLI,BARDOLI,Ten-bardoli,-,-,-,-,-,-,21.11666667,73.10000000,,30-01-2022 07:00,3.9
5952,5952,Ten-bardoli,CGWB,24,Gujarat,459,Surat,BARDOLI,BARDOLI,Ten-bardoli,-,-,-,-,-,-,21.11666667,73.10000000,,30-05-2022 06:00,5.22
5953,5953,Ten-bardoli,CGWB,24,Gujarat,459,Surat,BARDOLI,BARDOLI,Ten-bardoli,-,-,-,-,-,-,21.11666667,73.10000000,,30-08-2022 06:00,2.1
5954,5954,Ten-bardoli,CGWB,24,Gujarat,459,Surat,BARDOLI,BARDOLI,Ten-bardoli,-,-,-,-,-,-,21.11666667,73.10000000,,10-11-2022 06:00,3
5955,5955,Ten-bardoli,CGWB,24,Gujarat,459,Surat,BARDOLI,BARDOLI,Ten-bardoli,-,-,-,-,-,-,21.11666667,73.10000000,,30-08-2023 18:00,2.7
5956,5956,Tera,CGWB,24,Gujarat,449,Kachchh,ABDASA,ABDASA,Tera,-,-,-,-,-,-,23.28333333,68.94722222,,10-01-2021 00:00,9.4
5957,5957,Tera,CGWB,24,Gujarat,449,Kachchh,ABDASA,ABDASA,Tera,-,-,-,-,-,-,23.28333333,68.94722222,,31-08-2021 06:00,9.92
5958,5958,Tera,CGWB,24,Gujarat,449,Kachchh,ABDASA,ABDASA,Tera,-,-,-,-,-,-,23.28333333,68.94722222,,30-11-2021 06:00,9.57
5959,5959,Tera,CGWB,24,Gujarat,449,Kachchh,ABDASA,ABDASA,Tera,-,-,-,-,-,-,23.28333333,68.94722222,,30-01-2022 07:00,9.5
5960,5960,Tera,CGWB,24,Gujarat,449,Kachchh,ABDASA,ABDASA,Tera,-,-,-,-,-,-,23.28333333,68.94722222,,30-05-2022 06:00,11.02
5961,5961,Tera,CGWB,24,Gujarat,449,Kachchh,ABDASA,ABDASA,Tera,-,-,-,-,-,-,23.28333333,68.94722222,,30-08-2022 06:00,6.82
5962,5962,Tera,CGWB,24,Gujarat,449,Kachchh,ABDASA,ABDASA,Tera,-,-,-,-,-,-,23.28333333,68.94722222,,10-11-2022 06:00,6.27
5963,5963,Tera,CGWB,24,Gujarat,449,Kachchh,ABDASA,ABDASA,Tera,-,-,-,-,-,-,23.28333333,68.94722222,,30-05-2023 10:00,8.6
5964,5964,Thada,CGWB,24,Gujarat,445,Dohad,JHALOD,JHALOD,Thada,-,-,-,-,-,-,22.94944444,74.08888889,,10-01-2021 00:00,10.3
5965,5965,Thada,CGWB,24,Gujarat,445,Dohad,JHALOD,JHALOD,Thada,-,-,-,-,-,-,22.94944444,74.08888889,,31-08-2021 06:00,2.8
5966,5966,Thada,CGWB,24,Gujarat,445,Dohad,JHALOD,JHALOD,Thada,-,-,-,-,-,-,22.94944444,74.08888889,,30-11-2021 06:00,4.28
5967,5967,Thada,CGWB,24,Gujarat,445,Dohad,JHALOD,JHALOD,Thada,-,-,-,-,-,-,22.94944444,74.08888889,,30-08-2022 06:00,0.44
5968,5968,Thada,CGWB,24,Gujarat,445,Dohad,JHALOD,JHALOD,Thada,-,-,-,-,-,-,22.94944444,74.08888889,,10-11-2022 06:00,3.09
5969,5969,Than,CGWB,24,Gujarat,460,Surendranagar,CHOTILA,CHOTILA,Than,-,-,-,-,-,-,22.57916667,71.19972222,,30-11-2021 06:00,3.68
5970,5970,Than,CGWB,24,Gujarat,460,Surendranagar,CHOTILA,CHOTILA,Than,-,-,-,-,-,-,22.57916667,71.19972222,,30-01-2022 07:00,5.63
5971,5971,Tharad Pzi,CGWB,24,Gujarat,441,Banaskantha,THARAD,THARAD,Tharad Pzi,-,-,-,-,-,-,24.38500000,71.61944444,,10-01-2021 00:00,9.54
5972,5972,Tharad Pzi,CGWB,24,Gujarat,441,Banaskantha,THARAD,THARAD,Tharad Pzi,-,-,-,-,-,-,24.38500000,71.61944444,,31-08-2021 06:00,10.02
5973,5973,Tharad Pzi,CGWB,24,Gujarat,441,Banaskantha,THARAD,THARAD,Tharad Pzi,-,-,-,-,-,-,24.38500000,71.61944444,,30-11-2021 06:00,9.19
5974,5974,Tharad Pzi,CGWB,24,Gujarat,441,Banaskantha,THARAD,THARAD,Tharad Pzi,-,-,-,-,-,-,24.38500000,71.61944444,,30-01-2022 07:00,9.98
5975,5975,Tharad Pzi,CGWB,24,Gujarat,441,Banaskantha,THARAD,THARAD,Tharad Pzi,-,-,-,-,-,-,24.38500000,71.61944444,,30-05-2022 06:00,9.8
5976,5976,Tharad Pzi,CGWB,24,Gujarat,441,Banaskantha,THARAD,THARAD,Tharad Pzi,-,-,-,-,-,-,24.38500000,71.61944444,,30-08-2022 06:00,10.16
5977,5977,Tharad Pzi,CGWB,24,Gujarat,441,Banaskantha,THARAD,THARAD,Tharad Pzi,-,-,-,-,-,-,24.38500000,71.61944444,,10-11-2022 06:00,8.8
5978,5978,Tharad Pzi,CGWB,24,Gujarat,441,Banaskantha,THARAD,THARAD,Tharad Pzi,-,-,-,-,-,-,24.38500000,71.61944444,,01-01-2023 00:00,9.64
5979,5979,Tharad Pzi,CGWB,24,Gujarat,441,Banaskantha,THARAD,THARAD,Tharad Pzi,-,-,-,-,-,-,24.38500000,71.61944444,,30-05-2023 10:00,9.42
5980,5980,Tharad Pzii,CGWB,24,Gujarat,441,Banaskantha,THARAD,THARAD,Tharad Pzii,-,-,-,-,-,-,24.38500000,71.61944444,,10-01-2021 00:00,9.35
5981,5981,Tharad Pzii,CGWB,24,Gujarat,441,Banaskantha,THARAD,THARAD,Tharad Pzii,-,-,-,-,-,-,24.38500000,71.61944444,,31-08-2021 06:00,9.85
5982,5982,Tharad Pzii,CGWB,24,Gujarat,441,Banaskantha,THARAD,THARAD,Tharad Pzii,-,-,-,-,-,-,24.38500000,71.61944444,,30-11-2021 06:00,9.02
5983,5983,Tharad Pzii,CGWB,24,Gujarat,441,Banaskantha,THARAD,THARAD,Tharad Pzii,-,-,-,-,-,-,24.38500000,71.61944444,,30-01-2022 07:00,9.96
5984,5984,Tharad Pzii,CGWB,24,Gujarat,441,Banaskantha,THARAD,THARAD,Tharad Pzii,-,-,-,-,-,-,24.38500000,71.61944444,,30-05-2022 06:00,9.67
5985,5985,Tharad Pzii,CGWB,24,Gujarat,441,Banaskantha,THARAD,THARAD,Tharad Pzii,-,-,-,-,-,-,24.38500000,71.61944444,,30-08-2022 06:00,10.3
5986,5986,Tharad Pzii,CGWB,24,Gujarat,441,Banaskantha,THARAD,THARAD,Tharad Pzii,-,-,-,-,-,-,24.38500000,71.61944444,,10-11-2022 06:00,8.64
5987,5987,Tharad Pzii,CGWB,24,Gujarat,441,Banaskantha,THARAD,THARAD,Tharad Pzii,-,-,-,-,-,-,24.38500000,71.61944444,,01-01-2023 00:00,9.41
5988,5988,Tharad Pzii,CGWB,24,Gujarat,441,Banaskantha,THARAD,THARAD,Tharad Pzii,-,-,-,-,-,-,24.38500000,71.61944444,,30-05-2023 10:00,9.02
5989,5989,Tharad Pziii,CGWB,24,Gujarat,441,Banaskantha,THARAD,THARAD,Tharad Pziii,-,-,-,-,-,-,24.38500000,71.61944444,,10-01-2021 00:00,9.38
5990,5990,Tharad Pziii,CGWB,24,Gujarat,441,Banaskantha,THARAD,THARAD,Tharad Pziii,-,-,-,-,-,-,24.38500000,71.61944444,,31-08-2021 06:00,9.96
5991,5991,Tharad Pziii,CGWB,24,Gujarat,441,Banaskantha,THARAD,THARAD,Tharad Pziii,-,-,-,-,-,-,24.38500000,71.61944444,,30-11-2021 06:00,9.17
5992,5992,Tharad Pziii,CGWB,24,Gujarat,441,Banaskantha,THARAD,THARAD,Tharad Pziii,-,-,-,-,-,-,24.38500000,71.61944444,,30-01-2022 07:00,22.45
5993,5993,Tharad Pziii,CGWB,24,Gujarat,441,Banaskantha,THARAD,THARAD,Tharad Pziii,-,-,-,-,-,-,24.38500000,71.61944444,,30-05-2022 06:00,9.77
5994,5994,Tharad Pziii,CGWB,24,Gujarat,441,Banaskantha,THARAD,THARAD,Tharad Pziii,-,-,-,-,-,-,24.38500000,71.61944444,,30-08-2022 06:00,10.27
5995,5995,Tharad Pziii,CGWB,24,Gujarat,441,Banaskantha,THARAD,THARAD,Tharad Pziii,-,-,-,-,-,-,24.38500000,71.61944444,,10-11-2022 06:00,8.68
5996,5996,Tharad Pziii,CGWB,24,Gujarat,441,Banaskantha,THARAD,THARAD,Tharad Pziii,-,-,-,-,-,-,24.38500000,71.61944444,,01-01-2023 00:00,9.48
5997,5997,Tharad Pziii,CGWB,24,Gujarat,441,Banaskantha,THARAD,THARAD,Tharad Pziii,-,-,-,-,-,-,24.38500000,71.61944444,,30-05-2023 10:00,9.08
5998,5998,Thasra,CGWB,24,Gujarat,450,Kheda,THASRA,THASRA,Thasra,-,-,-,-,-,-,22.79444444,73.21111111,,10-01-2021 00:00,2.92
5999,5999,Thasra,CGWB,24,Gujarat,450,Kheda,THASRA,THASRA,Thasra,-,-,-,-,-,-,22.79444444,73.21111111,,30-01-2022 07:00,2.53
6000,6000,Thasra,CGWB,24,Gujarat,450,Kheda,THASRA,THASRA,Thasra,-,-,-,-,-,-,22.79444444,73.21111111,,30-05-2022 06:00,4.85
6001,6001,Thasra,CGWB,24,Gujarat,450,Kheda,THASRA,THASRA,Thasra,-,-,-,-,-,-,22.79444444,73.21111111,,30-08-2022 06:00,2.77
6002,6002,Thol Pz-IV,CGWB,24,Gujarat,451,Mahesana,KADI,KADI,Thol,-,-,-,-,-,-,23.13055556,72.37611111,,30-05-2022 06:00,12.59
6003,6003,Thol Pz-IV,CGWB,24,Gujarat,451,Mahesana,KADI,KADI,Thol,-,-,-,-,-,-,23.13055556,72.37611111,,10-11-2022 06:00,11.61
6004,6004,Thol Pz -V,CGWB,24,Gujarat,451,Mahesana,KADI,KADI,Thol,-,-,-,-,-,-,23.13055556,72.37611111,,10-01-2021 00:00,117.58
6005,6005,Thol Pz -V,CGWB,24,Gujarat,451,Mahesana,KADI,KADI,Thol,-,-,-,-,-,-,23.13055556,72.37611111,,31-08-2021 06:00,112.51
6006,6006,Thol Pz -V,CGWB,24,Gujarat,451,Mahesana,KADI,KADI,Thol,-,-,-,-,-,-,23.13055556,72.37611111,,30-11-2021 06:00,108.04
6007,6007,Thol Pz -V,CGWB,24,Gujarat,451,Mahesana,KADI,KADI,Thol,-,-,-,-,-,-,23.13055556,72.37611111,,30-01-2022 07:00,113.7
6008,6008,Thol Pz -V,CGWB,24,Gujarat,451,Mahesana,KADI,KADI,Thol,-,-,-,-,-,-,23.13055556,72.37611111,,30-05-2022 06:00,120.54
6009,6009,Thol Pz -V,CGWB,24,Gujarat,451,Mahesana,KADI,KADI,Thol,-,-,-,-,-,-,23.13055556,72.37611111,,30-08-2022 06:00,105.1
6010,6010,Timba_1,CGWB,24,Gujarat,451,Mahesana,SATLASANA,SATLASANA,Timba,-,-,-,-,-,-,23.98722222,72.75888889,,10-01-2021 00:00,14.4
6011,6011,Timba_1,CGWB,24,Gujarat,451,Mahesana,SATLASANA,SATLASANA,Timba,-,-,-,-,-,-,23.98722222,72.75888889,,31-08-2021 06:00,15.06
6012,6012,Timba_1,CGWB,24,Gujarat,451,Mahesana,SATLASANA,SATLASANA,Timba,-,-,-,-,-,-,23.98722222,72.75888889,,30-11-2021 06:00,14.3
6013,6013,Timba_1,CGWB,24,Gujarat,451,Mahesana,SATLASANA,SATLASANA,Timba,-,-,-,-,-,-,23.98722222,72.75888889,,30-01-2022 07:00,14.65
6014,6014,Timba_1,CGWB,24,Gujarat,451,Mahesana,SATLASANA,SATLASANA,Timba,-,-,-,-,-,-,23.98722222,72.75888889,,30-08-2022 06:00,12.2
6015,6015,Timba_1,CGWB,24,Gujarat,451,Mahesana,SATLASANA,SATLASANA,Timba,-,-,-,-,-,-,23.98722222,72.75888889,,10-11-2022 06:00,12.04
6016,6016,Timbi2,CGWB,24,Gujarat,454,Panchmahals,HALOL,HALOL,Timbi,-,-,-,-,-,-,22.50833333,73.50833333,,10-01-2021 00:00,7.43
6017,6017,Timbi2,CGWB,24,Gujarat,439,Amreli,JAFRABAD,JAFRABAD,Timbi,-,-,-,-,-,-,20.89583333,71.20416667,,10-01-2021 00:00,3.52
6018,6018,Timbi2,CGWB,24,Gujarat,443,Bhavnagar,UMRALA,UMRALA,Timbi,-,-,-,-,-,-,21.83166667,71.76611111,,10-01-2021 00:00,8.6
6019,6019,Timbi2,CGWB,24,Gujarat,443,Bhavnagar,UMRALA,UMRALA,Timbi,-,-,-,-,-,-,21.83166667,71.76611111,,31-08-2021 06:00,12.12
6020,6020,Timbi2,CGWB,24,Gujarat,439,Amreli,JAFRABAD,JAFRABAD,Timbi,-,-,-,-,-,-,20.89583333,71.20416667,,31-08-2021 06:00,1.02
6021,6021,Timbi2,CGWB,24,Gujarat,439,Amreli,JAFRABAD,JAFRABAD,Timbi,-,-,-,-,-,-,20.89583333,71.20416667,,30-11-2021 06:00,1.32
6022,6022,Timbi2,CGWB,24,Gujarat,443,Bhavnagar,UMRALA,UMRALA,Timbi,-,-,-,-,-,-,21.83166667,71.76611111,,30-11-2021 06:00,6.4
6023,6023,Timbi2,CGWB,24,Gujarat,439,Amreli,JAFRABAD,JAFRABAD,Timbi,-,-,-,-,-,-,20.89583333,71.20416667,,30-01-2022 07:00,2.02
6024,6024,Timbi2,CGWB,24,Gujarat,443,Bhavnagar,UMRALA,UMRALA,Timbi,-,-,-,-,-,-,21.83166667,71.76611111,,30-01-2022 07:00,6.64
6025,6025,Timbi2,CGWB,24,Gujarat,443,Bhavnagar,UMRALA,UMRALA,Timbi,-,-,-,-,-,-,21.83166667,71.76611111,,30-05-2022 06:00,9.7
6026,6026,Timbi2,CGWB,24,Gujarat,454,Panchmahals,HALOL,HALOL,Timbi,-,-,-,-,-,-,22.50833333,73.50833333,,30-05-2022 06:00,5.4
6027,6027,Timbi2,CGWB,24,Gujarat,454,Panchmahals,HALOL,HALOL,Timbi,-,-,-,-,-,-,22.50833333,73.50833333,,30-08-2022 06:00,0.93
6028,6028,Timbi2,CGWB,24,Gujarat,439,Amreli,JAFRABAD,JAFRABAD,Timbi,-,-,-,-,-,-,20.89583333,71.20416667,,30-08-2022 06:00,1.98
6029,6029,Timbi2,CGWB,24,Gujarat,443,Bhavnagar,UMRALA,UMRALA,Timbi,-,-,-,-,-,-,21.83166667,71.76611111,,30-08-2022 06:00,3.13
6030,6030,Timbi2,CGWB,24,Gujarat,443,Bhavnagar,UMRALA,UMRALA,Timbi,-,-,-,-,-,-,21.83166667,71.76611111,,10-11-2022 06:00,11.53
6031,6031,Timbi2,CGWB,24,Gujarat,439,Amreli,JAFRABAD,JAFRABAD,Timbi,-,-,-,-,-,-,20.89583333,71.20416667,,10-11-2022 06:00,10.15
6032,6032,Timbi2,CGWB,24,Gujarat,454,Panchmahals,HALOL,HALOL,Timbi,-,-,-,-,-,-,22.50833333,73.50833333,,10-11-2022 06:00,2.3
6033,6033,Timbi2,CGWB,24,Gujarat,443,Bhavnagar,UMRALA,UMRALA,Timbi,-,-,-,-,-,-,21.83166667,71.76611111,,30-05-2023 10:00,11.02
6034,6034,Timbi2,CGWB,24,Gujarat,454,Panchmahals,HALOL,HALOL,Timbi,-,-,-,-,-,-,22.50833333,73.50833333,,30-05-2023 10:00,5.8999996
6035,6035,Toda,CGWB,24,Gujarat,447,Jamnagar,KALAVAD,KALAVAD,Toda,-,-,-,-,-,-,22.06250000,70.38333333,,10-01-2021 00:00,1.49
6036,6036,Toda,CGWB,24,Gujarat,447,Jamnagar,KALAVAD,KALAVAD,Toda,-,-,-,-,-,-,22.06250000,70.38333333,,30-11-2021 06:00,-0.32
6037,6037,Toda,CGWB,24,Gujarat,447,Jamnagar,KALAVAD,KALAVAD,Toda,-,-,-,-,-,-,22.06250000,70.38333333,,30-01-2022 07:00,0.94
6038,6038,Toda,CGWB,24,Gujarat,447,Jamnagar,KALAVAD,KALAVAD,Toda,-,-,-,-,-,-,22.06250000,70.38333333,,30-05-2022 06:00,5.88
6039,6039,Toda,CGWB,24,Gujarat,447,Jamnagar,KALAVAD,KALAVAD,Toda,-,-,-,-,-,-,22.06250000,70.38333333,,10-11-2022 06:00,0.7
6040,6040,Toda,CGWB,24,Gujarat,447,Jamnagar,KALAVAD,KALAVAD,Toda,-,-,-,-,-,-,22.06250000,70.38333333,,30-05-2023 10:00,13.96
6041,6041,Tokarba,CGWB,24,Gujarat,445,Dohad,DHANPUR,DHANPUR,Tokarba,-,-,-,-,-,-,22.60416667,74.03750000,,10-01-2021 00:00,5.13
6042,6042,Tokarba,CGWB,24,Gujarat,445,Dohad,DHANPUR,DHANPUR,Tokarba,-,-,-,-,-,-,22.60416667,74.03750000,,31-08-2021 06:00,5.3
6043,6043,Tokarba,CGWB,24,Gujarat,445,Dohad,DHANPUR,DHANPUR,Tokarba,-,-,-,-,-,-,22.60416667,74.03750000,,30-11-2021 06:00,3.6
6044,6044,Tokarba,CGWB,24,Gujarat,445,Dohad,DHANPUR,DHANPUR,Tokarba,-,-,-,-,-,-,22.60416667,74.03750000,,30-01-2022 07:00,4.85
6045,6045,Tokarba,CGWB,24,Gujarat,445,Dohad,DHANPUR,DHANPUR,Tokarba,-,-,-,-,-,-,22.60416667,74.03750000,,30-05-2022 06:00,6.8
6046,6046,Tokarba,CGWB,24,Gujarat,445,Dohad,DHANPUR,DHANPUR,Tokarba,-,-,-,-,-,-,22.60416667,74.03750000,,30-08-2022 06:00,4.21
6047,6047,Tokarba,CGWB,24,Gujarat,445,Dohad,DHANPUR,DHANPUR,Tokarba,-,-,-,-,-,-,22.60416667,74.03750000,,10-11-2022 06:00,3.5
6048,6048,Tokarba,CGWB,24,Gujarat,445,Dohad,DHANPUR,DHANPUR,Tokarba,-,-,-,-,-,-,22.60416667,74.03750000,,10-01-2023 18:00,4.35
6049,6049,Tokarba,CGWB,24,Gujarat,445,Dohad,DHANPUR,DHANPUR,Tokarba,-,-,-,-,-,-,22.60416667,74.03750000,,30-05-2023 10:00,8.05
6050,6050,Tokarwa 1,CGWB,24,Gujarat,459,Surat,UCHCHHAL,UCHCHHAL,Tokarwa,-,-,-,-,-,-,21.31000000,73.85111111,,10-11-2022 06:00,3.4
6051,6051,Tokarwa 1,CGWB,24,Gujarat,459,Surat,UCHCHHAL,UCHCHHAL,Tokarwa,-,-,-,-,-,-,21.31000000,73.85111111,,30-05-2023 10:00,
6052,6052,Tol,CGWB,24,Gujarat,440,Anand,TARAPUR,TARAPUR,Tol,-,-,-,-,-,-,22.51083333,72.56666667,,10-01-2021 00:00,0.7
6053,6053,Tol,CGWB,24,Gujarat,440,Anand,TARAPUR,TARAPUR,Tol,-,-,-,-,-,-,22.51083333,72.56666667,,31-08-2021 06:00,-0.15
6054,6054,Tol,CGWB,24,Gujarat,440,Anand,TARAPUR,TARAPUR,Tol,-,-,-,-,-,-,22.51083333,72.56666667,,30-11-2021 06:00,0.01
6055,6055,Tol,CGWB,24,Gujarat,440,Anand,TARAPUR,TARAPUR,Tol,-,-,-,-,-,-,22.51083333,72.56666667,,30-01-2022 07:00,0.74
6056,6056,Tol,CGWB,24,Gujarat,440,Anand,TARAPUR,TARAPUR,Tol,-,-,-,-,-,-,22.51083333,72.56666667,,30-05-2022 06:00,2.04
6057,6057,Tol,CGWB,24,Gujarat,440,Anand,TARAPUR,TARAPUR,Tol,-,-,-,-,-,-,22.51083333,72.56666667,,10-11-2022 06:00,1.07
6058,6058,Tol,CGWB,24,Gujarat,440,Anand,TARAPUR,TARAPUR,Tol,-,-,-,-,-,-,22.51083333,72.56666667,,01-01-2023 00:00,1.8
6059,6059,Tol,CGWB,24,Gujarat,440,Anand,TARAPUR,TARAPUR,Tol,-,-,-,-,-,-,22.51083333,72.56666667,,30-05-2023 10:00,1.9499999
6060,6060,Trakuda,CGWB,24,Gujarat,439,Amreli,KHAMBHA,KHAMBHA,Trakuda,-,-,-,-,-,-,21.01666667,71.28055556,,10-01-2021 00:00,5.19
6061,6061,Trakuda,CGWB,24,Gujarat,439,Amreli,KHAMBHA,KHAMBHA,Trakuda,-,-,-,-,-,-,21.01666667,71.28055556,,31-08-2021 06:00,2.86
6062,6062,Trakuda,CGWB,24,Gujarat,439,Amreli,KHAMBHA,KHAMBHA,Trakuda,-,-,-,-,-,-,21.01666667,71.28055556,,30-11-2021 06:00,2.4
6063,6063,Trakuda,CGWB,24,Gujarat,439,Amreli,KHAMBHA,KHAMBHA,Trakuda,-,-,-,-,-,-,21.01666667,71.28055556,,30-01-2022 07:00,4.55
6064,6064,Trakuda,CGWB,24,Gujarat,439,Amreli,KHAMBHA,KHAMBHA,Trakuda,-,-,-,-,-,-,21.01666667,71.28055556,,30-05-2022 06:00,11.8
6065,6065,Trakuda,CGWB,24,Gujarat,439,Amreli,KHAMBHA,KHAMBHA,Trakuda,-,-,-,-,-,-,21.01666667,71.28055556,,30-08-2022 06:00,2.58
6066,6066,Trakuda,CGWB,24,Gujarat,439,Amreli,KHAMBHA,KHAMBHA,Trakuda,-,-,-,-,-,-,21.01666667,71.28055556,,10-11-2022 06:00,3.47
6067,6067,Trakuda,CGWB,24,Gujarat,439,Amreli,KHAMBHA,KHAMBHA,Trakuda,-,-,-,-,-,-,21.01666667,71.28055556,,30-05-2023 10:00,10.110001
6068,6068,Trapaj,CGWB,24,Gujarat,443,Bhavnagar,TALAJA,TALAJA,Trapaj,-,-,-,-,-,-,21.42500000,72.09583333,,10-01-2021 00:00,7.7
6069,6069,Trapaj,CGWB,24,Gujarat,443,Bhavnagar,TALAJA,TALAJA,Trapaj,-,-,-,-,-,-,21.42500000,72.09583333,,31-08-2021 06:00,5.52
6070,6070,Trapaj,CGWB,24,Gujarat,443,Bhavnagar,TALAJA,TALAJA,Trapaj,-,-,-,-,-,-,21.42500000,72.09583333,,30-11-2021 06:00,5.2
6071,6071,Trapaj,CGWB,24,Gujarat,443,Bhavnagar,TALAJA,TALAJA,Trapaj,-,-,-,-,-,-,21.42500000,72.09583333,,30-01-2022 07:00,7.17
6072,6072,Trapaj,CGWB,24,Gujarat,443,Bhavnagar,TALAJA,TALAJA,Trapaj,-,-,-,-,-,-,21.42500000,72.09583333,,30-05-2022 06:00,14
6073,6073,Trapaj,CGWB,24,Gujarat,443,Bhavnagar,TALAJA,TALAJA,Trapaj,-,-,-,-,-,-,21.42500000,72.09583333,,30-08-2022 06:00,4.32
6074,6074,Tukda,CGWB,24,Gujarat,456,Porbandar,PORBANDAR,PORBANDAR,Tukda,-,-,-,-,-,-,21.51611111,69.72861111,,10-01-2021 00:00,2.53
6075,6075,Tukda,CGWB,24,Gujarat,456,Porbandar,PORBANDAR,PORBANDAR,Tukda,-,-,-,-,-,-,21.51611111,69.72861111,,31-08-2021 06:00,-0.52
6076,6076,Tukda,CGWB,24,Gujarat,456,Porbandar,PORBANDAR,PORBANDAR,Tukda,-,-,-,-,-,-,21.51611111,69.72861111,,30-11-2021 06:00,2.28
6077,6077,Tukda,CGWB,24,Gujarat,456,Porbandar,PORBANDAR,PORBANDAR,Tukda,-,-,-,-,-,-,21.51611111,69.72861111,,30-01-2022 07:00,1.8
6078,6078,Tukda,CGWB,24,Gujarat,456,Porbandar,PORBANDAR,PORBANDAR,Tukda,-,-,-,-,-,-,21.51611111,69.72861111,,30-05-2022 06:00,2.9
6079,6079,Tukda,CGWB,24,Gujarat,456,Porbandar,PORBANDAR,PORBANDAR,Tukda,-,-,-,-,-,-,21.51611111,69.72861111,,30-08-2022 06:00,1.8
6080,6080,Tukda,CGWB,24,Gujarat,456,Porbandar,PORBANDAR,PORBANDAR,Tukda,-,-,-,-,-,-,21.51611111,69.72861111,,10-11-2022 06:00,2.37
6081,6081,Tukda,CGWB,24,Gujarat,456,Porbandar,PORBANDAR,PORBANDAR,Tukda,-,-,-,-,-,-,21.51611111,69.72861111,,30-05-2023 10:00,3.06
6082,6082,Tumb,CGWB,24,Gujarat,462,Valsad,UMBERGAON,UMBERGAON,Tumb,-,-,-,-,-,-,20.21666667,72.84166667,,10-01-2021 00:00,3.48
6083,6083,Tumb,CGWB,24,Gujarat,462,Valsad,UMBERGAON,UMBERGAON,Tumb,-,-,-,-,-,-,20.21666667,72.84166667,,31-08-2021 06:00,1.53
6084,6084,Tumb,CGWB,24,Gujarat,462,Valsad,UMBERGAON,UMBERGAON,Tumb,-,-,-,-,-,-,20.21666667,72.84166667,,30-11-2021 06:00,3.15
6085,6085,Tumb,CGWB,24,Gujarat,462,Valsad,UMBERGAON,UMBERGAON,Tumb,-,-,-,-,-,-,20.21666667,72.84166667,,30-01-2022 07:00,2.85
6086,6086,Tumb,CGWB,24,Gujarat,462,Valsad,UMBERGAON,UMBERGAON,Tumb,-,-,-,-,-,-,20.21666667,72.84166667,,30-05-2022 06:00,3.57
6087,6087,Tumb,CGWB,24,Gujarat,462,Valsad,UMBERGAON,UMBERGAON,Tumb,-,-,-,-,-,-,20.21666667,72.84166667,,30-08-2022 06:00,1.2
6088,6088,Tumb,CGWB,24,Gujarat,462,Valsad,UMBERGAON,UMBERGAON,Tumb,-,-,-,-,-,-,20.21666667,72.84166667,,10-11-2022 06:00,3.2
6089,6089,Tumb,CGWB,24,Gujarat,462,Valsad,UMBERGAON,UMBERGAON,Tumb,-,-,-,-,-,-,20.21666667,72.84166667,,30-05-2023 10:00,4.48
6090,6090,Tundav,CGWB,24,Gujarat,461,Vadodara,SAVLI,SAVLI,Tundav,-,-,-,-,-,-,22.48333333,73.20277778,,10-01-2021 00:00,4.6
6091,6091,Tundav,CGWB,24,Gujarat,461,Vadodara,SAVLI,SAVLI,Tundav,-,-,-,-,-,-,22.48333333,73.20277778,,31-08-2021 06:00,8.17
6092,6092,Tundav,CGWB,24,Gujarat,461,Vadodara,SAVLI,SAVLI,Tundav,-,-,-,-,-,-,22.48333333,73.20277778,,30-11-2021 06:00,8.42
6093,6093,Tundav,CGWB,24,Gujarat,461,Vadodara,SAVLI,SAVLI,Tundav,-,-,-,-,-,-,22.48333333,73.20277778,,30-01-2022 07:00,9.11
6094,6094,Tundav,CGWB,24,Gujarat,461,Vadodara,SAVLI,SAVLI,Tundav,-,-,-,-,-,-,22.48333333,73.20277778,,30-05-2022 06:00,12.43
6095,6095,Tundav,CGWB,24,Gujarat,461,Vadodara,SAVLI,SAVLI,Tundav,-,-,-,-,-,-,22.48333333,73.20277778,,30-08-2022 06:00,5.85
6096,6096,Tundav,CGWB,24,Gujarat,461,Vadodara,SAVLI,SAVLI,Tundav,-,-,-,-,-,-,22.48333333,73.20277778,,10-11-2022 06:00,5.48
6097,6097,Tundav,CGWB,24,Gujarat,461,Vadodara,SAVLI,SAVLI,Tundav,-,-,-,-,-,-,22.48333333,73.20277778,,30-05-2023 10:00,7.45
6098,6098,Tunga,CGWB,24,Gujarat,449,Kachchh,BHUJ,BHUJ,Tunga,-,-,-,-,-,-,23.81833333,69.85500000,,30-11-2021 06:00,2.1
6099,6099,Tunga,CGWB,24,Gujarat,449,Kachchh,BHUJ,BHUJ,Tunga,-,-,-,-,-,-,23.81833333,69.85500000,,30-01-2022 07:00,2.32
6100,6100,Tunga,CGWB,24,Gujarat,449,Kachchh,BHUJ,BHUJ,Tunga,-,-,-,-,-,-,23.81833333,69.85500000,,30-08-2022 06:00,1.67
6101,6101,Tuwa,CGWB,24,Gujarat,454,Panchmahals,GODHRA,GODHRA,Tuwa,-,-,-,-,-,-,22.80416667,73.47083333,,10-01-2021 00:00,3.04
6102,6102,Tuwa,CGWB,24,Gujarat,454,Panchmahals,GODHRA,GODHRA,Tuwa,-,-,-,-,-,-,22.80416667,73.47083333,,31-08-2021 06:00,4.56
6103,6103,Tuwa,CGWB,24,Gujarat,454,Panchmahals,GODHRA,GODHRA,Tuwa,-,-,-,-,-,-,22.80416667,73.47083333,,30-11-2021 06:00,3
6104,6104,Tuwa,CGWB,24,Gujarat,454,Panchmahals,GODHRA,GODHRA,Tuwa,-,-,-,-,-,-,22.80416667,73.47083333,,30-01-2022 07:00,4.05
6105,6105,Tuwa,CGWB,24,Gujarat,454,Panchmahals,GODHRA,GODHRA,Tuwa,-,-,-,-,-,-,22.80416667,73.47083333,,30-05-2022 06:00,5.12
6106,6106,Tuwa,CGWB,24,Gujarat,454,Panchmahals,GODHRA,GODHRA,Tuwa,-,-,-,-,-,-,22.80416667,73.47083333,,30-08-2022 06:00,3.44
6107,6107,Tuwa,CGWB,24,Gujarat,454,Panchmahals,GODHRA,GODHRA,Tuwa,-,-,-,-,-,-,22.80416667,73.47083333,,10-11-2022 06:00,1.83
6108,6108,Tuwa,CGWB,24,Gujarat,454,Panchmahals,GODHRA,GODHRA,Tuwa,-,-,-,-,-,-,22.80416667,73.47083333,,30-05-2023 10:00,5.3999996
6109,6109,Ubhrat,CGWB,24,Gujarat,453,Navsari,JALALPORE,JALALPORE,Ubhrat,-,-,-,-,-,-,21.00833333,72.74583333,,10-01-2021 00:00,2.85
6110,6110,Ubhrat,CGWB,24,Gujarat,453,Navsari,JALALPORE,JALALPORE,Ubhrat,-,-,-,-,-,-,21.00833333,72.74583333,,30-01-2022 07:00,2.55
6111,6111,Ubhrat,CGWB,24,Gujarat,453,Navsari,JALALPORE,JALALPORE,Ubhrat,-,-,-,-,-,-,21.00833333,72.74583333,,30-05-2022 06:00,4.01
6112,6112,Ubhrat,CGWB,24,Gujarat,453,Navsari,JALALPORE,JALALPORE,Ubhrat,-,-,-,-,-,-,21.00833333,72.74583333,,30-08-2022 06:00,1.15
6113,6113,Ubhrat,CGWB,24,Gujarat,453,Navsari,JALALPORE,JALALPORE,Ubhrat,-,-,-,-,-,-,21.00833333,72.74583333,,10-11-2022 06:00,1.45
6114,6114,Ubhrat,CGWB,24,Gujarat,453,Navsari,JALALPORE,JALALPORE,Ubhrat,-,-,-,-,-,-,21.00833333,72.74583333,,30-05-2023 10:00,4.38
6115,6115,Ubhrat,CGWB,24,Gujarat,453,Navsari,JALALPORE,JALALPORE,Ubhrat,-,-,-,-,-,-,21.00833333,72.74583333,,30-08-2023 18:00,2.95
6116,6116,Ucharpi Pz,CGWB,24,Gujarat,454,Panchmahals,LUNAWADA,LUNAWADA,Ucharpi Pz,-,-,-,-,-,-,23.11916667,73.47166667,,10-01-2021 00:00,13.1
6117,6117,Ucharpi Pz,CGWB,24,Gujarat,454,Panchmahals,LUNAWADA,LUNAWADA,Ucharpi Pz,-,-,-,-,-,-,23.11916667,73.47166667,,31-08-2021 06:00,13.01
6118,6118,Ucharpi Pz,CGWB,24,Gujarat,454,Panchmahals,LUNAWADA,LUNAWADA,Ucharpi Pz,-,-,-,-,-,-,23.11916667,73.47166667,,30-11-2021 06:00,14.8
6119,6119,Ucharpi Pz,CGWB,24,Gujarat,454,Panchmahals,LUNAWADA,LUNAWADA,Ucharpi Pz,-,-,-,-,-,-,23.11916667,73.47166667,,30-01-2022 07:00,13.9
6120,6120,Ucharpi Pz,CGWB,24,Gujarat,454,Panchmahals,LUNAWADA,LUNAWADA,Ucharpi Pz,-,-,-,-,-,-,23.11916667,73.47166667,,30-05-2022 06:00,23.66
6121,6121,Ucharpi Pz,CGWB,24,Gujarat,454,Panchmahals,LUNAWADA,LUNAWADA,Ucharpi Pz,-,-,-,-,-,-,23.11916667,73.47166667,,30-08-2022 06:00,10.34
6122,6122,Ucharpi Pz,CGWB,24,Gujarat,454,Panchmahals,LUNAWADA,LUNAWADA,Ucharpi Pz,-,-,-,-,-,-,23.11916667,73.47166667,,10-11-2022 06:00,12.17
6123,6123,Ucharpi Pz,CGWB,24,Gujarat,454,Panchmahals,LUNAWADA,LUNAWADA,Ucharpi Pz,-,-,-,-,-,-,23.11916667,73.47166667,,10-01-2023 18:00,12.38
6124,6124,Ucharpi Pz,CGWB,24,Gujarat,454,Panchmahals,LUNAWADA,LUNAWADA,Ucharpi Pz,-,-,-,-,-,-,23.11916667,73.47166667,,30-05-2023 10:00,21.66
6125,6125,Uchchhal,CGWB,24,Gujarat,459,Surat,UCHCHHAL,UCHCHHAL,Uchchhal,-,-,-,-,-,-,21.17194444,73.76916667,,10-01-2021 00:00,6.73
6126,6126,Uchchhal,CGWB,24,Gujarat,459,Surat,UCHCHHAL,UCHCHHAL,Uchchhal,-,-,-,-,-,-,21.17194444,73.76916667,,31-08-2021 06:00,10.65
6127,6127,Uchchhal,CGWB,24,Gujarat,459,Surat,UCHCHHAL,UCHCHHAL,Uchchhal,-,-,-,-,-,-,21.17194444,73.76916667,,30-11-2021 06:00,9.95
6128,6128,Uchchhal,CGWB,24,Gujarat,459,Surat,UCHCHHAL,UCHCHHAL,Uchchhal,-,-,-,-,-,-,21.17194444,73.76916667,,30-01-2022 07:00,10.65
6129,6129,Uchchhal,CGWB,24,Gujarat,459,Surat,UCHCHHAL,UCHCHHAL,Uchchhal,-,-,-,-,-,-,21.17194444,73.76916667,,30-05-2022 06:00,11.6
6130,6130,Uchchhal,CGWB,24,Gujarat,459,Surat,UCHCHHAL,UCHCHHAL,Uchchhal,-,-,-,-,-,-,21.17194444,73.76916667,,10-11-2022 06:00,6.33
6131,6131,Uchchhal,CGWB,24,Gujarat,459,Surat,UCHCHHAL,UCHCHHAL,Uchchhal,-,-,-,-,-,-,21.17194444,73.76916667,,30-05-2023 10:00,
6132,6132,Uchchhal,CGWB,24,Gujarat,459,Surat,UCHCHHAL,UCHCHHAL,Uchchhal,-,-,-,-,-,-,21.17194444,73.76916667,,30-08-2023 18:00,6.8999996
6133,6133,Udwada,CGWB,24,Gujarat,462,Valsad,PARDI,PARDI,Udwada,-,-,-,-,-,-,20.46361111,72.91805556,,10-01-2021 00:00,3.03
6134,6134,Udwada,CGWB,24,Gujarat,462,Valsad,PARDI,PARDI,Udwada,-,-,-,-,-,-,20.46361111,72.91805556,,31-08-2021 06:00,2.55
6135,6135,Udwada,CGWB,24,Gujarat,462,Valsad,PARDI,PARDI,Udwada,-,-,-,-,-,-,20.46361111,72.91805556,,30-11-2021 06:00,2.65
6136,6136,Udwada,CGWB,24,Gujarat,462,Valsad,PARDI,PARDI,Udwada,-,-,-,-,-,-,20.46361111,72.91805556,,30-01-2022 07:00,3.2
6137,6137,Udwada,CGWB,24,Gujarat,462,Valsad,PARDI,PARDI,Udwada,-,-,-,-,-,-,20.46361111,72.91805556,,30-08-2022 06:00,1.45
6138,6138,Ugardi,CGWB,24,Gujarat,449,Kachchh,NAKHATRANA,NAKHATRANA,Ugardi,-,-,-,-,-,-,23.46305556,69.13805556,,10-01-2021 00:00,26.4
6139,6139,Ugardi,CGWB,24,Gujarat,449,Kachchh,NAKHATRANA,NAKHATRANA,Ugardi,-,-,-,-,-,-,23.46305556,69.13805556,,31-08-2021 06:00,40.8
6140,6140,Ugardi,CGWB,24,Gujarat,449,Kachchh,NAKHATRANA,NAKHATRANA,Ugardi,-,-,-,-,-,-,23.46305556,69.13805556,,30-11-2021 06:00,40.8
6141,6141,Ugardi,CGWB,24,Gujarat,449,Kachchh,NAKHATRANA,NAKHATRANA,Ugardi,-,-,-,-,-,-,23.46305556,69.13805556,,30-01-2022 07:00,40.8
6142,6142,Ughraj1,CGWB,24,Gujarat,438,Ahmedabad,MANDAL,MANDAL,Ughraj,-,-,-,-,-,-,23.36666667,72.10000000,,31-08-2021 06:00,6.82
6143,6143,Umadpura,CGWB,24,Gujarat,458,Sabarkantha,TALOD,TALOD,Umadpura,-,-,-,-,-,-,23.30361111,72.96444444,,10-01-2021 00:00,8.52
6144,6144,Umadpura,CGWB,24,Gujarat,458,Sabarkantha,TALOD,TALOD,Umadpura,-,-,-,-,-,-,23.30361111,72.96444444,,31-08-2021 06:00,13.6
6145,6145,Umadpura,CGWB,24,Gujarat,458,Sabarkantha,TALOD,TALOD,Umadpura,-,-,-,-,-,-,23.30361111,72.96444444,,30-11-2021 06:00,6.75
6146,6146,Umadpura,CGWB,24,Gujarat,458,Sabarkantha,TALOD,TALOD,Umadpura,-,-,-,-,-,-,23.30361111,72.96444444,,30-01-2022 07:00,10.35
6147,6147,Umadpura,CGWB,24,Gujarat,458,Sabarkantha,TALOD,TALOD,Umadpura,-,-,-,-,-,-,23.30361111,72.96444444,,30-05-2022 06:00,11.8
6148,6148,Umadpura,CGWB,24,Gujarat,458,Sabarkantha,TALOD,TALOD,Umadpura,-,-,-,-,-,-,23.30361111,72.96444444,,30-08-2022 06:00,3.4
6149,6149,Umadpura,CGWB,24,Gujarat,458,Sabarkantha,TALOD,TALOD,Umadpura,-,-,-,-,-,-,23.30361111,72.96444444,,10-11-2022 06:00,5.2
6150,6150,Umadpura,CGWB,24,Gujarat,458,Sabarkantha,TALOD,TALOD,Umadpura,-,-,-,-,-,-,23.30361111,72.96444444,,10-01-2023 18:00,5.93
6151,6151,Umadpura,CGWB,24,Gujarat,458,Sabarkantha,TALOD,TALOD,Umadpura,-,-,-,-,-,-,23.30361111,72.96444444,,30-05-2023 10:00,12.3
6152,6152,Umargaon,CGWB,24,Gujarat,462,Valsad,UMBERGAON,UMBERGAON,Umargaon,-,-,-,-,-,-,20.19166667,72.75000000,,10-01-2021 00:00,3.97
6153,6153,Umargaon,CGWB,24,Gujarat,462,Valsad,UMBERGAON,UMBERGAON,Umargaon,-,-,-,-,-,-,20.19166667,72.75000000,,31-08-2021 06:00,1.9
6154,6154,Umargaon,CGWB,24,Gujarat,462,Valsad,UMBERGAON,UMBERGAON,Umargaon,-,-,-,-,-,-,20.19166667,72.75000000,,30-11-2021 06:00,4.5
6155,6155,Umargaon,CGWB,24,Gujarat,462,Valsad,UMBERGAON,UMBERGAON,Umargaon,-,-,-,-,-,-,20.19166667,72.75000000,,30-01-2022 07:00,3.75
6156,6156,Umargaon,CGWB,24,Gujarat,462,Valsad,UMBERGAON,UMBERGAON,Umargaon,-,-,-,-,-,-,20.19166667,72.75000000,,30-05-2022 06:00,4.2
6157,6157,Umargaon,CGWB,24,Gujarat,462,Valsad,UMBERGAON,UMBERGAON,Umargaon,-,-,-,-,-,-,20.19166667,72.75000000,,30-08-2022 06:00,3.65
6158,6158,Umargaon,CGWB,24,Gujarat,462,Valsad,UMBERGAON,UMBERGAON,Umargaon,-,-,-,-,-,-,20.19166667,72.75000000,,10-11-2022 06:00,3.85
6159,6159,Umargaon,CGWB,24,Gujarat,462,Valsad,UMBERGAON,UMBERGAON,Umargaon,-,-,-,-,-,-,20.19166667,72.75000000,,30-05-2023 10:00,4.12
6160,6160,Umberpada,CGWB,24,Gujarat,444,Dang,The dangs,The dangs,Umberpada,-,-,-,-,-,-,20.68333333,73.72500000,,10-01-2021 00:00,1.63
6161,6161,Umberpada,CGWB,24,Gujarat,444,Dang,The dangs,The dangs,Umberpada,-,-,-,-,-,-,20.68333333,73.72500000,,31-08-2021 06:00,0.15
6162,6162,Umberpada,CGWB,24,Gujarat,444,Dang,The dangs,The dangs,Umberpada,-,-,-,-,-,-,20.68333333,73.72500000,,30-11-2021 06:00,0.65
6163,6163,Umberpada,CGWB,24,Gujarat,444,Dang,The dangs,The dangs,Umberpada,-,-,-,-,-,-,20.68333333,73.72500000,,30-01-2022 07:00,1.85
6164,6164,Umberpada,CGWB,24,Gujarat,444,Dang,The dangs,The dangs,Umberpada,-,-,-,-,-,-,20.68333333,73.72500000,,30-05-2022 06:00,4.07
6165,6165,Umberpada,CGWB,24,Gujarat,444,Dang,The dangs,The dangs,Umberpada,-,-,-,-,-,-,20.68333333,73.72500000,,10-11-2022 06:00,0.79
6166,6166,Umberpada,CGWB,24,Gujarat,444,Dang,The dangs,The dangs,Umberpada,-,-,-,-,-,-,20.68333333,73.72500000,,30-05-2023 10:00,4.65
6167,6167,Umberpada,CGWB,24,Gujarat,444,Dang,The dangs,The dangs,Umberpada,-,-,-,-,-,-,20.68333333,73.72500000,,30-08-2023 18:00,1
6168,6168,Umrala,CGWB,24,Gujarat,443,Bhavnagar,UMRALA,UMRALA,Umrala,-,-,-,-,-,-,21.84722222,71.80833333,,10-01-2021 00:00,5.6
6169,6169,Umrala,CGWB,24,Gujarat,443,Bhavnagar,UMRALA,UMRALA,Umrala,-,-,-,-,-,-,21.84722222,71.80833333,,31-08-2021 06:00,6.5
6170,6170,Umrala,CGWB,24,Gujarat,443,Bhavnagar,UMRALA,UMRALA,Umrala,-,-,-,-,-,-,21.84722222,71.80833333,,30-11-2021 06:00,4.6
6171,6171,Umrala,CGWB,24,Gujarat,443,Bhavnagar,UMRALA,UMRALA,Umrala,-,-,-,-,-,-,21.84722222,71.80833333,,30-01-2022 07:00,5.8
6172,6172,Umrala,CGWB,24,Gujarat,443,Bhavnagar,UMRALA,UMRALA,Umrala,-,-,-,-,-,-,21.84722222,71.80833333,,30-05-2022 06:00,6.7
6173,6173,Umrala,CGWB,24,Gujarat,443,Bhavnagar,UMRALA,UMRALA,Umrala,-,-,-,-,-,-,21.84722222,71.80833333,,30-08-2022 06:00,4.92
6174,6174,Umrala,CGWB,24,Gujarat,443,Bhavnagar,UMRALA,UMRALA,Umrala,-,-,-,-,-,-,21.84722222,71.80833333,,10-11-2022 06:00,4.86
6175,6175,Umrala,CGWB,24,Gujarat,443,Bhavnagar,UMRALA,UMRALA,Umrala,-,-,-,-,-,-,21.84722222,71.80833333,,30-05-2023 10:00,9.72
6176,6176,Umrali,CGWB,24,Gujarat,457,Rajkot,JETPUR,JETPUR,Umrali,-,-,-,-,-,-,21.91944444,70.60416667,,10-01-2021 00:00,11.9
6177,6177,Umrali,CGWB,24,Gujarat,457,Rajkot,JETPUR,JETPUR,Umrali,-,-,-,-,-,-,21.91944444,70.60416667,,30-11-2021 06:00,4.1
6178,6178,Umrali,CGWB,24,Gujarat,457,Rajkot,JETPUR,JETPUR,Umrali,-,-,-,-,-,-,21.91944444,70.60416667,,30-01-2022 07:00,6.05
6179,6179,Umrali,CGWB,24,Gujarat,457,Rajkot,JETPUR,JETPUR,Umrali,-,-,-,-,-,-,21.91944444,70.60416667,,30-05-2022 06:00,11.7
6180,6180,Umrali,CGWB,24,Gujarat,457,Rajkot,JETPUR,JETPUR,Umrali,-,-,-,-,-,-,21.91944444,70.60416667,,30-08-2022 06:00,2.47
6181,6181,Umrali,CGWB,24,Gujarat,457,Rajkot,JETPUR,JETPUR,Umrali,-,-,-,-,-,-,21.91944444,70.60416667,,10-11-2022 06:00,4.2
6182,6182,Umrali,CGWB,24,Gujarat,457,Rajkot,JETPUR,JETPUR,Umrali,-,-,-,-,-,-,21.91944444,70.60416667,,30-05-2023 10:00,13.6
6183,6183,Umran,CGWB,24,Gujarat,452,Narmada,SAGBARA,SAGBARA,Umran,-,-,-,-,-,-,21.48805556,73.88305556,,10-01-2021 00:00,2.95
6184,6184,Umran,CGWB,24,Gujarat,452,Narmada,SAGBARA,SAGBARA,Umran,-,-,-,-,-,-,21.48805556,73.88305556,,31-08-2021 06:00,4.4
6185,6185,Umran,CGWB,24,Gujarat,452,Narmada,SAGBARA,SAGBARA,Umran,-,-,-,-,-,-,21.48805556,73.88305556,,30-11-2021 06:00,1.5
6186,6186,Umran,CGWB,24,Gujarat,452,Narmada,SAGBARA,SAGBARA,Umran,-,-,-,-,-,-,21.48805556,73.88305556,,30-01-2022 07:00,2.56
6187,6187,Umran,CGWB,24,Gujarat,452,Narmada,SAGBARA,SAGBARA,Umran,-,-,-,-,-,-,21.48805556,73.88305556,,30-05-2023 10:00,14.79
6188,6188,Una2,CGWB,24,Gujarat,448,Junagadh,UNA,UNA,Una,-,-,-,-,-,-,20.82500000,71.04166667,,10-01-2021 00:00,3.42
6189,6189,Una2,CGWB,24,Gujarat,448,Junagadh,UNA,UNA,Una,-,-,-,-,-,-,20.82500000,71.04166667,,31-08-2021 06:00,2.03
6190,6190,Una2,CGWB,24,Gujarat,448,Junagadh,UNA,UNA,Una,-,-,-,-,-,-,20.82500000,71.04166667,,30-11-2021 06:00,2.53
6191,6191,Una2,CGWB,24,Gujarat,448,Junagadh,UNA,UNA,Una,-,-,-,-,-,-,20.82500000,71.04166667,,30-01-2022 07:00,3.79
6192,6192,Una2,CGWB,24,Gujarat,448,Junagadh,UNA,UNA,Una,-,-,-,-,-,-,20.82500000,71.04166667,,30-05-2022 06:00,5.69
6193,6193,Una2,CGWB,24,Gujarat,448,Junagadh,UNA,UNA,Una,-,-,-,-,-,-,20.82500000,71.04166667,,30-08-2022 06:00,0.44
6194,6194,Una2,CGWB,24,Gujarat,448,Junagadh,UNA,UNA,Una,-,-,-,-,-,-,20.82500000,71.04166667,,30-05-2023 10:00,6.27
6195,6195,Unad1,CGWB,24,Gujarat,451,Mahesana,KHERALU,KHERALU,Unad,-,-,-,-,-,-,23.84583333,72.71666667,,10-01-2021 00:00,22.72
6196,6196,Unai,CGWB,24,Gujarat,453,Navsari,BANSDA,BANSDA,Unai,-,-,-,-,-,-,20.85000000,73.34166667,,10-01-2021 00:00,9.56
6197,6197,Unai,CGWB,24,Gujarat,453,Navsari,BANSDA,BANSDA,Unai,-,-,-,-,-,-,20.85000000,73.34166667,,30-08-2023 18:00,4
6198,6198,Unawa,CGWB,24,Gujarat,451,Mahesana,UNJHA,UNJHA,Unawa,-,-,-,-,-,-,23.76666667,72.36250000,,10-01-2021 00:00,4.59
6199,6199,Unawa,CGWB,24,Gujarat,451,Mahesana,UNJHA,UNJHA,Unawa,-,-,-,-,-,-,23.76666667,72.36250000,,31-08-2021 06:00,3.69
6200,6200,Unawa,CGWB,24,Gujarat,451,Mahesana,UNJHA,UNJHA,Unawa,-,-,-,-,-,-,23.76666667,72.36250000,,30-11-2021 06:00,2.88
6201,6201,Unawa,CGWB,24,Gujarat,451,Mahesana,UNJHA,UNJHA,Unawa,-,-,-,-,-,-,23.76666667,72.36250000,,30-01-2022 07:00,2.6
6202,6202,Unawa,CGWB,24,Gujarat,451,Mahesana,UNJHA,UNJHA,Unawa,-,-,-,-,-,-,23.76666667,72.36250000,,30-05-2022 06:00,2.75
6203,6203,Unawa,CGWB,24,Gujarat,451,Mahesana,UNJHA,UNJHA,Unawa,-,-,-,-,-,-,23.76666667,72.36250000,,30-08-2022 06:00,2.45
6204,6204,Unawa,CGWB,24,Gujarat,451,Mahesana,UNJHA,UNJHA,Unawa,-,-,-,-,-,-,23.76666667,72.36250000,,10-11-2022 06:00,3.13
6205,6205,Unawa,CGWB,24,Gujarat,451,Mahesana,UNJHA,UNJHA,Unawa,-,-,-,-,-,-,23.76666667,72.36250000,,30-05-2023 10:00,3.28
6206,6206,Unjha,CGWB,24,Gujarat,451,Mahesana,UNJHA,UNJHA,Unjha,-,-,-,-,-,-,23.79777778,72.39444444,,10-01-2021 00:00,6.58
6207,6207,Unjha,CGWB,24,Gujarat,451,Mahesana,UNJHA,UNJHA,Unjha,-,-,-,-,-,-,23.79777778,72.39444444,,31-08-2021 06:00,4.12
6208,6208,Unjha,CGWB,24,Gujarat,451,Mahesana,UNJHA,UNJHA,Unjha,-,-,-,-,-,-,23.79777778,72.39444444,,30-11-2021 06:00,3.14
6209,6209,Unjha,CGWB,24,Gujarat,451,Mahesana,UNJHA,UNJHA,Unjha,-,-,-,-,-,-,23.79777778,72.39444444,,30-01-2022 07:00,4.1
6210,6210,Unjha,CGWB,24,Gujarat,451,Mahesana,UNJHA,UNJHA,Unjha,-,-,-,-,-,-,23.79777778,72.39444444,,30-05-2022 06:00,3.12
6211,6211,Unjha,CGWB,24,Gujarat,451,Mahesana,UNJHA,UNJHA,Unjha,-,-,-,-,-,-,23.79777778,72.39444444,,30-08-2022 06:00,1.8
6212,6212,Unjha,CGWB,24,Gujarat,451,Mahesana,UNJHA,UNJHA,Unjha,-,-,-,-,-,-,23.79777778,72.39444444,,10-11-2022 06:00,4.21
6213,6213,Unjha,CGWB,24,Gujarat,451,Mahesana,UNJHA,UNJHA,Unjha,-,-,-,-,-,-,23.79777778,72.39444444,,30-05-2023 10:00,7.22
6214,6214,Untvad,CGWB,24,Gujarat,439,Amreli,BABRA,BABRA,Untvad,-,-,-,-,-,-,21.91666667,71.21666667,,10-01-2021 00:00,13.4
6215,6215,Untvad,CGWB,24,Gujarat,439,Amreli,BABRA,BABRA,Untvad,-,-,-,-,-,-,21.91666667,71.21666667,,31-08-2021 06:00,5.92
6216,6216,Untvad,CGWB,24,Gujarat,439,Amreli,BABRA,BABRA,Untvad,-,-,-,-,-,-,21.91666667,71.21666667,,30-11-2021 06:00,2.11
6217,6217,Untvad,CGWB,24,Gujarat,439,Amreli,BABRA,BABRA,Untvad,-,-,-,-,-,-,21.91666667,71.21666667,,30-01-2022 07:00,5.1
6218,6218,Untvad,CGWB,24,Gujarat,439,Amreli,BABRA,BABRA,Untvad,-,-,-,-,-,-,21.91666667,71.21666667,,30-05-2022 06:00,14.58
6219,6219,Untvad,CGWB,24,Gujarat,439,Amreli,BABRA,BABRA,Untvad,-,-,-,-,-,-,21.91666667,71.21666667,,30-08-2022 06:00,0.66
6220,6220,Untvad,CGWB,24,Gujarat,439,Amreli,BABRA,BABRA,Untvad,-,-,-,-,-,-,21.91666667,71.21666667,,30-05-2023 10:00,14.95
6221,6221,Upardhal1,CGWB,24,Gujarat,438,Ahmedabad,SANAND,SANAND,Upardhal,-,-,-,-,-,-,22.85000000,72.14583333,,31-08-2021 06:00,11.9
6222,6222,Upardhal1,CGWB,24,Gujarat,438,Ahmedabad,SANAND,SANAND,Upardhal,-,-,-,-,-,-,22.85000000,72.14583333,,30-11-2021 06:00,11.9
6223,6223,Upleta1,CGWB,24,Gujarat,457,Rajkot,UPLETA,UPLETA,Upleta,-,-,-,-,-,-,21.74861111,70.27500000,,10-01-2021 00:00,5.64
6224,6224,Upleta1,CGWB,24,Gujarat,457,Rajkot,UPLETA,UPLETA,Upleta,-,-,-,-,-,-,21.74861111,70.27500000,,31-08-2021 06:00,5.61
6225,6225,Upleta1,CGWB,24,Gujarat,457,Rajkot,UPLETA,UPLETA,Upleta,-,-,-,-,-,-,21.74861111,70.27500000,,30-11-2021 06:00,5.56
6226,6226,Upleta1,CGWB,24,Gujarat,457,Rajkot,UPLETA,UPLETA,Upleta,-,-,-,-,-,-,21.74861111,70.27500000,,30-01-2022 07:00,5.61
6227,6227,Upleta1,CGWB,24,Gujarat,457,Rajkot,UPLETA,UPLETA,Upleta,-,-,-,-,-,-,21.74861111,70.27500000,,30-05-2022 06:00,5.91
6228,6228,Upleta1,CGWB,24,Gujarat,457,Rajkot,UPLETA,UPLETA,Upleta,-,-,-,-,-,-,21.74861111,70.27500000,,30-08-2022 06:00,3.94
6229,6229,Upleta1,CGWB,24,Gujarat,457,Rajkot,UPLETA,UPLETA,Upleta,-,-,-,-,-,-,21.74861111,70.27500000,,10-11-2022 06:00,5.12
6230,6230,Upleta1,CGWB,24,Gujarat,457,Rajkot,UPLETA,UPLETA,Upleta,-,-,-,-,-,-,21.74861111,70.27500000,,30-05-2023 10:00,6.11
6231,6231,Utraj,CGWB,24,Gujarat,442,Bharuch,HANSOT,HANSOT,Utraj,-,-,-,-,-,-,21.59166667,72.82500000,,10-01-2021 00:00,5.2
6232,6232,Utraj,CGWB,24,Gujarat,442,Bharuch,HANSOT,HANSOT,Utraj,-,-,-,-,-,-,21.59166667,72.82500000,,31-08-2021 06:00,3.7
6233,6233,Utraj,CGWB,24,Gujarat,442,Bharuch,HANSOT,HANSOT,Utraj,-,-,-,-,-,-,21.59166667,72.82500000,,30-11-2021 06:00,3.9
6234,6234,Utraj,CGWB,24,Gujarat,442,Bharuch,HANSOT,HANSOT,Utraj,-,-,-,-,-,-,21.59166667,72.82500000,,30-01-2022 07:00,3.19
6235,6235,Utraj,CGWB,24,Gujarat,442,Bharuch,HANSOT,HANSOT,Utraj,-,-,-,-,-,-,21.59166667,72.82500000,,30-05-2022 06:00,2.65
6236,6236,Utraj,CGWB,24,Gujarat,442,Bharuch,HANSOT,HANSOT,Utraj,-,-,-,-,-,-,21.59166667,72.82500000,,30-08-2022 06:00,2.68
6237,6237,Utraj,CGWB,24,Gujarat,442,Bharuch,HANSOT,HANSOT,Utraj,-,-,-,-,-,-,21.59166667,72.82500000,,10-11-2022 06:00,3.9
6238,6238,Utraj,CGWB,24,Gujarat,442,Bharuch,HANSOT,HANSOT,Utraj,-,-,-,-,-,-,21.59166667,72.82500000,,30-05-2023 10:00,4.6
6239,6239,Vadade-Khurd,CGWB,24,Gujarat,459,Surat,UCHCHHAL,UCHCHHAL,Vadade-Khurd,-,-,-,-,-,-,21.25166667,73.81694444,,10-01-2021 00:00,0.85
6240,6240,Vadal,CGWB,24,Gujarat,448,Junagadh,JUNAGADH,JUNAGADH,Vadal,-,-,-,-,-,-,21.60888889,70.50222222,,10-01-2021 00:00,7.45
6241,6241,Vadal,CGWB,24,Gujarat,443,Bhavnagar,PALITANA,PALITANA,Vadal,-,-,-,-,-,-,21.47694444,71.80611111,,10-01-2021 00:00,5.55
6242,6242,Vadal,CGWB,24,Gujarat,443,Bhavnagar,PALITANA,PALITANA,Vadal,-,-,-,-,-,-,21.47694444,71.80611111,,31-08-2021 06:00,3.47
6243,6243,Vadal,CGWB,24,Gujarat,443,Bhavnagar,PALITANA,PALITANA,Vadal,-,-,-,-,-,-,21.47694444,71.80611111,,30-11-2021 06:00,4
6244,6244,Vadal,CGWB,24,Gujarat,443,Bhavnagar,PALITANA,PALITANA,Vadal,-,-,-,-,-,-,21.47694444,71.80611111,,30-01-2022 07:00,2.74
6245,6245,Vadal,CGWB,24,Gujarat,448,Junagadh,JUNAGADH,JUNAGADH,Vadal,-,-,-,-,-,-,21.60888889,70.50222222,,30-01-2022 07:00,9.33
6246,6246,Vadal,CGWB,24,Gujarat,443,Bhavnagar,PALITANA,PALITANA,Vadal,-,-,-,-,-,-,21.47694444,71.80611111,,30-05-2022 06:00,10.96
6247,6247,Vadal,CGWB,24,Gujarat,443,Bhavnagar,PALITANA,PALITANA,Vadal,-,-,-,-,-,-,21.47694444,71.80611111,,30-08-2022 06:00,4.36
6248,6248,Vadal,CGWB,24,Gujarat,448,Junagadh,JUNAGADH,JUNAGADH,Vadal,-,-,-,-,-,-,21.60888889,70.50222222,,30-08-2022 06:00,7.24
6249,6249,Vadal,CGWB,24,Gujarat,448,Junagadh,JUNAGADH,JUNAGADH,Vadal,-,-,-,-,-,-,21.60888889,70.50222222,,10-11-2022 06:00,9.05
6250,6250,Vadal,CGWB,24,Gujarat,443,Bhavnagar,PALITANA,PALITANA,Vadal,-,-,-,-,-,-,21.47694444,71.80611111,,10-11-2022 06:00,10.23
6251,6251,Vadal,CGWB,24,Gujarat,448,Junagadh,JUNAGADH,JUNAGADH,Vadal,-,-,-,-,-,-,21.60888889,70.50222222,,30-05-2023 10:00,26.7
6252,6252,Vadala,CGWB,24,Gujarat,449,Kachchh,MUNDRA,MUNDRA,Vadala,-,-,-,-,-,-,22.91611111,69.85555556,,10-01-2021 00:00,6.1
6253,6253,Vadala,CGWB,24,Gujarat,449,Kachchh,MUNDRA,MUNDRA,Vadala,-,-,-,-,-,-,22.91611111,69.85555556,,31-08-2021 06:00,8
6254,6254,Vadala,CGWB,24,Gujarat,449,Kachchh,MUNDRA,MUNDRA,Vadala,-,-,-,-,-,-,22.91611111,69.85555556,,30-11-2021 06:00,6.7
6255,6255,Vadala,CGWB,24,Gujarat,449,Kachchh,MUNDRA,MUNDRA,Vadala,-,-,-,-,-,-,22.91611111,69.85555556,,30-01-2022 07:00,7.92
6256,6256,Vadala,CGWB,24,Gujarat,449,Kachchh,MUNDRA,MUNDRA,Vadala,-,-,-,-,-,-,22.91611111,69.85555556,,30-05-2022 06:00,10.33
6257,6257,Vadala,CGWB,24,Gujarat,449,Kachchh,MUNDRA,MUNDRA,Vadala,-,-,-,-,-,-,22.91611111,69.85555556,,30-08-2022 06:00,3.28
6258,6258,Vadala,CGWB,24,Gujarat,449,Kachchh,MUNDRA,MUNDRA,Vadala,-,-,-,-,-,-,22.91611111,69.85555556,,10-11-2022 06:00,4.19
6259,6259,Vadala,CGWB,24,Gujarat,449,Kachchh,MUNDRA,MUNDRA,Vadala,-,-,-,-,-,-,22.91611111,69.85555556,,30-05-2023 10:00,7.8
6260,6260,Vadodara I,CGWB,24,Gujarat,461,Vadodara,VADODARA,VADODARA,Vadodara I,-,-,-,-,-,-,22.30472222,73.27166667,,10-01-2021 00:00,6.1
6261,6261,Vadodara I,CGWB,24,Gujarat,461,Vadodara,VADODARA,VADODARA,Vadodara I,-,-,-,-,-,-,22.30472222,73.27166667,,31-08-2021 06:00,14.9
6262,6262,Vadodara I,CGWB,24,Gujarat,461,Vadodara,VADODARA,VADODARA,Vadodara I,-,-,-,-,-,-,22.30472222,73.27166667,,30-11-2021 06:00,5.5
6263,6263,Vadodara I,CGWB,24,Gujarat,461,Vadodara,VADODARA,VADODARA,Vadodara I,-,-,-,-,-,-,22.30472222,73.27166667,,30-01-2022 07:00,13.52
6264,6264,Vadodara I,CGWB,24,Gujarat,461,Vadodara,VADODARA,VADODARA,Vadodara I,-,-,-,-,-,-,22.30472222,73.27166667,,30-05-2022 06:00,18.92
6265,6265,Vadodara I,CGWB,24,Gujarat,461,Vadodara,VADODARA,VADODARA,Vadodara I,-,-,-,-,-,-,22.30472222,73.27166667,,30-08-2022 06:00,12.24
6266,6266,Vadodara I,CGWB,24,Gujarat,461,Vadodara,VADODARA,VADODARA,Vadodara I,-,-,-,-,-,-,22.30472222,73.27166667,,10-11-2022 06:00,13.04
6267,6267,Vadodara Ii,CGWB,24,Gujarat,461,Vadodara,VADODARA,VADODARA,Vadodara Ii,-,-,-,-,-,-,22.30472222,73.27166667,,10-01-2021 00:00,12.5
6268,6268,Vadodara Ii,CGWB,24,Gujarat,461,Vadodara,VADODARA,VADODARA,Vadodara Ii,-,-,-,-,-,-,22.30472222,73.27166667,,31-08-2021 06:00,6.8
6269,6269,Vadodara Ii,CGWB,24,Gujarat,461,Vadodara,VADODARA,VADODARA,Vadodara Ii,-,-,-,-,-,-,22.30472222,73.27166667,,30-01-2022 07:00,5.3
6270,6270,Vadodara Ii,CGWB,24,Gujarat,461,Vadodara,VADODARA,VADODARA,Vadodara Ii,-,-,-,-,-,-,22.30472222,73.27166667,,30-05-2022 06:00,8.19
6271,6271,Vadodara Ii,CGWB,24,Gujarat,461,Vadodara,VADODARA,VADODARA,Vadodara Ii,-,-,-,-,-,-,22.30472222,73.27166667,,30-08-2022 06:00,4.92
6272,6272,Vadodara Ii,CGWB,24,Gujarat,461,Vadodara,VADODARA,VADODARA,Vadodara Ii,-,-,-,-,-,-,22.30472222,73.27166667,,10-11-2022 06:00,5.32
6273,6273,Vadodara_Kevada Bag,CGWB,24,Gujarat,461,Vadodara,VADODARA,VADODARA,Vadodara,-,-,-,-,-,-,22.29333333,73.19833333,,10-01-2021 00:00,4.1
6274,6274,Vadodara_Kevada Bag,CGWB,24,Gujarat,461,Vadodara,VADODARA,VADODARA,Vadodara,-,-,-,-,-,-,22.29333333,73.19833333,,31-08-2021 06:00,5.94
6275,6275,Vadodara_Kevada Bag,CGWB,24,Gujarat,461,Vadodara,VADODARA,VADODARA,Vadodara,-,-,-,-,-,-,22.29333333,73.19833333,,30-11-2021 06:00,3.3
6276,6276,Vadodara_Kevada Bag,CGWB,24,Gujarat,461,Vadodara,VADODARA,VADODARA,Vadodara,-,-,-,-,-,-,22.29333333,73.19833333,,30-01-2022 07:00,2.97
6277,6277,Vadodara_Kevada Bag,CGWB,24,Gujarat,461,Vadodara,VADODARA,VADODARA,Vadodara,-,-,-,-,-,-,22.29333333,73.19833333,,30-05-2023 10:00,5.82
6278,6278,Vadodara_ONGC,CGWB,24,Gujarat,461,Vadodara,VADODARA,VADODARA,Vadodara,-,-,-,-,-,-,22.26916667,73.21277778,,10-01-2021 00:00,5.4
6279,6279,Vadodara_ONGC,CGWB,24,Gujarat,461,Vadodara,VADODARA,VADODARA,Vadodara,-,-,-,-,-,-,22.26916667,73.21277778,,31-08-2021 06:00,6.4
6280,6280,Vadodara_ONGC,CGWB,24,Gujarat,461,Vadodara,VADODARA,VADODARA,Vadodara,-,-,-,-,-,-,22.26916667,73.21277778,,30-11-2021 06:00,4.95
6281,6281,Vadodara_ONGC,CGWB,24,Gujarat,461,Vadodara,VADODARA,VADODARA,Vadodara,-,-,-,-,-,-,22.26916667,73.21277778,,30-01-2022 07:00,3.88
6282,6282,Vadodara_ONGC,CGWB,24,Gujarat,461,Vadodara,VADODARA,VADODARA,Vadodara,-,-,-,-,-,-,22.26916667,73.21277778,,30-05-2022 06:00,6.44
6283,6283,Vadodara_ONGC,CGWB,24,Gujarat,461,Vadodara,VADODARA,VADODARA,Vadodara,-,-,-,-,-,-,22.26916667,73.21277778,,10-11-2022 06:00,4.4
6284,6284,Vadodara_ONGC,CGWB,24,Gujarat,461,Vadodara,VADODARA,VADODARA,Vadodara,-,-,-,-,-,-,22.26916667,73.21277778,,30-05-2023 10:00,6.29
6285,6285,Vadodara_Sama,CGWB,24,Gujarat,461,Vadodara,VADODARA,VADODARA,Vadodara,-,-,-,-,-,-,22.34250000,73.20055556,,10-01-2021 00:00,3.7
6286,6286,Vadodara_Sama,CGWB,24,Gujarat,461,Vadodara,VADODARA,VADODARA,Vadodara,-,-,-,-,-,-,22.34250000,73.20055556,,31-08-2021 06:00,2.3
6287,6287,Vadodara_Sama,CGWB,24,Gujarat,461,Vadodara,VADODARA,VADODARA,Vadodara,-,-,-,-,-,-,22.34250000,73.20055556,,30-11-2021 06:00,2.1
6288,6288,Vadodara_Sama,CGWB,24,Gujarat,461,Vadodara,VADODARA,VADODARA,Vadodara,-,-,-,-,-,-,22.34250000,73.20055556,,30-01-2022 07:00,-0.07
6289,6289,Vad panchasara,CGWB,24,Gujarat,447,Jamnagar,LALPUR,LALPUR,Vad panchasara,-,-,-,-,-,-,22.23333333,70.11666667,,10-01-2021 00:00,4.55
6290,6290,Vad panchasara,CGWB,24,Gujarat,447,Jamnagar,LALPUR,LALPUR,Vad panchasara,-,-,-,-,-,-,22.23333333,70.11666667,,31-08-2021 06:00,11.5
6291,6291,Vad panchasara,CGWB,24,Gujarat,447,Jamnagar,LALPUR,LALPUR,Vad panchasara,-,-,-,-,-,-,22.23333333,70.11666667,,30-11-2021 06:00,1.75
6292,6292,Vad panchasara,CGWB,24,Gujarat,447,Jamnagar,LALPUR,LALPUR,Vad panchasara,-,-,-,-,-,-,22.23333333,70.11666667,,30-01-2022 07:00,3
6293,6293,Vad panchasara,CGWB,24,Gujarat,447,Jamnagar,LALPUR,LALPUR,Vad panchasara,-,-,-,-,-,-,22.23333333,70.11666667,,30-05-2022 06:00,15.13
6294,6294,Vad panchasara,CGWB,24,Gujarat,447,Jamnagar,LALPUR,LALPUR,Vad panchasara,-,-,-,-,-,-,22.23333333,70.11666667,,30-08-2022 06:00,1.05
6295,6295,Vad panchasara,CGWB,24,Gujarat,447,Jamnagar,LALPUR,LALPUR,Vad panchasara,-,-,-,-,-,-,22.23333333,70.11666667,,10-11-2022 06:00,5.37
6296,6296,Vad panchasara,CGWB,24,Gujarat,447,Jamnagar,LALPUR,LALPUR,Vad panchasara,-,-,-,-,-,-,22.23333333,70.11666667,,30-05-2023 10:00,16.8
6297,6297,Vadshala Pzi,CGWB,24,Gujarat,461,Vadodara,VADODARA,VADODARA,Vadshala Pzi,-,-,-,-,-,-,22.16305556,73.16944444,,30-11-2021 06:00,17.75
6298,6298,Vadshala Pzi,CGWB,24,Gujarat,461,Vadodara,VADODARA,VADODARA,Vadshala Pzi,-,-,-,-,-,-,22.16305556,73.16944444,,30-05-2023 10:00,18.46
6299,6299,Vadshala Pz-II,CGWB,24,Gujarat,461,Vadodara,VADODARA,VADODARA,Vadshala Pzi,-,-,-,-,-,-,22.16305556,73.16944444,,30-01-2022 07:00,-0.7
6300,6300,Vadtalav Pz,CGWB,24,Gujarat,461,Vadodara,JETPUR PAVI,JETPUR PAVI,Vadtalav,-,-,-,-,-,-,22.25861111,73.78388889,,10-01-2021 00:00,6.7
6301,6301,Vadtalav Pz,CGWB,24,Gujarat,461,Vadodara,JETPUR PAVI,JETPUR PAVI,Vadtalav,-,-,-,-,-,-,22.25861111,73.78388889,,31-08-2021 06:00,10.19
6302,6302,Vadtalav Pz,CGWB,24,Gujarat,461,Vadodara,JETPUR PAVI,JETPUR PAVI,Vadtalav,-,-,-,-,-,-,22.25861111,73.78388889,,30-11-2021 06:00,6.4
6303,6303,Vadtalav Pz,CGWB,24,Gujarat,461,Vadodara,JETPUR PAVI,JETPUR PAVI,Vadtalav,-,-,-,-,-,-,22.25861111,73.78388889,,30-01-2022 07:00,7.59
6304,6304,Vadtalav Pz,CGWB,24,Gujarat,461,Vadodara,JETPUR PAVI,JETPUR PAVI,Vadtalav,-,-,-,-,-,-,22.25861111,73.78388889,,30-05-2022 06:00,13.01
6305,6305,Vadtalav Pz,CGWB,24,Gujarat,461,Vadodara,JETPUR PAVI,JETPUR PAVI,Vadtalav,-,-,-,-,-,-,22.25861111,73.78388889,,10-11-2022 06:00,3.6
6306,6306,Vadtara,CGWB,24,Gujarat,447,Jamnagar,KHAMBHALIA,KHAMBHALIA,Vadtara,-,-,-,-,-,-,22.20833333,69.50000000,,10-01-2021 00:00,9.7
6307,6307,Vadtara,CGWB,24,Gujarat,447,Jamnagar,KHAMBHALIA,KHAMBHALIA,Vadtara,-,-,-,-,-,-,22.20833333,69.50000000,,31-08-2021 06:00,3.3
6308,6308,Vadtara,CGWB,24,Gujarat,447,Jamnagar,KHAMBHALIA,KHAMBHALIA,Vadtara,-,-,-,-,-,-,22.20833333,69.50000000,,30-11-2021 06:00,3.9
6309,6309,Vadtara,CGWB,24,Gujarat,447,Jamnagar,KHAMBHALIA,KHAMBHALIA,Vadtara,-,-,-,-,-,-,22.20833333,69.50000000,,30-01-2022 07:00,3.63
6310,6310,Vadtara,CGWB,24,Gujarat,447,Jamnagar,KHAMBHALIA,KHAMBHALIA,Vadtara,-,-,-,-,-,-,22.20833333,69.50000000,,30-08-2022 06:00,0.64
6311,6311,Vadtara,CGWB,24,Gujarat,447,Jamnagar,KHAMBHALIA,KHAMBHALIA,Vadtara,-,-,-,-,-,-,22.20833333,69.50000000,,10-11-2022 06:00,3.7
6312,6312,Vadtara,CGWB,24,Gujarat,447,Jamnagar,KHAMBHALIA,KHAMBHALIA,Vadtara,-,-,-,-,-,-,22.20833333,69.50000000,,30-05-2023 10:00,9.6
6313,6313,Vagad(Repl)_Pz,CGWB,24,Gujarat,438,Ahmedabad,DHANDHUKA,DHANDHUKA,Vagad,-,-,-,-,-,-,22.36027778,71.86805556,,10-01-2021 00:00,3.42
6314,6314,Vagad(Repl)_Pz,CGWB,24,Gujarat,438,Ahmedabad,DHANDHUKA,DHANDHUKA,Vagad,-,-,-,-,-,-,22.36027778,71.86805556,,31-08-2021 06:00,4.25
6315,6315,Vagad(Repl)_Pz,CGWB,24,Gujarat,438,Ahmedabad,DHANDHUKA,DHANDHUKA,Vagad,-,-,-,-,-,-,22.36027778,71.86805556,,30-11-2021 06:00,3.81
6316,6316,Vagad(Repl)_Pz,CGWB,24,Gujarat,438,Ahmedabad,DHANDHUKA,DHANDHUKA,Vagad,-,-,-,-,-,-,22.36027778,71.86805556,,30-01-2022 07:00,3.75
6317,6317,Vagad(Repl)_Pz,CGWB,24,Gujarat,438,Ahmedabad,DHANDHUKA,DHANDHUKA,Vagad,-,-,-,-,-,-,22.36027778,71.86805556,,30-05-2022 06:00,5.25
6318,6318,Vagad(Repl)_Pz,CGWB,24,Gujarat,438,Ahmedabad,DHANDHUKA,DHANDHUKA,Vagad,-,-,-,-,-,-,22.36027778,71.86805556,,30-08-2022 06:00,3.67
6319,6319,Vagad(Repl)_Pz,CGWB,24,Gujarat,438,Ahmedabad,DHANDHUKA,DHANDHUKA,Vagad,-,-,-,-,-,-,22.36027778,71.86805556,,10-11-2022 06:00,4.16
6320,6320,Vagad(Repl)_Pz,CGWB,24,Gujarat,438,Ahmedabad,DHANDHUKA,DHANDHUKA,Vagad,-,-,-,-,-,-,22.36027778,71.86805556,,01-01-2023 00:00,4.03
6321,6321,Vagad(Repl)_Pz,CGWB,24,Gujarat,438,Ahmedabad,DHANDHUKA,DHANDHUKA,Vagad,-,-,-,-,-,-,22.36027778,71.86805556,,10-01-2023 18:00,3.73
6322,6322,Vagad(Repl)_Pz,CGWB,24,Gujarat,438,Ahmedabad,DHANDHUKA,DHANDHUKA,Vagad,-,-,-,-,-,-,22.36027778,71.86805556,,30-05-2023 10:00,5.75
6323,6323,Vaghai,CGWB,24,Gujarat,444,Dang,The dangs,The dangs,Vaghai,-,-,-,-,-,-,20.76388889,73.50444444,,10-01-2021 00:00,7.99
6324,6324,Vaghai,CGWB,24,Gujarat,444,Dang,The dangs,The dangs,Vaghai,-,-,-,-,-,-,20.76388889,73.50444444,,30-01-2022 07:00,5.4
6325,6325,Vaghai,CGWB,24,Gujarat,444,Dang,The dangs,The dangs,Vaghai,-,-,-,-,-,-,20.76388889,73.50444444,,30-05-2022 06:00,11.95
6326,6326,Vaghai,CGWB,24,Gujarat,444,Dang,The dangs,The dangs,Vaghai,-,-,-,-,-,-,20.76388889,73.50444444,,30-08-2022 06:00,4.05
6327,6327,Vaghai,CGWB,24,Gujarat,444,Dang,The dangs,The dangs,Vaghai,-,-,-,-,-,-,20.76388889,73.50444444,,10-11-2022 06:00,7.3
6328,6328,Vaghai,CGWB,24,Gujarat,444,Dang,The dangs,The dangs,Vaghai,-,-,-,-,-,-,20.76388889,73.50444444,,30-05-2023 10:00,12.96
6329,6329,Vaghai,CGWB,24,Gujarat,444,Dang,The dangs,The dangs,Vaghai,-,-,-,-,-,-,20.76388889,73.50444444,,30-08-2023 18:00,5.3
6330,6330,Vaghania juna,CGWB,24,Gujarat,439,Amreli,BAGASARA,BAGASARA,Vaghania juna,-,-,-,-,-,-,21.58333333,70.96666667,,10-01-2021 00:00,2.93
6331,6331,Vaghania juna,CGWB,24,Gujarat,439,Amreli,BAGASARA,BAGASARA,Vaghania juna,-,-,-,-,-,-,21.58333333,70.96666667,,31-08-2021 06:00,1.33
6332,6332,Vaghania juna,CGWB,24,Gujarat,439,Amreli,BAGASARA,BAGASARA,Vaghania juna,-,-,-,-,-,-,21.58333333,70.96666667,,30-11-2021 06:00,1.5
6333,6333,Vaghania juna,CGWB,24,Gujarat,439,Amreli,BAGASARA,BAGASARA,Vaghania juna,-,-,-,-,-,-,21.58333333,70.96666667,,30-01-2022 07:00,3.63
6334,6334,Vaghania juna,CGWB,24,Gujarat,439,Amreli,BAGASARA,BAGASARA,Vaghania juna,-,-,-,-,-,-,21.58333333,70.96666667,,30-05-2022 06:00,4.8
6335,6335,Vaghania juna,CGWB,24,Gujarat,439,Amreli,BAGASARA,BAGASARA,Vaghania juna,-,-,-,-,-,-,21.58333333,70.96666667,,30-08-2022 06:00,1.76
6336,6336,Vaghania juna,CGWB,24,Gujarat,439,Amreli,BAGASARA,BAGASARA,Vaghania juna,-,-,-,-,-,-,21.58333333,70.96666667,,10-11-2022 06:00,13.78
6337,6337,Vaghania juna,CGWB,24,Gujarat,439,Amreli,BAGASARA,BAGASARA,Vaghania juna,-,-,-,-,-,-,21.58333333,70.96666667,,30-05-2023 10:00,9.01
6338,6338,Vagudan,CGWB,24,Gujarat,461,Vadodara,KAVANT,KAVANT,Vagudan,-,-,-,-,-,-,22.06666667,74.14166667,,10-01-2021 00:00,6.93
6339,6339,Vagudan,CGWB,24,Gujarat,461,Vadodara,KAVANT,KAVANT,Vagudan,-,-,-,-,-,-,22.06666667,74.14166667,,31-08-2021 06:00,5.97
6340,6340,Vagudan,CGWB,24,Gujarat,461,Vadodara,KAVANT,KAVANT,Vagudan,-,-,-,-,-,-,22.06666667,74.14166667,,30-11-2021 06:00,5.8
6341,6341,Vagudan,CGWB,24,Gujarat,461,Vadodara,KAVANT,KAVANT,Vagudan,-,-,-,-,-,-,22.06666667,74.14166667,,30-01-2022 07:00,5.37
6342,6342,Vagudan,CGWB,24,Gujarat,461,Vadodara,KAVANT,KAVANT,Vagudan,-,-,-,-,-,-,22.06666667,74.14166667,,30-05-2022 06:00,6.1
6343,6343,Vagudan,CGWB,24,Gujarat,461,Vadodara,KAVANT,KAVANT,Vagudan,-,-,-,-,-,-,22.06666667,74.14166667,,30-08-2022 06:00,4.1
6344,6344,Vagudan,CGWB,24,Gujarat,461,Vadodara,KAVANT,KAVANT,Vagudan,-,-,-,-,-,-,22.06666667,74.14166667,,10-11-2022 06:00,2.93
6345,6345,Vagudan,CGWB,24,Gujarat,461,Vadodara,KAVANT,KAVANT,Vagudan,-,-,-,-,-,-,22.06666667,74.14166667,,30-05-2023 10:00,6.34
6346,6346,Vaheval,CGWB,24,Gujarat,459,Surat,MAHUVA,MAHUVA,Vaheval,-,-,-,-,-,-,20.83722222,73.28777778,,10-01-2021 00:00,7.83
6347,6347,Vaheval,CGWB,24,Gujarat,459,Surat,MAHUVA,MAHUVA,Vaheval,-,-,-,-,-,-,20.83722222,73.28777778,,31-08-2021 06:00,3.59
6348,6348,Vaheval,CGWB,24,Gujarat,459,Surat,MAHUVA,MAHUVA,Vaheval,-,-,-,-,-,-,20.83722222,73.28777778,,30-11-2021 06:00,5.15
6349,6349,Vaheval,CGWB,24,Gujarat,459,Surat,MAHUVA,MAHUVA,Vaheval,-,-,-,-,-,-,20.83722222,73.28777778,,30-01-2022 07:00,5.75
6350,6350,Vaheval,CGWB,24,Gujarat,459,Surat,MAHUVA,MAHUVA,Vaheval,-,-,-,-,-,-,20.83722222,73.28777778,,30-05-2022 06:00,8.79
6351,6351,Vaheval,CGWB,24,Gujarat,459,Surat,MAHUVA,MAHUVA,Vaheval,-,-,-,-,-,-,20.83722222,73.28777778,,30-08-2022 06:00,1.25
6352,6352,Vaheval,CGWB,24,Gujarat,459,Surat,MAHUVA,MAHUVA,Vaheval,-,-,-,-,-,-,20.83722222,73.28777778,,10-11-2022 06:00,3.05
6353,6353,Vaheval,CGWB,24,Gujarat,459,Surat,MAHUVA,MAHUVA,Vaheval,-,-,-,-,-,-,20.83722222,73.28777778,,30-05-2023 10:00,9.54
6354,6354,Vaheval,CGWB,24,Gujarat,459,Surat,MAHUVA,MAHUVA,Vaheval,-,-,-,-,-,-,20.83722222,73.28777778,,30-08-2023 18:00,2.95
6355,6355,Vallabhipur1,CGWB,24,Gujarat,443,Bhavnagar,VALLABHIPUR,VALLABHIPUR,Vallabhipur,-,-,-,-,-,-,21.88333333,71.87777778,,10-01-2021 00:00,4.45
6356,6356,Vallabhipur1,CGWB,24,Gujarat,443,Bhavnagar,VALLABHIPUR,VALLABHIPUR,Vallabhipur,-,-,-,-,-,-,21.88333333,71.87777778,,31-08-2021 06:00,3.18
6357,6357,Vallabhipur1,CGWB,24,Gujarat,443,Bhavnagar,VALLABHIPUR,VALLABHIPUR,Vallabhipur,-,-,-,-,-,-,21.88333333,71.87777778,,30-11-2021 06:00,3.18
6358,6358,Vallabhipur1,CGWB,24,Gujarat,443,Bhavnagar,VALLABHIPUR,VALLABHIPUR,Vallabhipur,-,-,-,-,-,-,21.88333333,71.87777778,,30-01-2022 07:00,4.46
6359,6359,Vallabhipur1,CGWB,24,Gujarat,443,Bhavnagar,VALLABHIPUR,VALLABHIPUR,Vallabhipur,-,-,-,-,-,-,21.88333333,71.87777778,,30-08-2022 06:00,4.02
6360,6360,Vallabhipur1,CGWB,24,Gujarat,443,Bhavnagar,VALLABHIPUR,VALLABHIPUR,Vallabhipur,-,-,-,-,-,-,21.88333333,71.87777778,,10-11-2022 06:00,4.16
6361,6361,Vallbhipur,CGWB,24,Gujarat,443,Bhavnagar,VALLABHIPUR,VALLABHIPUR,Vallbhipur,-,-,-,-,-,-,21.88333333,71.87500000,,10-01-2021 00:00,3.9
6362,6362,Vallbhipur,CGWB,24,Gujarat,443,Bhavnagar,VALLABHIPUR,VALLABHIPUR,Vallbhipur,-,-,-,-,-,-,21.88333333,71.87500000,,31-08-2021 06:00,3.13
6363,6363,Vallbhipur,CGWB,24,Gujarat,443,Bhavnagar,VALLABHIPUR,VALLABHIPUR,Vallbhipur,-,-,-,-,-,-,21.88333333,71.87500000,,30-11-2021 06:00,2.2
6364,6364,Vallbhipur,CGWB,24,Gujarat,443,Bhavnagar,VALLABHIPUR,VALLABHIPUR,Vallbhipur,-,-,-,-,-,-,21.88333333,71.87500000,,30-01-2022 07:00,3.72
6365,6365,Vallbhipur,CGWB,24,Gujarat,443,Bhavnagar,VALLABHIPUR,VALLABHIPUR,Vallbhipur,-,-,-,-,-,-,21.88333333,71.87500000,,30-05-2022 06:00,4.6
6366,6366,Vallbhipur,CGWB,24,Gujarat,443,Bhavnagar,VALLABHIPUR,VALLABHIPUR,Vallbhipur,-,-,-,-,-,-,21.88333333,71.87500000,,30-08-2022 06:00,3.27
6367,6367,Vallbhipur,CGWB,24,Gujarat,443,Bhavnagar,VALLABHIPUR,VALLABHIPUR,Vallbhipur,-,-,-,-,-,-,21.88333333,71.87500000,,10-11-2022 06:00,4.63
6368,6368,Vallbhipur,CGWB,24,Gujarat,443,Bhavnagar,VALLABHIPUR,VALLABHIPUR,Vallbhipur,-,-,-,-,-,-,21.88333333,71.87500000,,30-05-2023 10:00,4.42
6369,6369,Valod,CGWB,24,Gujarat,459,Surat,VALOD,VALOD,Valod,-,-,-,-,-,-,21.05000000,73.26666667,,10-01-2021 00:00,5.82
6370,6370,Valod,CGWB,24,Gujarat,459,Surat,VALOD,VALOD,Valod,-,-,-,-,-,-,21.05000000,73.26666667,,31-08-2021 06:00,3.4
6371,6371,Valod,CGWB,24,Gujarat,459,Surat,VALOD,VALOD,Valod,-,-,-,-,-,-,21.05000000,73.26666667,,30-11-2021 06:00,1.4
6372,6372,Valod,CGWB,24,Gujarat,459,Surat,VALOD,VALOD,Valod,-,-,-,-,-,-,21.05000000,73.26666667,,30-01-2022 07:00,2.2
6373,6373,Valod,CGWB,24,Gujarat,459,Surat,VALOD,VALOD,Valod,-,-,-,-,-,-,21.05000000,73.26666667,,30-05-2022 06:00,3.58
6374,6374,Valod,CGWB,24,Gujarat,459,Surat,VALOD,VALOD,Valod,-,-,-,-,-,-,21.05000000,73.26666667,,30-08-2022 06:00,3
6375,6375,Valod,CGWB,24,Gujarat,459,Surat,VALOD,VALOD,Valod,-,-,-,-,-,-,21.05000000,73.26666667,,10-11-2022 06:00,2.73
6376,6376,Valod,CGWB,24,Gujarat,459,Surat,VALOD,VALOD,Valod,-,-,-,-,-,-,21.05000000,73.26666667,,30-05-2023 10:00,2.9
6377,6377,Valsad(Lilapore),CGWB,24,Gujarat,462,Valsad,DHARAMPUR,DHARAMPUR,Dharampur,-,-,-,-,-,-,20.63361111,72.93666667,,30-05-2023 10:00,7.0600004
6378,6378,Vanakbarh_Pz,CGWB,24,Gujarat,464,DIU,DUI,DUI,Vanakbarh,-,-,-,-,-,-,20.71111111,70.87777778,,30-11-2021 06:00,3.35
6379,6379,Vanala,CGWB,24,Gujarat,460,Surendranagar,CHUDA,CHUDA,Vanala,-,-,-,-,-,-,22.43333333,71.92083333,,10-01-2021 00:00,0.83
6380,6380,Vanala,CGWB,24,Gujarat,460,Surendranagar,CHUDA,CHUDA,Vanala,-,-,-,-,-,-,22.43333333,71.92083333,,31-08-2021 06:00,0.91
6381,6381,Vanala,CGWB,24,Gujarat,460,Surendranagar,CHUDA,CHUDA,Vanala,-,-,-,-,-,-,22.43333333,71.92083333,,30-11-2021 06:00,1.36
6382,6382,Vanala,CGWB,24,Gujarat,460,Surendranagar,CHUDA,CHUDA,Vanala,-,-,-,-,-,-,22.43333333,71.92083333,,30-01-2022 07:00,4.43
6383,6383,Vanala,CGWB,24,Gujarat,460,Surendranagar,CHUDA,CHUDA,Vanala,-,-,-,-,-,-,22.43333333,71.92083333,,30-05-2022 06:00,3.88
6384,6384,Vanala,CGWB,24,Gujarat,460,Surendranagar,CHUDA,CHUDA,Vanala,-,-,-,-,-,-,22.43333333,71.92083333,,30-08-2022 06:00,2.53
6385,6385,Vanala,CGWB,24,Gujarat,460,Surendranagar,CHUDA,CHUDA,Vanala,-,-,-,-,-,-,22.43333333,71.92083333,,10-11-2022 06:00,2.28
6386,6386,Vanala,CGWB,24,Gujarat,460,Surendranagar,CHUDA,CHUDA,Vanala,-,-,-,-,-,-,22.43333333,71.92083333,,30-05-2023 10:00,3.18
6387,6387,Vanasan Pz_1,CGWB,24,Gujarat,455,Patan,SIDHPUR,-,-,-,-,-,-,-,-,23.89750000,72.26333333,,10-11-2022 06:00,104.15
6388,6388,Vanda,CGWB,24,Gujarat,439,Amreli,KUNDLA-SAVAR,KUNDLA-SAVAR,Vanda,-,-,-,-,-,-,21.38972222,71.50750000,,31-08-2021 06:00,6.04
6389,6389,Vanda,CGWB,24,Gujarat,439,Amreli,KUNDLA-SAVAR,KUNDLA-SAVAR,Vanda,-,-,-,-,-,-,21.38972222,71.50750000,,30-11-2021 06:00,4.15
6390,6390,Vanda,CGWB,24,Gujarat,439,Amreli,KUNDLA-SAVAR,KUNDLA-SAVAR,Vanda,-,-,-,-,-,-,21.38972222,71.50750000,,30-01-2022 07:00,5.38
6391,6391,Vanda,CGWB,24,Gujarat,439,Amreli,KUNDLA-SAVAR,KUNDLA-SAVAR,Vanda,-,-,-,-,-,-,21.38972222,71.50750000,,30-08-2022 06:00,4.28
6392,6392,Vanda,CGWB,24,Gujarat,439,Amreli,KUNDLA-SAVAR,KUNDLA-SAVAR,Vanda,-,-,-,-,-,-,21.38972222,71.50750000,,30-05-2023 10:00,5.75
6393,6393,Vankiya,CGWB,24,Gujarat,439,Amreli,AMRELI,AMRELI,Vankiya,-,-,-,-,-,-,21.52083333,71.13611111,,10-01-2021 00:00,6.53
6394,6394,Vankiya,CGWB,24,Gujarat,439,Amreli,AMRELI,AMRELI,Vankiya,-,-,-,-,-,-,21.52083333,71.13611111,,31-08-2021 06:00,4.11
6395,6395,Vankiya,CGWB,24,Gujarat,439,Amreli,AMRELI,AMRELI,Vankiya,-,-,-,-,-,-,21.52083333,71.13611111,,30-11-2021 06:00,5.65
6396,6396,Vankiya,CGWB,24,Gujarat,439,Amreli,AMRELI,AMRELI,Vankiya,-,-,-,-,-,-,21.52083333,71.13611111,,30-01-2022 07:00,6.9
6397,6397,Vankiya,CGWB,24,Gujarat,439,Amreli,AMRELI,AMRELI,Vankiya,-,-,-,-,-,-,21.52083333,71.13611111,,30-05-2022 06:00,5.15
6398,6398,Vankiya,CGWB,24,Gujarat,439,Amreli,AMRELI,AMRELI,Vankiya,-,-,-,-,-,-,21.52083333,71.13611111,,30-08-2022 06:00,1.11
6399,6399,Vankiya,CGWB,24,Gujarat,439,Amreli,AMRELI,AMRELI,Vankiya,-,-,-,-,-,-,21.52083333,71.13611111,,10-11-2022 06:00,6.09
6400,6400,Vankiya,CGWB,24,Gujarat,439,Amreli,AMRELI,AMRELI,Vankiya,-,-,-,-,-,-,21.52083333,71.13611111,,30-05-2023 10:00,5.27
6401,6401,Vankiya1,CGWB,24,Gujarat,439,Amreli,KHAMBHA,KHAMBHA,Vankiya,-,-,-,-,-,-,21.23333333,71.25000000,,10-01-2021 00:00,7.4
6402,6402,Vankiya1,CGWB,24,Gujarat,439,Amreli,KHAMBHA,KHAMBHA,Vankiya,-,-,-,-,-,-,21.23333333,71.25000000,,31-08-2021 06:00,3.83
6403,6403,Vankiya1,CGWB,24,Gujarat,439,Amreli,KHAMBHA,KHAMBHA,Vankiya,-,-,-,-,-,-,21.23333333,71.25000000,,30-11-2021 06:00,4.5
6404,6404,Vankiya1,CGWB,24,Gujarat,439,Amreli,KHAMBHA,KHAMBHA,Vankiya,-,-,-,-,-,-,21.23333333,71.25000000,,30-01-2022 07:00,4.56
6405,6405,Vankiya1,CGWB,24,Gujarat,439,Amreli,KHAMBHA,KHAMBHA,Vankiya,-,-,-,-,-,-,21.23333333,71.25000000,,30-08-2022 06:00,4.5
6406,6406,Vankiya1,CGWB,24,Gujarat,439,Amreli,KHAMBHA,KHAMBHA,Vankiya,-,-,-,-,-,-,21.23333333,71.25000000,,10-11-2022 06:00,3.19
6407,6407,Vansda,CGWB,24,Gujarat,453,Navsari,BANSDA,BANSDA,Vansda,-,-,-,-,-,-,20.76444444,73.36305556,,10-01-2021 00:00,10.93
6408,6408,Vansda,CGWB,24,Gujarat,453,Navsari,BANSDA,BANSDA,Vansda,-,-,-,-,-,-,20.76444444,73.36305556,,31-08-2021 06:00,6.45
6409,6409,Vansda,CGWB,24,Gujarat,453,Navsari,BANSDA,BANSDA,Vansda,-,-,-,-,-,-,20.76444444,73.36305556,,30-11-2021 06:00,6.15
6410,6410,Vansda,CGWB,24,Gujarat,453,Navsari,BANSDA,BANSDA,Vansda,-,-,-,-,-,-,20.76444444,73.36305556,,30-01-2022 07:00,7.75
6411,6411,Vansda,CGWB,24,Gujarat,453,Navsari,BANSDA,BANSDA,Vansda,-,-,-,-,-,-,20.76444444,73.36305556,,30-05-2022 06:00,10.76
6412,6412,Vansda,CGWB,24,Gujarat,453,Navsari,BANSDA,BANSDA,Vansda,-,-,-,-,-,-,20.76444444,73.36305556,,10-11-2022 06:00,6.18
6413,6413,Vansda,CGWB,24,Gujarat,453,Navsari,BANSDA,BANSDA,Vansda,-,-,-,-,-,-,20.76444444,73.36305556,,30-05-2023 10:00,11.6
6414,6414,Vanthali ii,CGWB,24,Gujarat,448,Junagadh,VANTHALI,VANTHALI,Vanthali ii,-,-,-,-,-,-,21.47083333,70.32777778,,10-01-2021 00:00,3.22
6415,6415,Vanthali ii,CGWB,24,Gujarat,448,Junagadh,VANTHALI,VANTHALI,Vanthali ii,-,-,-,-,-,-,21.47083333,70.32777778,,31-08-2021 06:00,4.72
6416,6416,Vanthali ii,CGWB,24,Gujarat,448,Junagadh,VANTHALI,VANTHALI,Vanthali ii,-,-,-,-,-,-,21.47083333,70.32777778,,30-05-2022 06:00,5.59
6417,6417,Vapi Balitha,CGWB,24,Gujarat,462,Valsad,PARDI,PARDI,Vapi,-,-,-,-,-,-,20.38027778,72.90444444,,10-01-2021 00:00,9.22
6418,6418,Vapi Balitha,CGWB,24,Gujarat,462,Valsad,PARDI,PARDI,Vapi,-,-,-,-,-,-,20.38027778,72.90444444,,31-08-2021 06:00,2.3
6419,6419,Vapi Balitha,CGWB,24,Gujarat,462,Valsad,PARDI,PARDI,Vapi,-,-,-,-,-,-,20.38027778,72.90444444,,30-11-2021 06:00,5.7
6420,6420,Vapi Balitha,CGWB,24,Gujarat,462,Valsad,PARDI,PARDI,Vapi,-,-,-,-,-,-,20.38027778,72.90444444,,30-01-2022 07:00,8
6421,6421,Vapi Balitha,CGWB,24,Gujarat,462,Valsad,PARDI,PARDI,Vapi,-,-,-,-,-,-,20.38027778,72.90444444,,30-05-2022 06:00,9.72
6422,6422,Vapi Balitha,CGWB,24,Gujarat,462,Valsad,PARDI,PARDI,Vapi,-,-,-,-,-,-,20.38027778,72.90444444,,30-08-2022 06:00,1.6
6423,6423,Vapi Balitha,CGWB,24,Gujarat,462,Valsad,PARDI,PARDI,Vapi,-,-,-,-,-,-,20.38027778,72.90444444,,10-11-2022 06:00,6.8
6424,6424,Vapi Balitha,CGWB,24,Gujarat,462,Valsad,PARDI,PARDI,Vapi,-,-,-,-,-,-,20.38027778,72.90444444,,30-05-2023 10:00,9.7
6425,6425,Varamkheda,CGWB,24,Gujarat,445,Dohad,DOHAD,DOHAD,Varamkheda,-,-,-,-,-,-,22.80000000,74.27500000,,10-01-2021 00:00,0.85
6426,6426,Varamkheda,CGWB,24,Gujarat,445,Dohad,DOHAD,DOHAD,Varamkheda,-,-,-,-,-,-,22.80000000,74.27500000,,31-08-2021 06:00,2.05
6427,6427,Varamkheda,CGWB,24,Gujarat,445,Dohad,DOHAD,DOHAD,Varamkheda,-,-,-,-,-,-,22.80000000,74.27500000,,30-11-2021 06:00,0.6
6428,6428,Varamkheda,CGWB,24,Gujarat,445,Dohad,DOHAD,DOHAD,Varamkheda,-,-,-,-,-,-,22.80000000,74.27500000,,30-01-2022 07:00,0.75
6429,6429,Varamkheda,CGWB,24,Gujarat,445,Dohad,DOHAD,DOHAD,Varamkheda,-,-,-,-,-,-,22.80000000,74.27500000,,30-05-2022 06:00,2.95
6430,6430,Varamkheda,CGWB,24,Gujarat,445,Dohad,DOHAD,DOHAD,Varamkheda,-,-,-,-,-,-,22.80000000,74.27500000,,30-08-2022 06:00,0.75
6431,6431,Varamkheda,CGWB,24,Gujarat,445,Dohad,DOHAD,DOHAD,Varamkheda,-,-,-,-,-,-,22.80000000,74.27500000,,10-11-2022 06:00,1.17
6432,6432,Varamkheda,CGWB,24,Gujarat,445,Dohad,DOHAD,DOHAD,Varamkheda,-,-,-,-,-,-,22.80000000,74.27500000,,10-01-2023 18:00,1.31
6433,6433,Varamkheda,CGWB,24,Gujarat,445,Dohad,DOHAD,DOHAD,Varamkheda,-,-,-,-,-,-,22.80000000,74.27500000,,30-05-2023 10:00,2.9
6434,6434,Varvada,CGWB,24,Gujarat,458,Sabarkantha,TALOD,TALOD,Varvada,-,-,-,-,-,-,23.44194444,73.05666667,,10-01-2021 00:00,13.6
6435,6435,Varvada,CGWB,24,Gujarat,458,Sabarkantha,TALOD,TALOD,Varvada,-,-,-,-,-,-,23.44194444,73.05666667,,31-08-2021 06:00,18.7
6436,6436,Varvada,CGWB,24,Gujarat,458,Sabarkantha,TALOD,TALOD,Varvada,-,-,-,-,-,-,23.44194444,73.05666667,,30-11-2021 06:00,3.56
6437,6437,Varvada,CGWB,24,Gujarat,458,Sabarkantha,TALOD,TALOD,Varvada,-,-,-,-,-,-,23.44194444,73.05666667,,30-01-2022 07:00,13.5
6438,6438,Varvada,CGWB,24,Gujarat,458,Sabarkantha,TALOD,TALOD,Varvada,-,-,-,-,-,-,23.44194444,73.05666667,,30-08-2022 06:00,7.75
6439,6439,Varvada,CGWB,24,Gujarat,458,Sabarkantha,TALOD,TALOD,Varvada,-,-,-,-,-,-,23.44194444,73.05666667,,10-11-2022 06:00,11.25
6440,6440,Varvada,CGWB,24,Gujarat,458,Sabarkantha,TALOD,TALOD,Varvada,-,-,-,-,-,-,23.44194444,73.05666667,,10-01-2023 18:00,12.34
6441,6441,Varwada,CGWB,24,Gujarat,447,Jamnagar,OKHAMANDAL,OKHAMANDAL,Varwada,-,-,-,-,-,-,22.29166667,68.96666667,,10-01-2021 00:00,5.6
6442,6442,Varwada,CGWB,24,Gujarat,447,Jamnagar,OKHAMANDAL,OKHAMANDAL,Varwada,-,-,-,-,-,-,22.29166667,68.96666667,,30-11-2021 06:00,2.2
6443,6443,Varwada,CGWB,24,Gujarat,447,Jamnagar,OKHAMANDAL,OKHAMANDAL,Varwada,-,-,-,-,-,-,22.29166667,68.96666667,,10-11-2022 06:00,4.13
6444,6444,Varwada,CGWB,24,Gujarat,447,Jamnagar,OKHAMANDAL,OKHAMANDAL,Varwada,-,-,-,-,-,-,22.29166667,68.96666667,,30-05-2023 10:00,10.6
6445,6445,Vaso,CGWB,24,Gujarat,450,Kheda,NADIAD,NADIAD,Vaso,-,-,-,-,-,-,22.66111111,72.75416667,,10-01-2021 00:00,6.75
6446,6446,Vaso,CGWB,24,Gujarat,450,Kheda,NADIAD,NADIAD,Vaso,-,-,-,-,-,-,22.66111111,72.75416667,,31-08-2021 06:00,6.31
6447,6447,Vaso,CGWB,24,Gujarat,450,Kheda,NADIAD,NADIAD,Vaso,-,-,-,-,-,-,22.66111111,72.75416667,,30-11-2021 06:00,4.55
6448,6448,Vaso,CGWB,24,Gujarat,450,Kheda,NADIAD,NADIAD,Vaso,-,-,-,-,-,-,22.66111111,72.75416667,,30-01-2022 07:00,4.52
6449,6449,Vaso,CGWB,24,Gujarat,450,Kheda,NADIAD,NADIAD,Vaso,-,-,-,-,-,-,22.66111111,72.75416667,,30-05-2022 06:00,6
6450,6450,Vaso,CGWB,24,Gujarat,450,Kheda,NADIAD,NADIAD,Vaso,-,-,-,-,-,-,22.66111111,72.75416667,,30-08-2022 06:00,4.56
6451,6451,Vaso,CGWB,24,Gujarat,450,Kheda,NADIAD,NADIAD,Vaso,-,-,-,-,-,-,22.66111111,72.75416667,,10-11-2022 06:00,4.68
6452,6452,Vaso,CGWB,24,Gujarat,450,Kheda,NADIAD,NADIAD,Vaso,-,-,-,-,-,-,22.66111111,72.75416667,,10-01-2023 18:00,5.7
6453,6453,Vaso,CGWB,24,Gujarat,450,Kheda,NADIAD,NADIAD,Vaso,-,-,-,-,-,-,22.66111111,72.75416667,,30-05-2023 10:00,7.37
6454,6454,Vastrapur(lake)_Pz_I,CGWB,24,Gujarat,438,Ahmedabad,AHMADABAD CITY,AHMADABAD CITY,Vastrapur,-,-,-,-,-,-,23.03833333,72.52972222,,30-05-2023 10:00,19.949999
6455,6455,Vatwa Pz-I,CGWB,24,Gujarat,438,Ahmedabad,DASKROI,DASKROI,Vatwa,-,-,-,-,-,-,22.95305556,72.61583333,,30-08-2022 06:00,26.29
6456,6456,Vatwa Pz-I,CGWB,24,Gujarat,438,Ahmedabad,DASKROI,DASKROI,Vatwa,-,-,-,-,-,-,22.95305556,72.61583333,,10-11-2022 06:00,26.08
6457,6457,Vatwa Pz-I,CGWB,24,Gujarat,438,Ahmedabad,DASKROI,DASKROI,Vatwa,-,-,-,-,-,-,22.95305556,72.61583333,,30-05-2023 10:00,34.980003
6458,6458,Vatwa Pz-III,CGWB,24,Gujarat,438,Ahmedabad,DASKROI,DASKROI,Vatwa,-,-,-,-,-,-,22.95361111,72.61638889,,10-01-2021 00:00,25.9
6459,6459,Vatwa Pz-III,CGWB,24,Gujarat,438,Ahmedabad,DASKROI,DASKROI,Vatwa,-,-,-,-,-,-,22.95361111,72.61638889,,31-08-2021 06:00,26.85
6460,6460,Vatwa Pz-III,CGWB,24,Gujarat,438,Ahmedabad,DASKROI,DASKROI,Vatwa,-,-,-,-,-,-,22.95361111,72.61638889,,30-11-2021 06:00,26.11
6461,6461,Vatwa Pz-III,CGWB,24,Gujarat,438,Ahmedabad,DASKROI,DASKROI,Vatwa,-,-,-,-,-,-,22.95361111,72.61638889,,30-01-2022 07:00,26.64
6462,6462,Vatwa Pz-III,CGWB,24,Gujarat,438,Ahmedabad,DASKROI,DASKROI,Vatwa,-,-,-,-,-,-,22.95361111,72.61638889,,30-05-2022 06:00,28.09
6463,6463,Vatwa Pz-III,CGWB,24,Gujarat,438,Ahmedabad,DASKROI,DASKROI,Vatwa,-,-,-,-,-,-,22.95361111,72.61638889,,10-01-2023 18:00,33.69
6464,6464,Vatwa Pz-III,CGWB,24,Gujarat,438,Ahmedabad,DASKROI,DASKROI,Vatwa,-,-,-,-,-,-,22.95361111,72.61638889,,30-05-2023 10:00,28.39
6465,6465,Vauva(Repl)_Pz,CGWB,24,Gujarat,455,Patan,SANTALPUR,SANTALPUR,Vauva,-,-,-,-,-,-,23.79861111,71.09027778,,30-01-2022 07:00,2.76
6466,6466,Vauva(Repl)_Pz,CGWB,24,Gujarat,455,Patan,SANTALPUR,SANTALPUR,Vauva,-,-,-,-,-,-,23.79861111,71.09027778,,30-05-2022 06:00,3.62
6467,6467,Vauva(Repl)_Pz,CGWB,24,Gujarat,455,Patan,SANTALPUR,SANTALPUR,Vauva,-,-,-,-,-,-,23.79861111,71.09027778,,30-05-2023 10:00,2.69
6468,6468,Vavdi,CGWB,24,Gujarat,443,Bhavnagar,GHOGHA,GHOGHA,Vavdi,-,-,-,-,-,-,21.56805556,72.19805556,,10-01-2021 00:00,2.15
6469,6469,Vavdi,CGWB,24,Gujarat,443,Bhavnagar,GHOGHA,GHOGHA,Vavdi,-,-,-,-,-,-,21.56805556,72.19805556,,31-08-2021 06:00,2.48
6470,6470,Vavdi,CGWB,24,Gujarat,443,Bhavnagar,GHOGHA,GHOGHA,Vavdi,-,-,-,-,-,-,21.56805556,72.19805556,,30-11-2021 06:00,0.9
6471,6471,Vavdi,CGWB,24,Gujarat,443,Bhavnagar,GHOGHA,GHOGHA,Vavdi,-,-,-,-,-,-,21.56805556,72.19805556,,30-01-2022 07:00,2.54
6472,6472,Vavdi,CGWB,24,Gujarat,443,Bhavnagar,GHOGHA,GHOGHA,Vavdi,-,-,-,-,-,-,21.56805556,72.19805556,,30-05-2022 06:00,5.5
6473,6473,Vavdi,CGWB,24,Gujarat,443,Bhavnagar,GHOGHA,GHOGHA,Vavdi,-,-,-,-,-,-,21.56805556,72.19805556,,30-08-2022 06:00,1.44
6474,6474,Vavdi,CGWB,24,Gujarat,443,Bhavnagar,GHOGHA,GHOGHA,Vavdi,-,-,-,-,-,-,21.56805556,72.19805556,,10-11-2022 06:00,3.95
6475,6475,Vavdi,CGWB,24,Gujarat,443,Bhavnagar,GHOGHA,GHOGHA,Vavdi,-,-,-,-,-,-,21.56805556,72.19805556,,30-05-2023 10:00,22.14
6476,6476,Vavdi Pz,CGWB,24,Gujarat,439,Amreli,DHARI,DHARI,Vavdi Pz,-,-,-,-,-,-,21.35833333,71.19166667,,30-08-2022 06:00,1.44
6477,6477,Vav   i,CGWB,24,Gujarat,441,Banaskantha,VAV,VAV,Vav   i,-,-,-,-,-,-,24.35833333,71.50833333,,10-01-2021 00:00,26.82
6478,6478,Vav   i,CGWB,24,Gujarat,441,Banaskantha,VAV,VAV,Vav   i,-,-,-,-,-,-,24.35833333,71.50833333,,30-05-2022 06:00,24.81
6479,6479,Vav   i,CGWB,24,Gujarat,441,Banaskantha,VAV,VAV,Vav   i,-,-,-,-,-,-,24.35833333,71.50833333,,30-08-2022 06:00,24.6
6480,6480,Vav   i,CGWB,24,Gujarat,441,Banaskantha,VAV,VAV,Vav   i,-,-,-,-,-,-,24.35833333,71.50833333,,30-05-2023 10:00,24.02
6481,6481,Vav    ii,CGWB,24,Gujarat,441,Banaskantha,VAV,VAV,Vav    ii,-,-,-,-,-,-,24.36111111,71.51111111,,10-01-2021 00:00,35.69
6482,6482,Vav    ii,CGWB,24,Gujarat,441,Banaskantha,VAV,VAV,Vav    ii,-,-,-,-,-,-,24.36111111,71.51111111,,30-05-2022 06:00,32.7
6483,6483,Vav    ii,CGWB,24,Gujarat,441,Banaskantha,VAV,VAV,Vav    ii,-,-,-,-,-,-,24.36111111,71.51111111,,30-08-2022 06:00,22.45
6484,6484,Vav    ii,CGWB,24,Gujarat,441,Banaskantha,VAV,VAV,Vav    ii,-,-,-,-,-,-,24.36111111,71.51111111,,30-05-2023 10:00,34.29
6485,6485,Vazat Amba,CGWB,24,Gujarat,444,Dang,The dangs,The dangs,Vazat Amba,-,-,-,-,-,-,20.87833333,73.51833333,,10-01-2021 00:00,3.58
6486,6486,Vazat Amba,CGWB,24,Gujarat,444,Dang,The dangs,The dangs,Vazat Amba,-,-,-,-,-,-,20.87833333,73.51833333,,31-08-2021 06:00,3.4
6487,6487,Vazat Amba,CGWB,24,Gujarat,444,Dang,The dangs,The dangs,Vazat Amba,-,-,-,-,-,-,20.87833333,73.51833333,,30-11-2021 06:00,3.75
6488,6488,Vazat Amba,CGWB,24,Gujarat,444,Dang,The dangs,The dangs,Vazat Amba,-,-,-,-,-,-,20.87833333,73.51833333,,30-01-2022 07:00,4.15
6489,6489,Vazat Amba,CGWB,24,Gujarat,444,Dang,The dangs,The dangs,Vazat Amba,-,-,-,-,-,-,20.87833333,73.51833333,,30-05-2022 06:00,7
6490,6490,Vazat Amba,CGWB,24,Gujarat,444,Dang,The dangs,The dangs,Vazat Amba,-,-,-,-,-,-,20.87833333,73.51833333,,30-08-2022 06:00,3.1
6491,6491,Vazat Amba,CGWB,24,Gujarat,444,Dang,The dangs,The dangs,Vazat Amba,-,-,-,-,-,-,20.87833333,73.51833333,,10-11-2022 06:00,3.9
6492,6492,Vazat Amba,CGWB,24,Gujarat,444,Dang,The dangs,The dangs,Vazat Amba,-,-,-,-,-,-,20.87833333,73.51833333,,30-05-2023 10:00,7.92
6493,6493,Vazat Amba,CGWB,24,Gujarat,444,Dang,The dangs,The dangs,Vazat Amba,-,-,-,-,-,-,20.87833333,73.51833333,,30-08-2023 18:00,2.8
6494,6494,Vega,CGWB,24,Gujarat,461,Vadodara,DABHOI,DABHOI,Vega,-,-,-,-,-,-,22.15944444,73.41250000,,10-01-2021 00:00,5.45
6495,6495,Vega,CGWB,24,Gujarat,461,Vadodara,DABHOI,DABHOI,Vega,-,-,-,-,-,-,22.15944444,73.41250000,,31-08-2021 06:00,5.85
6496,6496,Vega,CGWB,24,Gujarat,461,Vadodara,DABHOI,DABHOI,Vega,-,-,-,-,-,-,22.15944444,73.41250000,,30-11-2021 06:00,3.45
6497,6497,Vega,CGWB,24,Gujarat,461,Vadodara,DABHOI,DABHOI,Vega,-,-,-,-,-,-,22.15944444,73.41250000,,30-05-2022 06:00,5.85
6498,6498,Vega,CGWB,24,Gujarat,461,Vadodara,DABHOI,DABHOI,Vega,-,-,-,-,-,-,22.15944444,73.41250000,,30-08-2022 06:00,1.59
6499,6499,Vega,CGWB,24,Gujarat,461,Vadodara,DABHOI,DABHOI,Vega,-,-,-,-,-,-,22.15944444,73.41250000,,10-11-2022 06:00,2.76
6500,6500,Vega,CGWB,24,Gujarat,461,Vadodara,DABHOI,DABHOI,Vega,-,-,-,-,-,-,22.15944444,73.41250000,,30-05-2023 10:00,5.8
6501,6501,Vejalpur,CGWB,24,Gujarat,454,Panchmahals,KALOL,KALOL,Vejalpur,-,-,-,-,-,-,22.69583333,73.55833333,,10-01-2021 00:00,3.54
6502,6502,Vejalpur,CGWB,24,Gujarat,454,Panchmahals,KALOL,KALOL,Vejalpur,-,-,-,-,-,-,22.69583333,73.55833333,,31-08-2021 06:00,4.6
6503,6503,Vejalpur,CGWB,24,Gujarat,454,Panchmahals,KALOL,KALOL,Vejalpur,-,-,-,-,-,-,22.69583333,73.55833333,,30-11-2021 06:00,5.88
6504,6504,Vejalpur,CGWB,24,Gujarat,454,Panchmahals,KALOL,KALOL,Vejalpur,-,-,-,-,-,-,22.69583333,73.55833333,,30-01-2022 07:00,4.1
6505,6505,Vejalpur,CGWB,24,Gujarat,454,Panchmahals,KALOL,KALOL,Vejalpur,-,-,-,-,-,-,22.69583333,73.55833333,,30-05-2022 06:00,5.6
6506,6506,Vejalpur,CGWB,24,Gujarat,454,Panchmahals,KALOL,KALOL,Vejalpur,-,-,-,-,-,-,22.69583333,73.55833333,,30-08-2022 06:00,2.9
6507,6507,Vejalpur,CGWB,24,Gujarat,454,Panchmahals,KALOL,KALOL,Vejalpur,-,-,-,-,-,-,22.69583333,73.55833333,,10-11-2022 06:00,2.69
6508,6508,Vejalpur,CGWB,24,Gujarat,454,Panchmahals,KALOL,KALOL,Vejalpur,-,-,-,-,-,-,22.69583333,73.55833333,,10-01-2023 18:00,2.86
6509,6509,Vejalpur,CGWB,24,Gujarat,454,Panchmahals,KALOL,KALOL,Vejalpur,-,-,-,-,-,-,22.69583333,73.55833333,,30-05-2023 10:00,5.45
6510,6510,Vejpur2,CGWB,24,Gujarat,461,Vadodara,SAVLI,SAVLI,Vejpur,-,-,-,-,-,-,22.74722222,73.35555556,,10-01-2021 00:00,1.9
6511,6511,Vejpur2,CGWB,24,Gujarat,461,Vadodara,SAVLI,SAVLI,Vejpur,-,-,-,-,-,-,22.74722222,73.35555556,,31-08-2021 06:00,1.62
6512,6512,Vejpur2,CGWB,24,Gujarat,461,Vadodara,SAVLI,SAVLI,Vejpur,-,-,-,-,-,-,22.74722222,73.35555556,,30-11-2021 06:00,1.4
6513,6513,Vejpur2,CGWB,24,Gujarat,461,Vadodara,SAVLI,SAVLI,Vejpur,-,-,-,-,-,-,22.74722222,73.35555556,,30-05-2022 06:00,2.08
6514,6514,Vejpur2,CGWB,24,Gujarat,461,Vadodara,SAVLI,SAVLI,Vejpur,-,-,-,-,-,-,22.74722222,73.35555556,,10-11-2022 06:00,0.78
6515,6515,Vejpur2,CGWB,24,Gujarat,461,Vadodara,SAVLI,SAVLI,Vejpur,-,-,-,-,-,-,22.74722222,73.35555556,,30-05-2023 10:00,2.3
6516,6516,Vejpur_Pz,CGWB,24,Gujarat,458,Sabarkantha,BHILODA,BHILODA,Vejpur,-,-,-,-,-,-,23.79722222,73.22083333,,10-01-2021 00:00,3.95
6517,6517,Vejpur_Pz,CGWB,24,Gujarat,458,Sabarkantha,BHILODA,BHILODA,Vejpur,-,-,-,-,-,-,23.79722222,73.22083333,,31-08-2021 06:00,12.87
6518,6518,Vejpur_Pz,CGWB,24,Gujarat,458,Sabarkantha,BHILODA,BHILODA,Vejpur,-,-,-,-,-,-,23.79722222,73.22083333,,30-11-2021 06:00,9.25
6519,6519,Vejpur_Pz,CGWB,24,Gujarat,458,Sabarkantha,BHILODA,BHILODA,Vejpur,-,-,-,-,-,-,23.79722222,73.22083333,,30-01-2022 07:00,12.67
6520,6520,Vejpur_Pz,CGWB,24,Gujarat,458,Sabarkantha,BHILODA,BHILODA,Vejpur,-,-,-,-,-,-,23.79722222,73.22083333,,30-05-2022 06:00,19.09
6521,6521,Vejpur_Pz,CGWB,24,Gujarat,458,Sabarkantha,BHILODA,BHILODA,Vejpur,-,-,-,-,-,-,23.79722222,73.22083333,,30-08-2022 06:00,1.46
6522,6522,Vejpur_Pz,CGWB,24,Gujarat,458,Sabarkantha,BHILODA,BHILODA,Vejpur,-,-,-,-,-,-,23.79722222,73.22083333,,10-11-2022 06:00,1.22
6523,6523,Vejpur_Pz,CGWB,24,Gujarat,458,Sabarkantha,BHILODA,BHILODA,Vejpur,-,-,-,-,-,-,23.79722222,73.22083333,,10-01-2023 18:00,3.08
6524,6524,Vejpur_Pz,CGWB,24,Gujarat,458,Sabarkantha,BHILODA,BHILODA,Vejpur,-,-,-,-,-,-,23.79722222,73.22083333,,30-05-2023 10:00,14.1
6525,6525,Vidaj,CGWB,24,Gujarat,451,Mahesana,KADI,KADI,Vidaj,-,-,-,-,-,-,23.24722222,72.30000000,,10-01-2021 00:00,1.14
6526,6526,Vidaj,CGWB,24,Gujarat,451,Mahesana,KADI,KADI,Vidaj,-,-,-,-,-,-,23.24722222,72.30000000,,31-08-2021 06:00,2.1
6527,6527,Vidaj,CGWB,24,Gujarat,451,Mahesana,KADI,KADI,Vidaj,-,-,-,-,-,-,23.24722222,72.30000000,,30-11-2021 06:00,-0.09
6528,6528,Vidaj,CGWB,24,Gujarat,451,Mahesana,KADI,KADI,Vidaj,-,-,-,-,-,-,23.24722222,72.30000000,,30-01-2022 07:00,-1
6529,6529,Vidaj,CGWB,24,Gujarat,451,Mahesana,KADI,KADI,Vidaj,-,-,-,-,-,-,23.24722222,72.30000000,,30-05-2022 06:00,0.59
6530,6530,Vidaj,CGWB,24,Gujarat,451,Mahesana,KADI,KADI,Vidaj,-,-,-,-,-,-,23.24722222,72.30000000,,10-11-2022 06:00,0.6
6531,6531,Vidaj,CGWB,24,Gujarat,451,Mahesana,KADI,KADI,Vidaj,-,-,-,-,-,-,23.24722222,72.30000000,,30-05-2023 10:00,1.23
6532,6532,Vijarkha,CGWB,24,Gujarat,447,Jamnagar,JAMNAGAR,JAMNAGAR,Vijarkha,-,-,-,-,-,-,22.41666667,70.18333333,,10-01-2021 00:00,2.1
6533,6533,Vijarkha,CGWB,24,Gujarat,447,Jamnagar,JAMNAGAR,JAMNAGAR,Vijarkha,-,-,-,-,-,-,22.41666667,70.18333333,,31-08-2021 06:00,0.5
6534,6534,Vijarkha,CGWB,24,Gujarat,447,Jamnagar,JAMNAGAR,JAMNAGAR,Vijarkha,-,-,-,-,-,-,22.41666667,70.18333333,,30-11-2021 06:00,1.32
6535,6535,Vijarkha,CGWB,24,Gujarat,447,Jamnagar,JAMNAGAR,JAMNAGAR,Vijarkha,-,-,-,-,-,-,22.41666667,70.18333333,,30-01-2022 07:00,1.65
6536,6536,Vijarkha,CGWB,24,Gujarat,447,Jamnagar,JAMNAGAR,JAMNAGAR,Vijarkha,-,-,-,-,-,-,22.41666667,70.18333333,,30-05-2022 06:00,2.55
6537,6537,Vijarkha,CGWB,24,Gujarat,447,Jamnagar,JAMNAGAR,JAMNAGAR,Vijarkha,-,-,-,-,-,-,22.41666667,70.18333333,,30-08-2022 06:00,2.2
6538,6538,Vijarkha,CGWB,24,Gujarat,447,Jamnagar,JAMNAGAR,JAMNAGAR,Vijarkha,-,-,-,-,-,-,22.41666667,70.18333333,,10-11-2022 06:00,2.1
6539,6539,Vijarkha,CGWB,24,Gujarat,447,Jamnagar,JAMNAGAR,JAMNAGAR,Vijarkha,-,-,-,-,-,-,22.41666667,70.18333333,,30-05-2023 10:00,10.8
6540,6540,Vijaynagar,CGWB,24,Gujarat,458,Sabarkantha,VIJAYNAGAR,VIJAYNAGAR,Vijaynagar,-,-,-,-,-,-,24.00833333,73.35416667,,30-11-2021 06:00,1.8
6541,6541,Vijaynagar,CGWB,24,Gujarat,458,Sabarkantha,VIJAYNAGAR,VIJAYNAGAR,Vijaynagar,-,-,-,-,-,-,24.00833333,73.35416667,,30-05-2023 10:00,3.5
6542,6542,Vijaynagar_Pz,CGWB,24,Gujarat,458,Sabarkantha,VIJAYNAGAR,VIJAYNAGAR,Vijaynagar,-,-,-,-,-,-,24.00694444,73.33333333,,10-01-2021 00:00,6.25
6543,6543,Vijaynagar_Pz,CGWB,24,Gujarat,458,Sabarkantha,VIJAYNAGAR,VIJAYNAGAR,Vijaynagar,-,-,-,-,-,-,24.00694444,73.33333333,,31-08-2021 06:00,7.25
6544,6544,Vijaynagar_Pz,CGWB,24,Gujarat,458,Sabarkantha,VIJAYNAGAR,VIJAYNAGAR,Vijaynagar,-,-,-,-,-,-,24.00694444,73.33333333,,30-11-2021 06:00,5.35
6545,6545,Vijaynagar_Pz,CGWB,24,Gujarat,458,Sabarkantha,VIJAYNAGAR,VIJAYNAGAR,Vijaynagar,-,-,-,-,-,-,24.00694444,73.33333333,,30-01-2022 07:00,5.76
6546,6546,Vijaynagar_Pz,CGWB,24,Gujarat,458,Sabarkantha,VIJAYNAGAR,VIJAYNAGAR,Vijaynagar,-,-,-,-,-,-,24.00694444,73.33333333,,30-05-2022 06:00,11.49
6547,6547,Vijaynagar_Pz,CGWB,24,Gujarat,458,Sabarkantha,VIJAYNAGAR,VIJAYNAGAR,Vijaynagar,-,-,-,-,-,-,24.00694444,73.33333333,,10-11-2022 06:00,5.87
6548,6548,Vinchhia,CGWB,24,Gujarat,457,Rajkot,JASDAN,JASDAN,Vinchhia,-,-,-,-,-,-,22.20833333,71.37916667,,10-01-2021 00:00,1.98
6549,6549,Vinchhia,CGWB,24,Gujarat,457,Rajkot,JASDAN,JASDAN,Vinchhia,-,-,-,-,-,-,22.20833333,71.37916667,,30-11-2021 06:00,2.25
6550,6550,Vinchhia,CGWB,24,Gujarat,457,Rajkot,JASDAN,JASDAN,Vinchhia,-,-,-,-,-,-,22.20833333,71.37916667,,30-05-2022 06:00,3.75
6551,6551,Vinchhia,CGWB,24,Gujarat,457,Rajkot,JASDAN,JASDAN,Vinchhia,-,-,-,-,-,-,22.20833333,71.37916667,,30-08-2022 06:00,2.47
6552,6552,Vinchivadi PZ-I,CGWB,24,Gujarat,441,Banaskantha,DHANERA,DHANERA,Vinchivadi,-,-,-,-,-,-,24.58611111,71.93333333,,10-01-2021 00:00,75.54
6553,6553,Vinchivadi Pz-II,CGWB,24,Gujarat,441,Banaskantha,DHANERA,DHANERA,Vinchivadi,-,-,-,-,-,-,24.58611111,71.93333333,,31-08-2021 06:00,81.65
6554,6554,Vinchivadi Pz-II,CGWB,24,Gujarat,441,Banaskantha,DHANERA,DHANERA,Vinchivadi,-,-,-,-,-,-,24.58611111,71.93333333,,30-11-2021 06:00,82.06
6555,6555,Vinchivadi Pz-II,CGWB,24,Gujarat,441,Banaskantha,DHANERA,DHANERA,Vinchivadi,-,-,-,-,-,-,24.58611111,71.93333333,,30-01-2022 07:00,82.47
6556,6556,Vinchivadi Pz-II,CGWB,24,Gujarat,441,Banaskantha,DHANERA,DHANERA,Vinchivadi,-,-,-,-,-,-,24.58611111,71.93333333,,30-05-2022 06:00,87.89
6557,6557,Vinchivadi Pz-II,CGWB,24,Gujarat,441,Banaskantha,DHANERA,DHANERA,Vinchivadi,-,-,-,-,-,-,24.58611111,71.93333333,,30-08-2022 06:00,88.99
6558,6558,Vinchivadi Pz-II,CGWB,24,Gujarat,441,Banaskantha,DHANERA,DHANERA,Vinchivadi,-,-,-,-,-,-,24.58611111,71.93333333,,10-11-2022 06:00,89.86
6559,6559,Vinjhalpur,CGWB,24,Gujarat,447,Jamnagar,KHAMBHALIA,KHAMBHALIA,Vinjhalpur,-,-,-,-,-,-,22.15000000,69.60000000,,10-01-2021 00:00,3.7
6560,6560,Vinjhalpur,CGWB,24,Gujarat,447,Jamnagar,KHAMBHALIA,KHAMBHALIA,Vinjhalpur,-,-,-,-,-,-,22.15000000,69.60000000,,31-08-2021 06:00,4.6
6561,6561,Vinjhalpur,CGWB,24,Gujarat,447,Jamnagar,KHAMBHALIA,KHAMBHALIA,Vinjhalpur,-,-,-,-,-,-,22.15000000,69.60000000,,30-11-2021 06:00,3.6
6562,6562,Vinjhalpur,CGWB,24,Gujarat,447,Jamnagar,KHAMBHALIA,KHAMBHALIA,Vinjhalpur,-,-,-,-,-,-,22.15000000,69.60000000,,30-01-2022 07:00,3.25
6563,6563,Vinjhalpur,CGWB,24,Gujarat,447,Jamnagar,KHAMBHALIA,KHAMBHALIA,Vinjhalpur,-,-,-,-,-,-,22.15000000,69.60000000,,30-05-2022 06:00,5.77
6564,6564,Vinjhalpur,CGWB,24,Gujarat,447,Jamnagar,KHAMBHALIA,KHAMBHALIA,Vinjhalpur,-,-,-,-,-,-,22.15000000,69.60000000,,30-08-2022 06:00,1.84
6565,6565,Vinjhalpur,CGWB,24,Gujarat,447,Jamnagar,KHAMBHALIA,KHAMBHALIA,Vinjhalpur,-,-,-,-,-,-,22.15000000,69.60000000,,30-05-2023 10:00,5.76
6566,6566,Vinjhan1,CGWB,24,Gujarat,449,Kachchh,ABDASA,ABDASA,Vinjhan,-,-,-,-,-,-,23.10000000,69.02500000,,10-01-2021 00:00,3.47
6567,6567,Vinjhan1,CGWB,24,Gujarat,449,Kachchh,ABDASA,ABDASA,Vinjhan,-,-,-,-,-,-,23.10000000,69.02500000,,31-08-2021 06:00,8.17
6568,6568,Vinjhan1,CGWB,24,Gujarat,449,Kachchh,ABDASA,ABDASA,Vinjhan,-,-,-,-,-,-,23.10000000,69.02500000,,30-01-2022 07:00,4.3
6569,6569,Vinjhan1,CGWB,24,Gujarat,449,Kachchh,ABDASA,ABDASA,Vinjhan,-,-,-,-,-,-,23.10000000,69.02500000,,30-05-2022 06:00,9.55
6570,6570,Vinjhan1,CGWB,24,Gujarat,449,Kachchh,ABDASA,ABDASA,Vinjhan,-,-,-,-,-,-,23.10000000,69.02500000,,30-08-2022 06:00,1.91
6571,6571,Vinjhan1,CGWB,24,Gujarat,449,Kachchh,ABDASA,ABDASA,Vinjhan,-,-,-,-,-,-,23.10000000,69.02500000,,10-11-2022 06:00,5.47
6572,6572,Vinjhan1,CGWB,24,Gujarat,449,Kachchh,ABDASA,ABDASA,Vinjhan,-,-,-,-,-,-,23.10000000,69.02500000,,30-05-2023 10:00,7.26
6573,6573,Viramgam2,CGWB,24,Gujarat,438,Ahmedabad,VIRAMGAM,VIRAMGAM,Viramgam,-,-,-,-,-,-,23.14166667,72.03333333,,10-01-2021 00:00,2.2
6574,6574,Viramgam2,CGWB,24,Gujarat,438,Ahmedabad,VIRAMGAM,VIRAMGAM,Viramgam,-,-,-,-,-,-,23.14166667,72.03333333,,31-08-2021 06:00,3
6575,6575,Viramgam2,CGWB,24,Gujarat,438,Ahmedabad,VIRAMGAM,VIRAMGAM,Viramgam,-,-,-,-,-,-,23.14166667,72.03333333,,30-11-2021 06:00,2.25
6576,6576,Viramgam2,CGWB,24,Gujarat,438,Ahmedabad,VIRAMGAM,VIRAMGAM,Viramgam,-,-,-,-,-,-,23.14166667,72.03333333,,30-01-2022 07:00,1.84
6577,6577,Viramgam2,CGWB,24,Gujarat,438,Ahmedabad,VIRAMGAM,VIRAMGAM,Viramgam,-,-,-,-,-,-,23.14166667,72.03333333,,30-05-2022 06:00,3.3
6578,6578,Viramgam2,CGWB,24,Gujarat,438,Ahmedabad,VIRAMGAM,VIRAMGAM,Viramgam,-,-,-,-,-,-,23.14166667,72.03333333,,30-08-2022 06:00,2.08
6579,6579,Viramgam2,CGWB,24,Gujarat,438,Ahmedabad,VIRAMGAM,VIRAMGAM,Viramgam,-,-,-,-,-,-,23.14166667,72.03333333,,10-11-2022 06:00,2.26
6580,6580,Viramgam2,CGWB,24,Gujarat,438,Ahmedabad,VIRAMGAM,VIRAMGAM,Viramgam,-,-,-,-,-,-,23.14166667,72.03333333,,01-01-2023 00:00,3.46
6581,6581,Viramgam2,CGWB,24,Gujarat,438,Ahmedabad,VIRAMGAM,VIRAMGAM,Viramgam,-,-,-,-,-,-,23.14166667,72.03333333,,10-01-2023 18:00,2.66
6582,6582,Viramgam2,CGWB,24,Gujarat,438,Ahmedabad,VIRAMGAM,VIRAMGAM,Viramgam,-,-,-,-,-,-,23.14166667,72.03333333,,30-05-2023 10:00,3.24
6583,6583,Viranagar,CGWB,24,Gujarat,457,Rajkot,JASDAN,JASDAN,Viranagar,-,-,-,-,-,-,22.02500000,71.12500000,,30-05-2022 06:00,7.61
6584,6584,Viranagar,CGWB,24,Gujarat,457,Rajkot,JASDAN,JASDAN,Viranagar,-,-,-,-,-,-,22.02500000,71.12500000,,10-11-2022 06:00,5.65
6585,6585,Viranagar,CGWB,24,Gujarat,457,Rajkot,JASDAN,JASDAN,Viranagar,-,-,-,-,-,-,22.02500000,71.12500000,,30-05-2023 10:00,14.79
6586,6586,Virpur,CGWB,24,Gujarat,439,Amreli,DHARI,DHARI,Virpur,-,-,-,-,-,-,21.25416667,71.15000000,,31-08-2021 06:00,6.56
6587,6587,Virpur,CGWB,24,Gujarat,439,Amreli,DHARI,DHARI,Virpur,-,-,-,-,-,-,21.25416667,71.15000000,,30-11-2021 06:00,6.4
6588,6588,Virpur,CGWB,24,Gujarat,439,Amreli,DHARI,DHARI,Virpur,-,-,-,-,-,-,21.25416667,71.15000000,,30-01-2022 07:00,7.65
6589,6589,Virpur,CGWB,24,Gujarat,439,Amreli,DHARI,DHARI,Virpur,-,-,-,-,-,-,21.25416667,71.15000000,,30-08-2022 06:00,3.47
6590,6590,Virpur,CGWB,24,Gujarat,439,Amreli,DHARI,DHARI,Virpur,-,-,-,-,-,-,21.25416667,71.15000000,,10-11-2022 06:00,6.15
6591,6591,Virpur1,CGWB,24,Gujarat,457,Rajkot,JETPUR,JETPUR,Virpur,-,-,-,-,-,-,21.85000000,70.69583333,,10-01-2021 00:00,8.95
6592,6592,Virpur1,CGWB,24,Gujarat,457,Rajkot,JETPUR,JETPUR,Virpur,-,-,-,-,-,-,21.85000000,70.69583333,,31-08-2021 06:00,3.13
6593,6593,Virpur1,CGWB,24,Gujarat,457,Rajkot,JETPUR,JETPUR,Virpur,-,-,-,-,-,-,21.85000000,70.69583333,,30-11-2021 06:00,3.55
6594,6594,Virpur1,CGWB,24,Gujarat,457,Rajkot,JETPUR,JETPUR,Virpur,-,-,-,-,-,-,21.85000000,70.69583333,,30-01-2022 07:00,7.42
6595,6595,Virpur1,CGWB,24,Gujarat,457,Rajkot,JETPUR,JETPUR,Virpur,-,-,-,-,-,-,21.85000000,70.69583333,,30-05-2022 06:00,14.63
6596,6596,Virpur1,CGWB,24,Gujarat,457,Rajkot,JETPUR,JETPUR,Virpur,-,-,-,-,-,-,21.85000000,70.69583333,,30-08-2022 06:00,5.33
6597,6597,Virpur1,CGWB,24,Gujarat,457,Rajkot,JETPUR,JETPUR,Virpur,-,-,-,-,-,-,21.85000000,70.69583333,,10-11-2022 06:00,7.9
6598,6598,Virpur1,CGWB,24,Gujarat,457,Rajkot,JETPUR,JETPUR,Virpur,-,-,-,-,-,-,21.85000000,70.69583333,,30-05-2023 10:00,12.83
6599,6599,Virpur_1(Himmat),CGWB,24,Gujarat,458,Sabarkantha,HIMATNAGAR,HIMATNAGAR,Virpur,-,-,-,-,-,-,23.65166667,72.95388889,,10-01-2021 00:00,13.65
6600,6600,Virpur_1(Himmat),CGWB,24,Gujarat,458,Sabarkantha,HIMATNAGAR,HIMATNAGAR,Virpur,-,-,-,-,-,-,23.65166667,72.95388889,,30-01-2022 07:00,11.86
6601,6601,Virpur_1(Himmat),CGWB,24,Gujarat,458,Sabarkantha,HIMATNAGAR,HIMATNAGAR,Virpur,-,-,-,-,-,-,23.65166667,72.95388889,,30-05-2022 06:00,13.35
6602,6602,Virpur_1(Himmat),CGWB,24,Gujarat,458,Sabarkantha,HIMATNAGAR,HIMATNAGAR,Virpur,-,-,-,-,-,-,23.65166667,72.95388889,,30-08-2022 06:00,1.76
6603,6603,Virpur_1(Himmat),CGWB,24,Gujarat,458,Sabarkantha,HIMATNAGAR,HIMATNAGAR,Virpur,-,-,-,-,-,-,23.65166667,72.95388889,,10-11-2022 06:00,8.18
6604,6604,Virpur_1(Himmat),CGWB,24,Gujarat,458,Sabarkantha,HIMATNAGAR,HIMATNAGAR,Virpur,-,-,-,-,-,-,23.65166667,72.95388889,,10-01-2023 18:00,8.34
6605,6605,Virpur (Himmat),CGWB,24,Gujarat,458,Sabarkantha,HIMATNAGAR,HIMATNAGAR,Virpur,-,-,-,-,-,-,23.65416667,72.95833333,,31-08-2021 06:00,12.5
6606,6606,Virpur (Himmat),CGWB,24,Gujarat,458,Sabarkantha,HIMATNAGAR,HIMATNAGAR,Virpur,-,-,-,-,-,-,23.65416667,72.95833333,,30-11-2021 06:00,9.35
6607,6607,Virpur (Idar),CGWB,24,Gujarat,458,Sabarkantha,IDAR,IDAR,Virpur,-,-,-,-,-,-,23.78333333,72.93333333,,10-01-2021 00:00,19.25
6608,6608,Virpur (Idar),CGWB,24,Gujarat,458,Sabarkantha,IDAR,IDAR,Virpur,-,-,-,-,-,-,23.78333333,72.93333333,,10-11-2022 06:00,12.9
6609,6609,Virpur (Idar),CGWB,24,Gujarat,458,Sabarkantha,IDAR,IDAR,Virpur,-,-,-,-,-,-,23.78333333,72.93333333,,10-01-2023 18:00,13.33
6610,6610,Virpur_Pz,CGWB,24,Gujarat,450,Kheda,VIRPUR,VIRPUR,Virpur,-,-,-,-,-,-,23.19305556,73.48527778,,10-01-2021 00:00,5.66
6611,6611,Virpur_Pz,CGWB,24,Gujarat,450,Kheda,VIRPUR,VIRPUR,Virpur,-,-,-,-,-,-,23.19305556,73.48527778,,31-08-2021 06:00,7.5
6612,6612,Virpur_Pz,CGWB,24,Gujarat,450,Kheda,VIRPUR,VIRPUR,Virpur,-,-,-,-,-,-,23.19305556,73.48527778,,10-11-2022 06:00,3.95
6613,6613,Virpur_Pz,CGWB,24,Gujarat,450,Kheda,VIRPUR,VIRPUR,Virpur,-,-,-,-,-,-,23.19305556,73.48527778,,10-01-2023 18:00,4.11
6614,6614,Visavada Mul Dwarka,CGWB,24,Gujarat,456,Porbandar,PORBANDAR,PORBANDAR,Visavada Mul Dwarka,-,-,-,-,-,-,21.78555556,69.44638889,,10-01-2021 00:00,8.4
6615,6615,Visavada Mul Dwarka,CGWB,24,Gujarat,456,Porbandar,PORBANDAR,PORBANDAR,Visavada Mul Dwarka,-,-,-,-,-,-,21.78555556,69.44638889,,31-08-2021 06:00,3.27
6616,6616,Visavada Mul Dwarka,CGWB,24,Gujarat,456,Porbandar,PORBANDAR,PORBANDAR,Visavada Mul Dwarka,-,-,-,-,-,-,21.78555556,69.44638889,,30-11-2021 06:00,4.4
6617,6617,Visavada Mul Dwarka,CGWB,24,Gujarat,456,Porbandar,PORBANDAR,PORBANDAR,Visavada Mul Dwarka,-,-,-,-,-,-,21.78555556,69.44638889,,30-01-2022 07:00,5.71
6618,6618,Visavada Mul Dwarka,CGWB,24,Gujarat,456,Porbandar,PORBANDAR,PORBANDAR,Visavada Mul Dwarka,-,-,-,-,-,-,21.78555556,69.44638889,,30-05-2022 06:00,9.42
6619,6619,Visavada Mul Dwarka,CGWB,24,Gujarat,456,Porbandar,PORBANDAR,PORBANDAR,Visavada Mul Dwarka,-,-,-,-,-,-,21.78555556,69.44638889,,30-08-2022 06:00,1.85
6620,6620,Visavada Mul Dwarka,CGWB,24,Gujarat,456,Porbandar,PORBANDAR,PORBANDAR,Visavada Mul Dwarka,-,-,-,-,-,-,21.78555556,69.44638889,,10-11-2022 06:00,7.15
6621,6621,Visavada Mul Dwarka,CGWB,24,Gujarat,456,Porbandar,PORBANDAR,PORBANDAR,Visavada Mul Dwarka,-,-,-,-,-,-,21.78555556,69.44638889,,30-05-2023 10:00,8.9
6622,6622,Visavadar,CGWB,24,Gujarat,448,Junagadh,VISAVADAR,VISAVADAR,Visavadar,-,-,-,-,-,-,21.33888889,70.74861111,,10-01-2021 00:00,8.73
6623,6623,Visavadar,CGWB,24,Gujarat,448,Junagadh,VISAVADAR,VISAVADAR,Visavadar,-,-,-,-,-,-,21.33888889,70.74861111,,31-08-2021 06:00,14.59
6624,6624,Visavadar,CGWB,24,Gujarat,448,Junagadh,VISAVADAR,VISAVADAR,Visavadar,-,-,-,-,-,-,21.33888889,70.74861111,,30-05-2022 06:00,15.46
6625,6625,Visavadar,CGWB,24,Gujarat,448,Junagadh,VISAVADAR,VISAVADAR,Visavadar,-,-,-,-,-,-,21.33888889,70.74861111,,10-11-2022 06:00,6.97
6626,6626,Visavadar,CGWB,24,Gujarat,448,Junagadh,VISAVADAR,VISAVADAR,Visavadar,-,-,-,-,-,-,21.33888889,70.74861111,,30-05-2023 10:00,15.509999
6627,6627,Visawadi,CGWB,24,Gujarat,460,Surendranagar,DASADA,DASADA,Visawadi,-,-,-,-,-,-,23.34166667,71.73333333,,10-01-2021 00:00,3.05
6628,6628,Visawadi,CGWB,24,Gujarat,460,Surendranagar,DASADA,DASADA,Visawadi,-,-,-,-,-,-,23.34166667,71.73333333,,30-05-2022 06:00,0.97
6629,6629,Visawadi,CGWB,24,Gujarat,460,Surendranagar,DASADA,DASADA,Visawadi,-,-,-,-,-,-,23.34166667,71.73333333,,10-11-2022 06:00,2.65
6630,6630,Visnagar  iv,CGWB,24,Gujarat,451,Mahesana,VISNAGAR,VISNAGAR,Visnagar  iv,-,-,-,-,-,-,23.70000000,72.53333333,,10-01-2021 00:00,3.88
6631,6631,Visnagar  iv,CGWB,24,Gujarat,451,Mahesana,VISNAGAR,VISNAGAR,Visnagar  iv,-,-,-,-,-,-,23.70000000,72.53333333,,31-08-2021 06:00,4.6
6632,6632,Visnagar  iv,CGWB,24,Gujarat,451,Mahesana,VISNAGAR,VISNAGAR,Visnagar  iv,-,-,-,-,-,-,23.70000000,72.53333333,,30-11-2021 06:00,4.98
6633,6633,Visnagar  iv,CGWB,24,Gujarat,451,Mahesana,VISNAGAR,VISNAGAR,Visnagar  iv,-,-,-,-,-,-,23.70000000,72.53333333,,30-01-2022 07:00,6.51
6634,6634,Visnagar  iv,CGWB,24,Gujarat,451,Mahesana,VISNAGAR,VISNAGAR,Visnagar  iv,-,-,-,-,-,-,23.70000000,72.53333333,,30-05-2022 06:00,7.24
6635,6635,Visnagar  iv,CGWB,24,Gujarat,451,Mahesana,VISNAGAR,VISNAGAR,Visnagar  iv,-,-,-,-,-,-,23.70000000,72.53333333,,30-08-2022 06:00,5.56
6636,6636,Visnagar  iv,CGWB,24,Gujarat,451,Mahesana,VISNAGAR,VISNAGAR,Visnagar  iv,-,-,-,-,-,-,23.70000000,72.53333333,,10-11-2022 06:00,7.43
6637,6637,Visnagar  iv,CGWB,24,Gujarat,451,Mahesana,VISNAGAR,VISNAGAR,Visnagar  iv,-,-,-,-,-,-,23.70000000,72.53333333,,30-05-2023 10:00,6.99
6638,6638,Vyara1,CGWB,24,Gujarat,459,Surat,VYARA,VYARA,Vyara,-,-,-,-,-,-,21.10833333,73.39583333,,10-01-2021 00:00,3.96
6639,6639,Vyara1,CGWB,24,Gujarat,459,Surat,VYARA,VYARA,Vyara,-,-,-,-,-,-,21.10833333,73.39583333,,31-08-2021 06:00,2.17
6640,6640,Vyara1,CGWB,24,Gujarat,459,Surat,VYARA,VYARA,Vyara,-,-,-,-,-,-,21.10833333,73.39583333,,30-11-2021 06:00,3.7
6641,6641,Vyara1,CGWB,24,Gujarat,459,Surat,VYARA,VYARA,Vyara,-,-,-,-,-,-,21.10833333,73.39583333,,30-01-2022 07:00,4.4
6642,6642,Vyara1,CGWB,24,Gujarat,459,Surat,VYARA,VYARA,Vyara,-,-,-,-,-,-,21.10833333,73.39583333,,30-05-2022 06:00,4.05
6643,6643,Vyara1,CGWB,24,Gujarat,459,Surat,VYARA,VYARA,Vyara,-,-,-,-,-,-,21.10833333,73.39583333,,30-08-2022 06:00,3.3
6644,6644,Vyara1,CGWB,24,Gujarat,459,Surat,VYARA,VYARA,Vyara,-,-,-,-,-,-,21.10833333,73.39583333,,10-11-2022 06:00,3.6
6645,6645,Vyara1,CGWB,24,Gujarat,459,Surat,VYARA,VYARA,Vyara,-,-,-,-,-,-,21.10833333,73.39583333,,30-05-2023 10:00,4.1
6646,6646,Vyas vasna,CGWB,24,Gujarat,450,Kheda,KAPADVANJ,KAPADVANJ,Vyas vasna,-,-,-,-,-,-,23.10555556,73.10416667,,10-01-2021 00:00,13.42
6647,6647,Vyas vasna,CGWB,24,Gujarat,450,Kheda,KAPADVANJ,KAPADVANJ,Vyas vasna,-,-,-,-,-,-,23.10555556,73.10416667,,31-08-2021 06:00,23.64
6648,6648,Vyas vasna,CGWB,24,Gujarat,450,Kheda,KAPADVANJ,KAPADVANJ,Vyas vasna,-,-,-,-,-,-,23.10555556,73.10416667,,30-11-2021 06:00,20.52
6649,6649,Vyas vasna,CGWB,24,Gujarat,450,Kheda,KAPADVANJ,KAPADVANJ,Vyas vasna,-,-,-,-,-,-,23.10555556,73.10416667,,30-01-2022 07:00,17
6650,6650,Vyas vasna,CGWB,24,Gujarat,450,Kheda,KAPADVANJ,KAPADVANJ,Vyas vasna,-,-,-,-,-,-,23.10555556,73.10416667,,30-05-2022 06:00,23.18
6651,6651,Vyas vasna,CGWB,24,Gujarat,450,Kheda,KAPADVANJ,KAPADVANJ,Vyas vasna,-,-,-,-,-,-,23.10555556,73.10416667,,10-11-2022 06:00,15.39
6652,6652,Vyas vasna,CGWB,24,Gujarat,450,Kheda,KAPADVANJ,KAPADVANJ,Vyas vasna,-,-,-,-,-,-,23.10555556,73.10416667,,10-01-2023 18:00,19.92
6653,6653,Vyas vasna,CGWB,24,Gujarat,450,Kheda,KAPADVANJ,KAPADVANJ,Vyas vasna,-,-,-,-,-,-,23.10555556,73.10416667,,30-05-2023 10:00,23.449999
6654,6654,Wadali,CGWB,24,Gujarat,458,Sabarkantha,VADALI,VADALI,Wadali,-,-,-,-,-,-,23.93333333,73.03333333,,10-01-2021 00:00,24.74
6655,6655,Wadali,CGWB,24,Gujarat,458,Sabarkantha,VADALI,VADALI,Wadali,-,-,-,-,-,-,23.93333333,73.03333333,,31-08-2021 06:00,25
6656,6656,Wadali,CGWB,24,Gujarat,458,Sabarkantha,VADALI,VADALI,Wadali,-,-,-,-,-,-,23.93333333,73.03333333,,30-11-2021 06:00,25.25
6657,6657,Wadali,CGWB,24,Gujarat,458,Sabarkantha,VADALI,VADALI,Wadali,-,-,-,-,-,-,23.93333333,73.03333333,,30-01-2022 07:00,29.1
6658,6658,Wadali,CGWB,24,Gujarat,458,Sabarkantha,VADALI,VADALI,Wadali,-,-,-,-,-,-,23.93333333,73.03333333,,30-05-2022 06:00,29
6659,6659,Wadali,CGWB,24,Gujarat,458,Sabarkantha,VADALI,VADALI,Wadali,-,-,-,-,-,-,23.93333333,73.03333333,,30-08-2022 06:00,11.1
6660,6660,Wadali,CGWB,24,Gujarat,458,Sabarkantha,VADALI,VADALI,Wadali,-,-,-,-,-,-,23.93333333,73.03333333,,30-05-2023 10:00,16.66
6661,6661,Wadia,CGWB,24,Gujarat,445,Dohad,LIMKHEDA,LIMKHEDA,Wadia,-,-,-,-,-,-,22.90000000,74.05000000,,10-01-2021 00:00,6.59
6662,6662,Wadia,CGWB,24,Gujarat,445,Dohad,LIMKHEDA,LIMKHEDA,Wadia,-,-,-,-,-,-,22.90000000,74.05000000,,30-11-2021 06:00,7.29
6663,6663,Wadia,CGWB,24,Gujarat,445,Dohad,LIMKHEDA,LIMKHEDA,Wadia,-,-,-,-,-,-,22.90000000,74.05000000,,30-01-2022 07:00,5.24
6664,6664,Wadia,CGWB,24,Gujarat,445,Dohad,LIMKHEDA,LIMKHEDA,Wadia,-,-,-,-,-,-,22.90000000,74.05000000,,30-08-2022 06:00,3.94
6665,6665,Wadia,CGWB,24,Gujarat,445,Dohad,LIMKHEDA,LIMKHEDA,Wadia,-,-,-,-,-,-,22.90000000,74.05000000,,10-11-2022 06:00,5.09
6666,6666,Wadia,CGWB,24,Gujarat,445,Dohad,LIMKHEDA,LIMKHEDA,Wadia,-,-,-,-,-,-,22.90000000,74.05000000,,10-01-2023 18:00,5.32
6667,6667,Wadia,CGWB,24,Gujarat,445,Dohad,LIMKHEDA,LIMKHEDA,Wadia,-,-,-,-,-,-,22.90000000,74.05000000,,30-05-2023 10:00,
6668,6668,Wadia Pz,CGWB,24,Gujarat,443,Bhavnagar,SIHOR,SIHOR,Wadia,-,-,-,-,-,-,21.77750000,71.93333333,,10-11-2022 06:00,50.58
6669,6669,Wadia Pz,CGWB,24,Gujarat,443,Bhavnagar,SIHOR,SIHOR,Wadia,-,-,-,-,-,-,21.77750000,71.93333333,,30-05-2023 10:00,49.27
6670,6670,Wadoli,CGWB,24,Gujarat,459,Surat,OLPAD,OLPAD,Wadoli,-,-,-,-,-,-,21.42500000,72.82916667,,31-08-2021 06:00,2.6
6671,6671,Wadoli,CGWB,24,Gujarat,459,Surat,OLPAD,OLPAD,Wadoli,-,-,-,-,-,-,21.42500000,72.82916667,,30-11-2021 06:00,3.45
6672,6672,Wadoli,CGWB,24,Gujarat,459,Surat,OLPAD,OLPAD,Wadoli,-,-,-,-,-,-,21.42500000,72.82916667,,30-01-2022 07:00,2.95
6673,6673,Wadoli,CGWB,24,Gujarat,459,Surat,OLPAD,OLPAD,Wadoli,-,-,-,-,-,-,21.42500000,72.82916667,,30-08-2022 06:00,4.65
6674,6674,Wadoli,CGWB,24,Gujarat,459,Surat,OLPAD,OLPAD,Wadoli,-,-,-,-,-,-,21.42500000,72.82916667,,10-11-2022 06:00,5.43
6675,6675,Wadoli,CGWB,24,Gujarat,459,Surat,OLPAD,OLPAD,Wadoli,-,-,-,-,-,-,21.42500000,72.82916667,,30-08-2023 18:00,1.1
6676,6676,Waliampura Pz,CGWB,24,Gujarat,458,Sabarkantha,TALOD,TALOD,Waliampura,-,-,-,-,-,-,23.35111111,72.97083333,,10-01-2021 00:00,37.57
6677,6677,Waliampura Pz,CGWB,24,Gujarat,458,Sabarkantha,TALOD,TALOD,Waliampura,-,-,-,-,-,-,23.35111111,72.97083333,,31-08-2021 06:00,39.2
6678,6678,Waliampura Pz,CGWB,24,Gujarat,458,Sabarkantha,TALOD,TALOD,Waliampura,-,-,-,-,-,-,23.35111111,72.97083333,,30-11-2021 06:00,38.35
6679,6679,Waliampura Pz,CGWB,24,Gujarat,458,Sabarkantha,TALOD,TALOD,Waliampura,-,-,-,-,-,-,23.35111111,72.97083333,,30-01-2022 07:00,35.4
6680,6680,Waliampura Pz,CGWB,24,Gujarat,458,Sabarkantha,TALOD,TALOD,Waliampura,-,-,-,-,-,-,23.35111111,72.97083333,,30-05-2022 06:00,39.7
6681,6681,Waliampura Pz,CGWB,24,Gujarat,458,Sabarkantha,TALOD,TALOD,Waliampura,-,-,-,-,-,-,23.35111111,72.97083333,,30-08-2022 06:00,37.56
6682,6682,Waliampura Pz,CGWB,24,Gujarat,458,Sabarkantha,TALOD,TALOD,Waliampura,-,-,-,-,-,-,23.35111111,72.97083333,,10-11-2022 06:00,37.44
6683,6683,Waliampura Pz,CGWB,24,Gujarat,458,Sabarkantha,TALOD,TALOD,Waliampura,-,-,-,-,-,-,23.35111111,72.97083333,,10-01-2023 18:00,42.34
6684,6684,Walmi_ I,CGWB,24,Gujarat,440,Anand,ANAND,ANAND,Anand_ I,-,-,-,-,-,-,22.51111111,72.98194444,,10-01-2021 00:00,21.4
6685,6685,Walmi_ I,CGWB,24,Gujarat,440,Anand,ANAND,ANAND,Anand_ I,-,-,-,-,-,-,22.51111111,72.98194444,,31-08-2021 06:00,22.78
6686,6686,Walmi_ I,CGWB,24,Gujarat,440,Anand,ANAND,ANAND,Anand_ I,-,-,-,-,-,-,22.51111111,72.98194444,,30-11-2021 06:00,22.45
6687,6687,Walmi_ I,CGWB,24,Gujarat,440,Anand,ANAND,ANAND,Anand_ I,-,-,-,-,-,-,22.51111111,72.98194444,,30-01-2022 07:00,20.98
6688,6688,Walmi_ I,CGWB,24,Gujarat,440,Anand,ANAND,ANAND,Anand_ I,-,-,-,-,-,-,22.51111111,72.98194444,,30-05-2022 06:00,23
6689,6689,Walmi_ I,CGWB,24,Gujarat,440,Anand,ANAND,ANAND,Anand_ I,-,-,-,-,-,-,22.51111111,72.98194444,,30-08-2022 06:00,22.25
6690,6690,Walmi_ I,CGWB,24,Gujarat,440,Anand,ANAND,ANAND,Anand_ I,-,-,-,-,-,-,22.51111111,72.98194444,,10-11-2022 06:00,21.43
6691,6691,Walmi_ I,CGWB,24,Gujarat,440,Anand,ANAND,ANAND,Anand_ I,-,-,-,-,-,-,22.51111111,72.98194444,,01-01-2023 00:00,23.15
6692,6692,Walmi_ I,CGWB,24,Gujarat,440,Anand,ANAND,ANAND,Anand_ I,-,-,-,-,-,-,22.51111111,72.98194444,,30-05-2023 10:00,23.550001
6693,6693,Walmi_ II,CGWB,24,Gujarat,440,Anand,ANAND,ANAND,Anand_ I,-,-,-,-,-,-,22.50833333,72.98222222,,10-01-2021 00:00,21.82
6694,6694,Walmi_ II,CGWB,24,Gujarat,440,Anand,ANAND,ANAND,Anand_ I,-,-,-,-,-,-,22.50833333,72.98222222,,31-08-2021 06:00,22.48
6695,6695,Walmi_ II,CGWB,24,Gujarat,440,Anand,ANAND,ANAND,Anand_ I,-,-,-,-,-,-,22.50833333,72.98222222,,30-11-2021 06:00,22.22
6696,6696,Walmi_ II,CGWB,24,Gujarat,440,Anand,ANAND,ANAND,Anand_ I,-,-,-,-,-,-,22.50833333,72.98222222,,30-01-2022 07:00,26.04
6697,6697,Walmi_ II,CGWB,24,Gujarat,440,Anand,ANAND,ANAND,Anand_ I,-,-,-,-,-,-,22.50833333,72.98222222,,30-05-2022 06:00,23.67
6698,6698,Walmi_ II,CGWB,24,Gujarat,440,Anand,ANAND,ANAND,Anand_ I,-,-,-,-,-,-,22.50833333,72.98222222,,30-08-2022 06:00,22.69
6699,6699,Walmi_ II,CGWB,24,Gujarat,440,Anand,ANAND,ANAND,Anand_ I,-,-,-,-,-,-,22.50833333,72.98222222,,10-11-2022 06:00,21.67
6700,6700,Walmi_ II,CGWB,24,Gujarat,440,Anand,ANAND,ANAND,Anand_ I,-,-,-,-,-,-,22.50833333,72.98222222,,01-01-2023 00:00,23.01
6701,6701,Walmi_ II,CGWB,24,Gujarat,440,Anand,ANAND,ANAND,Anand_ I,-,-,-,-,-,-,22.50833333,72.98222222,,30-05-2023 10:00,23.22
6702,6702,Warkund,CGWB,24,Gujarat,441,DAMAN,DAMAN,DAMAN,Warkund,-,-,-,-,-,-,20.40805556,72.85972222,,10-01-2021 00:00,2.94
6703,6703,Warkund,CGWB,24,Gujarat,441,DAMAN,DAMAN,DAMAN,Warkund,-,-,-,-,-,-,20.40805556,72.85972222,,30-05-2022 06:00,4.6
6704,6704,Warod,CGWB,24,Gujarat,460,Surendranagar,WADHWAN,WADHWAN,Warod,-,-,-,-,-,-,22.55833333,71.65416667,,30-05-2022 06:00,4
